time,Velocity,Position
0.0,0,0
0.001,0.9514666666666667,0.0004837083333333334
0.002,1.8114839868444443,0.0018724715106927085
0.003,2.587936166315975,0.004078840744635317
0.004,3.28803664591462,0.007022911106420903
0.005,3.9183850692980067,0.010631679666494032
0.006,4.485019413579957,0.014838458148376761
0.007,4.993463693530783,0.019582335467224116
0.008,5.448771615183668,0.02480768591731058
0.009000000000000001,5.855566522773508,0.03046371913236175
0.010000000000000002,6.2180779537327595,0.03650406827175467
0.011000000000000003,6.540175089746431,0.04288641318677598
0.012000000000000004,6.825397367414877,0.0495721355967215
0.013000000000000005,7.076982489695886,0.056526003556815245
0.014000000000000005,7.2978920588203104,0.06371588273070743
0.015000000000000006,7.490835032636959,0.07111247219149712
0.016000000000000007,7.658289189194946,0.07868906266848047
0.017000000000000008,7.80252076868015,0.08642131533367156
0.01800000000000001,7.925602447463168,0.09428705938397391
0.01900000000000001,8.029429785876143,0.10226610682297069
0.02000000000000001,8.115736279311475,0.11034008298181781
0.02100000000000001,8.186107131232047,0.11849227144273437
0.022000000000000013,8.241991856613438,0.12670747214206485
0.023000000000000013,8.284715815124446,0.13497187153373327
0.024000000000000014,8.31549076492037,0.14327292378893722
0.025000000000000015,8.335424520207617,0.15159924209488904
0.026000000000000016,8.345529788677418,0.1599404991949876
0.027000000000000017,8.346732258445135,0.1682873363856231
0.028000000000000018,8.339877998219055,0.17663128025145416
0.02900000000000002,8.325740229011867,0.18496466648197468
0.03000000000000002,8.305025520756827,0.19328057016798894
0.03100000000000002,8.278379462659778,0.2015727420276767
0.03200000000000002,8.246391851972058,0.2098355500586571
0.03300000000000002,8.209601442075215,0.21806392615522047
0.03400000000000002,8.168500287296535,0.2262533172690263
0.035000000000000024,8.12353771869719,0.23439964072737204
0.036000000000000025,8.075123982167463,0.24249924335590495
0.037000000000000026,8.02363356750293,0.25054886408263294
0.03800000000000003,7.969408254700881,0.2585455997275291
0.03900000000000003,7.912759901488321,0.26648687370713364
0.04000000000000003,7.853972994054149,0.2743704074065336
0.04100000000000003,7.793306981092475,0.2821941939921271
0.04200000000000003,7.730998409556775,0.28995647445781825
0.04300000000000003,7.667262878962324,0.2976557157148987
0.04400000000000003,7.602296829644708,0.30529059055197977
0.04500000000000003,7.53627917907395,0.31285995930608745
0.046000000000000034,7.469372819126651,0.320362853099521
0.047000000000000035,7.4017259861230045,0.3277984585094247
0.048000000000000036,7.33347351443305,0.3351661035483197
0.04900000000000004,7.264737983539141,0.3424652448441818
0.05000000000000004,7.195630767602139,0.34969545591811163
0.05100000000000004,7.126252995810589,0.35685641646630306
0.05200000000000004,7.05669643108921,0.3639479025609354
0.05300000000000004,6.987044274099676,0.37096977769186784
0.05400000000000004,6.917371898878033,0.37792198457764686
0.05500000000000004,6.847747525914386,0.3848045376804093
0.05600000000000004,6.7782328379875505,0.3916175163648188
0.057000000000000044,6.70888354361624,0.3983610586462577
0.058000000000000045,6.639749892575598,0.40503535547814773
0.059000000000000045,6.570877147550108,0.41164064553253094
0.060000000000000046,6.5023060156482755,0.4181772104319372
0.06100000000000005,6.434073043188101,0.42464537039413
0.06200000000000005,6.366210976872964,0.4310454802545843
0.06300000000000004,6.2987490942125905,0.4373779258345349
0.06400000000000004,6.231713505801431,0.44364312062516614
0.06500000000000004,6.165127431844917,0.4498415027610136
0.06600000000000004,6.099011455121122,0.45597353225793497
0.06700000000000005,6.033383752379577,0.4620396884931016
0.06800000000000005,5.968260306009041,0.46804046790637754
0.06900000000000005,5.903655097650461,0.4739763819042047
0.07000000000000005,5.839580285289031,0.47984795494871896
0.07100000000000005,5.776046365229027,0.485655722816287
0.07200000000000005,5.713062320235851,0.49140023101099967
0.07300000000000005,5.650635755020727,0.49708203331988476
0.07400000000000005,5.588773020143594,0.5027016904977281
0.07500000000000005,5.527479325318475,0.5082597690704195
0.07600000000000005,5.466758843021987,0.5137568402466851
0.07700000000000005,5.406614803229182,0.5191934789289248
0.07800000000000006,5.347049580030917,0.524570262814667
0.07900000000000006,5.288064770822906,0.5298877715808714
0.08000000000000006,5.22966126869801,0.5351465861439719
0.08100000000000006,5.171839328619659,0.5403472879891564
0.08200000000000006,5.114598627905263,0.5454904585629327
0.08300000000000006,5.057938321503519,0.5505766787235362
0.08400000000000006,5.0018570925084465,0.5556065282441985
0.08500000000000006,4.946353198315374,0.5605805853647178
0.08600000000000006,4.891424512789675,0.5654994263871624
0.08700000000000006,4.837068564787567,0.5703636253118927
0.08800000000000006,4.783282573339465,0.575173753510409
0.08900000000000007,4.73006347978001,0.5799303794318348
0.09000000000000007,4.6774079770847665,0.5846340683401118
0.09100000000000007,4.625312536651487,0.5892853820792353
0.09200000000000007,4.573773432743647,0.5938848788640847
0.09300000000000007,4.522786764795454,0.598433113094612
0.09400000000000007,4.472348477760607,0.6029306351913429
0.09500000000000007,4.422454380671625,0.6073779914503189
0.09600000000000007,4.373100163562341,0.6117757239157675
0.09700000000000007,4.324281412893257,0.6161243702689359
0.09800000000000007,4.275993625607528,0.6204244637316545
0.09900000000000007,4.228232221934526,0.6246765329833217
0.10000000000000007,4.18099255704798,0.6288811020901098
0.10100000000000008,4.134269931676603,0.6330386904452989
0.10200000000000008,4.088059601756791,0.637149812719734
0.10300000000000008,4.0423567872093695,0.6412149788214913
0.10400000000000008,3.9971566799153875,0.645234693863914
0.10500000000000008,3.9524544509596056,0.6492094581412531
0.10600000000000008,3.908245257204455,0.653139767111211
0.10700000000000008,3.8645242472519414,0.6570261113837494
0.10800000000000008,3.8212865668460543,0.6608689767155742
0.10900000000000008,3.778527363763792,0.6646688440097639
0.11000000000000008,3.736241792238809,0.6684261893200518
0.11100000000000008,3.6944250169579544,0.6721414838593149
0.11200000000000009,3.653072216667541,0.6758151940118614
0.11300000000000009,3.612178587423057,0.6794477813491432
0.11400000000000009,3.571739345513155,0.6830397026485532
0.11500000000000009,3.531749730086134,0.6865914099149955
0.11600000000000009,3.492205005504727,0.6901033504049437
0.11700000000000009,3.453100463452809,0.6935759666527291
0.11800000000000009,3.4144314248156267,0.6970096964988194
0.11900000000000009,3.376193241353314,0.7004049731198734
0.12000000000000009,3.3383812971857756,0.7037622250603734
0.1210000000000001,3.30099101010547,0.7070818762656556
0.1220000000000001,3.2640178327332263,0.7103643461161719
0.1230000000000001,3.2274572535309267,0.7136100494628372
0.1240000000000001,3.19130479768372,0.7168193966633212
0.12500000000000008,3.1555560278633323,0.7199927936191629
0.12600000000000008,3.120206544883072,0.7231306418135938
0.12700000000000009,3.0852519882542087,0.7262333383499646
0.12800000000000009,3.0506880366525833,0.7293012759906845
0.1290000000000001,3.0165104083035463,0.7323348431965843
0.1300000000000001,2.982714861292632,0.735334424166627
0.1310000000000001,2.949297193808738,0.7383003988778952
0.1320000000000001,2.916253244326006,0.7412331431257906
0.1330000000000001,2.8835788917300578,0.7441330285643858
0.1340000000000001,2.851270055393767,0.7470004227468787
0.1350000000000001,2.819322695207293,0.7498356891660979
0.1360000000000001,2.787732811566706,0.7526391872950174
0.1370000000000001,2.756496445325145,0.7554112726272416
0.1380000000000001,2.725609677710135,0.7581522967174232
0.1390000000000001,2.695068630210348,0.7608626072215838
0.1400000000000001,2.664869464434833,0.7635425479373065
0.1410000000000001,2.6350083819474652,0.7661924588437755
0.1420000000000001,2.6054816240791285,0.7688126761416393
0.1430000000000001,2.576285471719934,0.7714035322926744
0.1440000000000001,2.5474162450935682,0.7739653560592342
0.1450000000000001,2.5188703035156856,0.776498472543462
0.1460000000000001,2.4906440451380973,0.7790032032262573
0.1470000000000001,2.4627339066803478,0.7814798660059774
0.1480000000000001,2.435136363150137,0.7839287752368675
0.1490000000000001,2.407847927553915,0.7863502417672042
0.1500000000000001,2.3808651505988587,0.7887445729771461
0.1510000000000001,2.3541846203873367,0.791112072816282
0.1520000000000001,2.3278029621048644,0.7934530418408714
0.1530000000000001,2.301716837702471,0.7957677772507683
0.1540000000000001,2.275922945574305,0.7980565729260266
0.1550000000000001,2.2504180202312463,0.8003197194631799
0.1560000000000001,2.2251988319712077,0.802557504211194
0.1570000000000001,2.2002621865467615,0.8047702113070874
0.1580000000000001,2.175604924830658,0.8069581217112194
0.1590000000000001,2.151223922479754,0.8091215132422422
0.16000000000000011,2.127116089597825,0.8112606606117164
0.16100000000000012,2.1032783703976903,0.8133758354583891
0.16200000000000012,2.0797077428630284,0.8154673063821336
0.16300000000000012,2.056401218410246,0.8175353389775517
0.16400000000000012,2.0333558415507094,0.8195801958672372
0.16500000000000012,2.010568689553627,0.8216021367347021
0.16600000000000012,1.988036872109844,0.8236014183569663
0.16700000000000012,1.9657575309967776,0.825578294636812
0.16800000000000012,1.9437278397447098,0.8275330166347028
0.16900000000000012,1.921945003304618,0.8294658326003705
0.17000000000000012,1.9004062577177219,0.8313769880040707
0.17100000000000012,1.8791088697868896,0.833266725567508
0.17200000000000013,1.8580501367500448,0.8351352852944349
0.17300000000000013,1.8372273859556918,0.8369829045009237
0.17400000000000013,1.816637974540667,0.8388098178453164
0.17500000000000013,1.7962792891102124,0.8406162573578524
0.17600000000000013,1.7761487454204514,0.8424024524699784
0.17700000000000013,1.7562437880633455,0.8441686300433409
0.17800000000000013,1.73656189015419,0.8459150143984663
0.17900000000000013,1.7171005530217085,0.8476418273431287
0.18000000000000013,1.697857305900793,0.8493492882004092
0.18100000000000013,1.6788297056279278,0.8510376138364504
0.18200000000000013,1.6600153363393348,0.8527070186879057
0.18300000000000013,1.6414118091718672,0.8543577147890902
0.18400000000000014,1.6230167619666735,0.8559899117988324
0.18500000000000014,1.6048278589756524,0.8576038170270319
0.18600000000000014,1.5868427905707103,0.8591996354609241
0.18700000000000014,1.5690592729558328,0.8607775697910565
0.18800000000000014,1.5514750478819754,0.8623378204369772
0.18900000000000014,1.5340878823647766,0.8638805855726414
0.19000000000000014,1.5168955684050947,0.8654060611515356
0.19100000000000014,1.499895922712363,0.8669144409315246
0.19200000000000014,1.4830867864307606,0.8684059164994223
0.19300000000000014,1.4664660248681918,0.8698806772952916
0.19400000000000014,1.4500315272280604,0.8713389106364728
0.19500000000000015,1.4337812063438355,0.872780801741347
0.19600000000000015,1.4177129984163885,0.874206533752834
0.19700000000000015,1.401824862754092,0.8756162877616298
0.19800000000000015,1.3861147815156625,0.8770102428291855
0.19900000000000015,1.3705807594557342,0.8783885760104297
0.20000000000000015,1.3552208236731407,0.8797514623762388
0.20100000000000015,1.3400330233618907,0.8810990750356561
0.20200000000000015,1.3250154295648169,0.8824315851578638
0.20300000000000015,1.3101661349298785,0.8837491619939096
0.20400000000000015,1.295483253469095,0.8850519728981915
0.20500000000000015,1.2809649203200928,0.8863401833497015
0.20600000000000016,1.2666092915102412,0.8876139569730344
0.20700000000000016,1.252414543723356,0.8888734555591591
0.20800000000000016,1.2383788740689496,0.890118839085961
0.20900000000000016,1.2245004998540026,0.8913502657385522
0.21000000000000016,1.2107776583572356,0.8925678919293567
0.21100000000000016,1.1972086066058594,0.8937718723179697
0.21200000000000016,1.1837916211547759,0.8949623598307959
0.21300000000000016,1.1705249978682122,0.8961395056804674
0.21400000000000016,1.1574070517037587,0.8973034593850455
0.21500000000000016,1.1444361164987926,0.8984543687870066
0.21600000000000016,1.1316105447592588,0.8995923800720159
0.21700000000000016,1.1189287074507892,0.9007176377874921
0.21800000000000017,1.1063889937921325,0.9018302848609632
0.21900000000000017,1.093989811050874,0.902930462618217
0.22000000000000017,1.08172958434142,0.9040183108012492
0.22100000000000017,1.0696067564252274,0.90509396758601
0.22200000000000017,1.057619787513247,0.9061575695999523
0.22300000000000017,1.0457671550705667,0.907209251939383
0.22400000000000017,1.034047353623227,0.9082491481866206
0.22500000000000017,1.0224588945671838,0.9092773904269605
0.22600000000000017,1.0110003059793997,0.9102941092654503
0.22700000000000017,0.9996701324310412,0.9112994338434769
0.22800000000000017,0.9884669348027543,0.9122934918551686
0.22900000000000018,0.9773892901020018,0.9132764095636128
0.23000000000000018,0.9664357912824382,0.9142483118168925
0.23100000000000018,0.9556050470652976,0.9152093220639429
0.23200000000000018,0.9448956817627776,0.9161595623702307
0.23300000000000018,0.9343063351033937,0.9170991534332571
0.23400000000000018,0.9238356620592841,0.9180282145978882
0.23500000000000018,0.9134823326754442,0.9189468638715127
0.23600000000000018,0.903245031900868,0.9198552179390305
0.23700000000000018,0.8931224594215782,0.9207533921776725
0.23800000000000018,0.8831133294955209,0.9216415006716555
0.23900000000000018,0.8732163707893078,0.9225196562266721
0.24000000000000019,0.863430326216783,0.9233879703842185
0.2410000000000002,0.8537539527793953,0.9242465534357617
0.2420000000000002,0.8441860214083566,0.925095514436748
0.2430000000000002,0.8347253168085663,0.9259349612204549
0.2440000000000002,0.8253706373042805,0.9267650004116874
0.2450000000000002,0.8161207946865096,0.9275857374403204
0.2460000000000002,0.8069746140621238,0.9283972765546904
0.2470000000000002,0.7979309337046465,0.9291997208348366
0.2480000000000002,0.7889886049067184,0.9299931722055933
0.2490000000000002,0.7801464918342136,0.9307777314495362
0.25000000000000017,0.7714034713819878,0.9315534982197835
0.25100000000000017,0.7627584330312432,0.932320571052653
0.25200000000000017,0.7542102787084888,0.9330790473801782
0.25300000000000017,0.7457579226460812,0.9338290235424835
0.25400000000000017,0.7374002912443272,0.9345705948000211
0.25500000000000017,0.7291363229351295,0.9353038553456707
0.25600000000000017,0.7209649680471611,0.9360288983167032
0.2570000000000002,0.7128851886725489,0.9367458158066112
0.2580000000000002,0.7048959585350503,0.9374546988768061
0.2590000000000002,0.6969962628597072,0.9381556375681844
0.2600000000000002,0.6891850982439596,0.9388487209125647
0.2610000000000002,0.6814614725302031,0.9395340369439957
0.2620000000000002,0.6738244046797738,0.940211672709939
0.2630000000000002,0.6662729246483453,0.9408817142823246
0.2640000000000002,0.6588060732627216,0.941544246768484
0.2650000000000002,0.6514229020990098,0.9421993543219604
0.2660000000000002,0.6441224733621586,0.9428471201531974
0.2670000000000002,0.6369038597668456,0.9434876265401083
0.2680000000000002,0.6297661444196997,0.9441209548385268
0.2690000000000002,0.6227084207028427,0.9447471854925406
0.2700000000000002,0.6157297921587362,0.9453663980447093
0.2710000000000002,0.6088293723763182,0.9459786711461677
0.2720000000000002,0.6020062848784159,0.9465840825666157
0.2730000000000002,0.5952596630104201,0.9471827092041966
0.2740000000000002,0.5885886498302071,0.9477746270952643
0.2750000000000002,0.5819923979992933,0.9483599114240415
0.2760000000000002,0.5754700696752102,0.9489386365321695
0.2770000000000002,0.5690208364050856,0.9495108759281505
0.2780000000000002,0.562643879020416,0.9500767022966851
0.2790000000000002,0.5563383875330197,0.9506361875079036
0.2800000000000002,0.550103561032155,0.9511894026264959
0.2810000000000002,0.5439386075827913,0.9517364179207372
0.2820000000000002,0.5378427441250204,0.9522773028714135
0.2830000000000002,0.5318151963745947,0.9528121261806473
0.2840000000000002,0.5258551987245804,0.9533409557806232
0.2850000000000002,0.5199619941481123,0.9538638588422172
0.2860000000000002,0.5141348341022389,0.9543809017835285
0.2870000000000002,0.5083729784328445,0.9548921502783154
0.2880000000000002,0.5026756952806368,0.9553976692643374
0.2890000000000002,0.49704226098818893,0.9558975229516034
0.2900000000000002,0.4914719600080216,0.9563917748305272
0.2910000000000002,0.4859640848117173,0.9568804876799925
0.2920000000000002,0.48051793580005087,0.9573637235753264
0.2930000000000002,0.47513282121412886,0.9578415438961846
0.2940000000000002,0.46980805704752404,0.958314009334347
0.2950000000000002,0.4645429669593946,0.9587811799014273
0.2960000000000002,0.45933688218857704,0.9592431149364955
0.2970000000000002,0.4541891414686417,0.9596998731136145
0.2980000000000002,0.44909909094390044,0.9601515124492932
0.2990000000000002,0.44406608408635534,0.9605980903098557
0.3000000000000002,0.43908948161357836,0.9610396634187274
0.3010000000000002,0.43416865140751115,0.9614762878636405
0.3020000000000002,0.4293029684341748,0.9619080191037577
0.3030000000000002,0.42449181466427954,0.9623349119767165
0.3040000000000002,0.41973457899472416,0.962757020705595
0.3050000000000002,0.4150306571709748,0.9631743989057987
0.3060000000000002,0.4103794517103141,0.9635870995918709
0.3070000000000002,0.4057803718259502,0.9639951751842265
0.3080000000000002,0.40123283335197646,0.9643986775158101
0.3090000000000002,0.39673625866917167,0.96479765783868
0.3100000000000002,0.39229007663163235,0.965192166830518
0.3110000000000002,0.3878937224942271,0.9655822546010665
0.3120000000000002,0.38354663784086346,0.965967970698493
0.3130000000000002,0.37924827051355964,0.9663493641156841
0.3140000000000002,0.3749980745423103,0.9667264832964679
0.3150000000000002,0.3707955100757386,0.9670993761417679
0.3160000000000002,0.36664004331252537,0.9674680900156867
0.3170000000000002,0.36253114643360695,0.9678326717515224
0.3180000000000002,0.35846829753513265,0.9681931676577173
0.31900000000000023,0.3544509805621736,0.9685496235237396
0.32000000000000023,0.35047868524317444,0.9689020846258999
0.32100000000000023,0.34655090702513985,0.9692505957331017
0.32200000000000023,0.3426671470095471,0.9695952011125282
0.32300000000000023,0.33882691188897723,0.9699359445352647
0.32400000000000023,0.3350297138844559,0.9702728692818587
0.32500000000000023,0.3312750706834968,0.9706060181478171
0.32600000000000023,0.3275625053788395,0.9709354334490419
0.32700000000000023,0.3238915464078732,0.9712611570272051
0.32800000000000024,0.32026172749274034,0.9715832302550635
0.32900000000000024,0.31667258758111066,0.971901694041714
0.33000000000000024,0.3131236707876192,0.972216588837789
0.33100000000000024,0.3096145263359609,0.9725279546405954
0.33200000000000024,0.30614470850163383,0.9728358309991939
0.33300000000000024,0.3027137765553239,0.9731402570194233
0.33400000000000024,0.29932129470692476,0.9734412713688674
0.33500000000000024,0.29596683205018437,0.9737389122817661
0.33600000000000024,0.29264996250797215,0.9740332175638725
0.33700000000000024,0.2893702647781596,0.9743242245972543
0.33800000000000024,0.2861273222801073,0.9746119703450423
0.33900000000000025,0.28292072310175187,0.9748964913561254
0.34000000000000025,0.2797500599472853,0.9751778237697929
0.34100000000000025,0.27661493008542165,0.9754560033203248
0.34200000000000025,0.27351493529824233,0.9757310653415306
0.34300000000000025,0.27044968183061563,0.9760030447712378
0.34400000000000025,0.2674187803401828,0.976271976155729
0.34500000000000025,0.2644218458479042,0.9765378936541304
0.34600000000000025,0.26145849768916035,0.9768008310427502
0.34700000000000025,0.25852835946540065,0.9770608217193691
0.34800000000000025,0.2556310589963338,0.9773178987074826
0.34900000000000025,0.2527662282726545,0.9775720946604951
0.35000000000000026,0.24993350340929926,0.9778234418658676
0.35100000000000026,0.24713252459922672,0.9780719722492188
0.35200000000000026,0.24436293606771592,0.9783177173783808
0.35300000000000026,0.2416243860271758,0.9785607084674078
0.35400000000000026,0.23891652663246254,0.9788009763805415
0.35500000000000026,0.23623901393669675,0.9790385516361314
0.35600000000000026,0.2335915078475757,0.9792734644105107
0.35700000000000026,0.23097367208417607,0.9795057445418298
0.35800000000000026,0.22838517413423956,0.9797354215338461
0.35900000000000026,0.2258256852119385,0.9799625245596713
0.36000000000000026,0.22329488021611368,0.980187082465477
0.36100000000000027,0.22079243768898077,0.9804091237741591
0.36200000000000027,0.2183180397752995,0.98062867668896
0.36300000000000027,0.21587137218200017,0.9808457690970515
0.36400000000000027,0.21345212413826303,0.9810604285730766
0.36500000000000027,0.21105998835604442,0.9812726823826523
0.36600000000000027,0.20869466099104603,0.9814825574858326
0.36700000000000027,0.20635584160412096,0.981690080540533
0.36800000000000027,0.20404323312311248,0.9818952779059165
0.36900000000000027,0.2017565418051208,0.9820981756457416
0.3700000000000003,0.19949547719919228,0.9822987995316732
0.3710000000000003,0.19725975210942692,0.9824971750465555
0.3720000000000003,0.19504908255849934,0.9826933273876495
0.3730000000000003,0.1928631877515886,0.9828872814698326
0.3740000000000003,0.19070179004071197,0.9830790619287644
0.3750000000000003,0.1885646148894591,0.9832686931240147
0.3760000000000003,0.18645139083812046,0.9834561991421583
0.3770000000000003,0.18436184946920714,0.9836416037998343
0.3780000000000003,0.18229572537335761,0.9838249306467713
0.3790000000000003,0.18025275611562508,0.9840062029687783
0.3800000000000003,0.17823268220214408,0.9841854437907027
0.3810000000000003,0.17623524704716992,0.9843626758793551
0.3820000000000003,0.17426019694048767,0.9845379217464004
0.3830000000000003,0.17230728101518647,0.984711203651218
0.3840000000000003,0.17037625121579494,0.9848825436037285
0.3850000000000003,0.16846686226677338,0.9850519633671897
0.3860000000000003,0.1665788716413597,0.9852194844609607
0.3870000000000003,0.16471203953076416,0.9853851281632356
0.3880000000000003,0.16286612881370902,0.9855489155137459
0.3890000000000003,0.16104090502631024,0.9857108673164329
0.3900000000000003,0.15923613633229616,0.9858710041420904
0.3910000000000003,0.15745159349355994,0.9860293463309775
0.3920000000000003,0.15568704984104256,0.986185913995402
0.3930000000000003,0.1539422812459415,0.9863407270222753
0.3940000000000003,0.1522170660912425,0.986493805075638
0.3950000000000003,0.15051118524357013,0.9866451675991581
0.3960000000000003,0.14882442202535412,0.9867948338186004
0.3970000000000003,0.14715656218730688,0.9869428227442685
0.3980000000000003,0.1455073938812106,0.9870891531734194
0.3990000000000003,0.14387670763300828,0.9872338436926513
0.4000000000000003,0.142264296316197,0.9873769126802644
0.4010000000000003,0.14066995512551908,0.987518378308595
0.4020000000000003,0.13909348155094794,0.987658258546324
0.4030000000000003,0.13753467535196606,0.9877965711607594
0.4040000000000003,0.13599333853213041,0.9879333337200924
0.4050000000000003,0.13446927531392358,0.9880685635956296
0.4060000000000003,0.13296229211388647,0.988202277963999
0.4070000000000003,0.13147219751802977,0.988334493809332
0.4080000000000003,0.1299988022575207,0.9884652279254208
0.4090000000000003,0.12854191918464278,0.988594496917851
0.4100000000000003,0.12710136324902446,0.9887223172061111
0.4110000000000003,0.1256769514741345,0.9888487050256786
0.4120000000000003,0.12426850293404061,0.988973676430081
0.4130000000000003,0.12287583873042857,0.9890972472929361
0.4140000000000003,0.12149878196987918,0.9892194333099675
0.4150000000000003,0.12013715774139927,0.9893402500009985
0.4160000000000003,0.11879079309420512,0.9894597127119232
0.4170000000000003,0.11745951701575434,0.9895778366166562
0.4180000000000003,0.11614316041002437,0.9896946367190593
0.4190000000000003,0.11484155607603432,0.9898101278548478
0.4200000000000003,0.11355453868660709,0.9899243246934745
0.4210000000000003,0.11228194476737038,0.9900372417399932
0.4220000000000003,0.11102361267599194,0.9901488933369011
0.4230000000000003,0.10977938258164854,0.9902592936659608
0.4240000000000003,0.10854909644472423,0.9903684567500007
0.4250000000000003,0.1073325979967367,0.9904763964546975
0.4260000000000003,0.10612973272048828,0.9905831264903364
0.4270000000000003,0.10494034783043943,0.9906886604135527
0.4280000000000003,0.1037642922533024,0.9907930116290543
0.4290000000000003,0.102601416608852,0.9908961933913235
0.4300000000000003,0.10145157319095172,0.9909982188063012
0.4310000000000003,0.10031461594879229,0.9910991008330515
0.43200000000000033,0.09919040046834085,0.9911988522854075
0.43300000000000033,0.09807878395399752,0.9912974858335989
0.43400000000000033,0.09697962521045787,0.9913950140058616
0.43500000000000033,0.09589278462477857,0.9914914491900287
0.43600000000000033,0.09481812414864406,0.9915868036351044
0.43700000000000033,0.09375550728083198,0.9916810894528194
0.43800000000000033,0.09270479904987484,0.9917743186191694
0.43900000000000033,0.09166586599691667,0.9918665029759367
0.44000000000000034,0.0906385761587606,0.9919576542321936
0.44100000000000034,0.08962279905110776,0.9920477839657903
0.44200000000000034,0.08861840565198342,0.992136903624825
0.44300000000000034,0.08762526838534868,0.9922250245290984
0.44400000000000034,0.08664326110489595,0.9923121578715516
0.44500000000000034,0.08567225907802622,0.9923983147196871
0.44600000000000034,0.0847121389700058,0.9924835060169753
0.44700000000000034,0.0837627788283006,0.9925677425842444
0.44800000000000034,0.0828240580670857,0.9926510351210543
0.44900000000000034,0.08189585745192939,0.9927333942070565
0.45000000000000034,0.08097805908464745,0.9928148303033372
0.45100000000000035,0.08007054638832858,0.9928953537537463
0.45200000000000035,0.07917320409252666,0.9929749747862112
0.45300000000000035,0.07828591821861972,0.9930537035140362
0.45400000000000035,0.0774085760653321,0.9931315499371867
0.45500000000000035,0.07654106619441976,0.9932085239435594
0.45600000000000035,0.07568327841651554,0.9932846353102387
0.45700000000000035,0.07483510377713294,0.9933598937047379
0.45800000000000035,0.07399643454282719,0.9934343086862276
0.45900000000000035,0.073167164187511,0.9935078897067499
0.46000000000000035,0.07234718737892383,0.9935806461124186
0.46100000000000035,0.07153639996525288,0.9936525871446068
0.46200000000000035,0.07073469896190383,0.9937237219411204
0.46300000000000036,0.06994198253842021,0.9937940595373587
0.46400000000000036,0.06915815000554879,0.9938636088674625
0.46500000000000036,0.06838310180245019,0.9939323787654485
0.46600000000000036,0.06761673948405332,0.9940003779663314
0.46700000000000036,0.0668589657085505,0.9940676151072337
0.46800000000000036,0.06610968422503367,0.9941340987284824
0.46900000000000036,0.06536879986126881,0.9941998372746939
0.47000000000000036,0.06463621851160703,0.9942648390958467
0.47100000000000036,0.06391184712503178,0.9943291124483422
0.47200000000000036,0.06319559369333967,0.9943926654960529
0.47300000000000036,0.06248736723945347,0.9944555063113596
0.47400000000000037,0.06178707780586688,0.994517642876177
0.47500000000000037,0.06109463644321772,0.9945790830829672
0.47600000000000037,0.06040995519899034,0.9946398347357421
0.47700000000000037,0.05973294710634358,0.9946999055510551
0.47800000000000037,0.05906352617306483,0.994759303158981
0.47900000000000037,0.05840160737064722,0.994818035104085
0.48000000000000037,0.05774710662348944,0.9948761088463811
0.48100000000000037,0.057099940798216724,0.9949335317622799
0.4820000000000004,0.05646002769312154,0.9949903111455253
0.4830000000000004,0.055827286027722155,0.9950464542081207
0.4840000000000004,0.05520163543243894,0.9951019680812456
0.4850000000000004,0.05458299643838562,0.9951568598161611
0.4860000000000004,0.05397129046727575,0.9952111363851054
0.4870000000000004,0.05336643982144129,0.9952648046821797
0.4880000000000004,0.05276836767396398,0.9953178715242237
0.4890000000000004,0.052176998058916894,0.9953703436516813
0.4900000000000004,0.05159225586171542,0.9954222277294572
0.4910000000000004,0.051014066809576084,0.9954735303477631
0.4920000000000004,0.050442357462083,0.9955242580229549
0.4930000000000004,0.04987705520185918,0.9955744171983603
0.4940000000000004,0.04931808822534317,0.9956240142450974
0.4950000000000004,0.048765385533668555,0.9956730554628838
0.4960000000000004,0.04821887692364577,0.9957215470808367
0.4970000000000004,0.04767849297884522,0.9957694952582644
0.4980000000000004,0.047144165060780084,0.9958169060854485
0.4990000000000004,0.04661582530018772,0.9958637855844172
0.5000000000000003,0.04609340658840946,0.9959101397097108
0.5010000000000003,0.04557684256886627,0.9959559743491373
0.5020000000000003,0.0450660676286304,0.996001295324521
0.5030000000000003,0.04456101689009158,0.9960461083924415
0.5040000000000003,0.04406162620271581,0.9960904192449648
0.5050000000000003,0.04356783213489777,0.9961342335103668
0.5060000000000003,0.04307957196590345,0.9961775567538478
0.5070000000000003,0.04259678367790361,0.9962203944782395
0.5080000000000003,0.04211940594809619,0.9962627521247038
0.5090000000000003,0.04164737814091763,0.9963046350734243
0.5100000000000003,0.04118064030034081,0.9963460486442891
0.5110000000000003,0.04071913314225953,0.9963869980975673
0.5120000000000003,0.04026279804695835,0.9964274886345762
0.5130000000000003,0.03981157705166705,0.996467525398343
0.5140000000000003,0.03936541284319797,0.9965071134742572
0.5150000000000003,0.03892424875066652,0.996546257890717
0.5160000000000003,0.03848802873829273,0.9965849636197678
0.5170000000000003,0.038056697398283955,0.9966232355777337
0.5180000000000003,0.03763019994379683,0.9966610786258423
0.5190000000000003,0.03720848220197843,0.9966984975708418
0.5200000000000004,0.036791490607085434,0.9967354971656118
0.5210000000000004,0.03637917219368014,0.9967720821097666
0.5220000000000004,0.03597147458990291,0.9968082570502527
0.5230000000000004,0.03556834601082043,0.9968440265819385
0.5240000000000004,0.035169735251847495,0.9968793952481984
0.5250000000000004,0.0347755916822435,0.9969143675414894
0.5260000000000004,0.034385865238681174,0.9969489479039225
0.5270000000000004,0.03400050641888781,0.9969831407278259
0.5280000000000004,0.033619466275357515,0.9970169503563037
0.5290000000000004,0.03324269640913414,0.9970503810837872
0.5300000000000004,0.03287014896366346,0.9970834371565805
0.5310000000000004,0.03250177661871463,0.9971161227733999
0.5320000000000004,0.032137532584369854,0.9971484420859069
0.5330000000000004,0.031777370595080914,0.9971803991992358
0.5340000000000004,0.031421244903793125,0.9972119981725154
0.5350000000000004,0.031069110276133915,0.9972432430193838
0.5360000000000004,0.030720921984667793,0.997274137708499
0.5370000000000004,0.030376635803215063,0.9973046861640427
0.5380000000000004,0.030036208001234063,0.9973348922662183
0.5390000000000004,0.02969959533826688,0.9973647598517446
0.5400000000000004,0.029366755058446967,0.9973942927143424
0.5410000000000004,0.02903764488506816,0.9974234946052171
0.5420000000000004,0.028712223015215085,0.9974523692335341
0.5430000000000004,0.028390448114453196,0.997480920266891
0.5440000000000004,0.028072279311578848,0.9975091513317829
0.5450000000000004,0.027757676193427457,0.9975370660140631
0.5460000000000004,0.0274465987997408,0.9975646678593987
0.5470000000000004,0.027139007618091154,0.9975919603737209
0.5480000000000004,0.026834863578862292,0.9976189470236702
0.5490000000000004,0.02653412805028717,0.9976456312370368
0.5500000000000004,0.026236762833540928,0.997672016403196
0.5510000000000004,0.025942730157889084,0.997698105873539
0.5520000000000004,0.02565199267588975,0.997723902961898
0.5530000000000004,0.025364513458650005,0.9977494109449674
0.5540000000000004,0.025080255991135086,0.9977746330627203
0.5550000000000004,0.024799184167530602,0.9977995725188196
0.5560000000000004,0.02452126228665606,0.997824232481025
0.5570000000000004,0.0242464550474305,0.9978486160815957
0.5580000000000004,0.02397472754438849,0.9978727264176876
0.5590000000000004,0.023706045263246593,0.9978965665517476
0.5600000000000004,0.023440374076519225,0.9979201395119016
0.5610000000000004,0.023177680239184123,0.9979434482923399
0.5620000000000004,0.02291793038439585,0.9979664958536971
0.5630000000000004,0.022661091519247868,0.9979892851234283
0.5640000000000004,0.022407131020581617,0.998011818996181
0.5650000000000004,0.022156016630842927,0.9980341003341624
0.5660000000000004,0.021907716453984795,0.9980561319675036
0.5670000000000004,0.02166219895141573,0.9980779166946186
0.5680000000000004,0.021419432937994073,0.9980994572825598
0.5690000000000004,0.021179387578066766,0.9981207564673694
0.5700000000000004,0.020942032381552796,0.9981418169544275
0.5710000000000004,0.020707337200070168,0.9981626414187948
0.5720000000000004,0.020475272223106668,0.9981832325055532
0.5730000000000004,0.020245807974233573,0.9982035928301412
0.5740000000000004,0.020018915307361305,0.9982237249786865
0.5750000000000004,0.0197945654030375,0.9982436315083344
0.5760000000000004,0.019572729764786405,0.9982633149475724
0.5770000000000004,0.019353380215489383,0.9982827777965515
0.5780000000000004,0.019136488893805734,0.9983020225274039
0.5790000000000004,0.018922028250633882,0.9983210515845566
0.5800000000000004,0.018709971045612332,0.9983398673850427
0.5810000000000004,0.01850029034365931,0.9983584723188071
0.5820000000000004,0.018292959511551923,0.9983768687490115
0.5830000000000004,0.018087952214542857,0.9983950590123337
0.5840000000000004,0.01788524241301555,0.9984130454192643
0.5850000000000004,0.017684804359176912,0.9984308302544009
0.5860000000000004,0.017486612593786484,0.9984484157767376
0.5870000000000004,0.01729064194292304,0.9984658042199521
0.5880000000000004,0.017096867514786805,0.9984829977926899
0.5890000000000004,0.01690526469653772,0.998499998678844
0.5900000000000004,0.016715809151169464,0.998516809037833
0.5910000000000004,0.016528476814417884,0.998533431004875
0.5920000000000004,0.016343243891704506,0.998549866691259
0.5930000000000004,0.016160086855114403,0.998566118184613
0.5940000000000004,0.01597898244040738,0.9985821875491693
0.5950000000000004,0.015799907644063242,0.9985980768260262
0.5960000000000004,0.015622839720359747,0.9986137880334078
0.5970000000000004,0.015447756178483778,0.9986293231669204
0.5980000000000004,0.015274634779674235,0.9986446841998056
0.5990000000000004,0.015103453534397621,0.9986598730831908
0.6000000000000004,0.014934190699554772,0.9986748917463377
0.6010000000000004,0.014766824775719329,0.9986897420968869
0.6020000000000004,0.0146013345044067,0.9987044260211
0.6030000000000004,0.014437698865373933,0.9987189453840998
0.6040000000000004,0.014275897073949637,0.9987333020301067
0.6050000000000004,0.014115908578394265,0.9987474977826731
0.6060000000000004,0.013957713057289236,0.9987615344449152
0.6070000000000004,0.013801290416956212,0.9987754137997417
0.6080000000000004,0.013646620788904613,0.9987891376100804
0.6090000000000004,0.013493684527307684,0.9988027076191022
0.6100000000000004,0.013342462206507777,0.9988161255504425
0.6110000000000004,0.013192934618548428,0.9988293931084201
0.6120000000000004,0.013045082770734726,0.9988425119782537
0.6130000000000004,0.012898887883220845,0.9988554838262758
0.6140000000000004,0.012754331386624948,0.9988683103001446
0.6150000000000004,0.012611394919670206,0.9988809930290531
0.6160000000000004,0.012470060326852663,0.9988935336239362
0.6170000000000004,0.012330309656135305,0.9989059336776751
0.6180000000000004,0.012192125156667698,0.9989181947653
0.6190000000000004,0.012055489276531226,0.9989303184441894
0.6200000000000004,0.011920384660509969,0.9989423062542689
0.6210000000000004,0.011786794147886043,0.9989541597182062
0.6220000000000004,0.011654700770259943,0.9989658803416044
0.6230000000000004,0.01152408774939528,0.9989774696131937
0.6240000000000004,0.011394938495087712,0.9989889290050201
0.6250000000000004,0.011267236603057429,0.9990002599726328
0.6260000000000004,0.011140965852865654,0.9990114639552684
0.6270000000000004,0.01101611020585449,0.9990225423760345
0.6280000000000004,0.010892653803109626,0.9990334966420898
0.6290000000000004,0.010770580963445962,0.9990443281448235
0.6300000000000004,0.010649876181415741,0.9990550382600311
0.6310000000000004,0.010530524125339148,0.9990656283480901
0.6320000000000005,0.01041250963535697,0.9990760997541324
0.6330000000000005,0.010295817721504858,0.9990864538082148
0.6340000000000005,0.010180433561809577,0.9990966918254888
0.6350000000000005,0.010066342500406092,0.9991068151063667
0.6360000000000005,0.009953530045676154,0.9991168249366873
0.6370000000000005,0.009841981868407632,0.9991267225878794
0.6380000000000005,0.009731683799974314,0.9991365093171226
0.6390000000000005,0.009622621830536448,0.9991461863675078
0.6400000000000005,0.009514782107260944,0.9991557549681946
0.6410000000000005,0.009408150932562026,0.9991652163345676
0.6420000000000005,0.009302714762361294,0.9991745716683904
0.6430000000000005,0.009198460204367435,0.9991838221579589
0.6440000000000005,0.009095374016375278,0.9991929689782516
0.6450000000000005,0.008993443104583571,0.9992020132910795
0.6460000000000005,0.008892654521932006,0.999210956245233
0.6470000000000005,0.008792995466456455,0.9992197989766284
0.6480000000000005,0.008694453279663249,0.9992285426084515
0.6490000000000005,0.00859701544492106,0.9992371882513011
0.6500000000000005,0.008500669585871154,0.9992457370033294
0.6510000000000005,0.00840540346485538,0.9992541899503817
0.6520000000000005,0.008311204981361814,0.9992625481661345
0.6530000000000005,0.008218062170487582,0.9992708127122315
0.6540000000000005,0.008125963201419365,0.999278984638419
0.6550000000000005,0.008034896375930339,0.9992870649826786
0.6560000000000005,0.007944850126894687,0.9992950547713594
0.6570000000000005,0.007855813016818184,0.9993029550193084
0.6580000000000005,0.0077677737363853454,0.9993107667299994
0.6590000000000005,0.007680721103022889,0.99931849089566
0.6600000000000005,0.007594644059479705,0.9993261284973985
0.6610000000000005,0.0075095316724220285,0.9993336805053278
0.6620000000000005,0.007425373131044661,0.9993411478786886
0.6630000000000005,0.007342157745698411,0.9993485315659718
0.6640000000000005,0.007259874946531384,0.9993558325050387
0.6650000000000005,0.007178514282147362,0.9993630516232398
0.6660000000000005,0.0070980654182775296,0.9993701898375332
0.6670000000000005,0.007018518136468123,0.9993772480546006
0.6680000000000005,0.00693986233278272,0.9993842271709624
0.6690000000000005,0.006862088016518619,0.9993911280730922
0.6700000000000005,0.006785185308937861,0.9993979516375285
0.6710000000000005,0.006709144442012517,0.9994046987309871
0.6720000000000005,0.006633955757183843,0.9994113702104702
0.6730000000000005,0.006559609704135565,0.9994179669233758
0.6740000000000005,0.006486096839580822,0.9994244897076051
0.6750000000000005,0.0064134078260626925,0.999430939391669
0.6760000000000005,0.006341533430768292,0.9994373167947938
0.6770000000000005,0.006270464524355747,0.999443622727024
0.6780000000000005,0.0062001920797949755,0.9994498579893268
0.6790000000000005,0.006130707171220675,0.9994560233736928
0.6800000000000005,0.006062000972798773,0.9994621196632366
0.6810000000000005,0.0059940647576054926,0.9994681476322967
0.6820000000000005,0.005926889896518775,0.9994741080465338
0.6830000000000005,0.0058604678571222805,0.9994800016630276
0.6840000000000005,0.005794790202621534,0.9994858292303737
0.6850000000000005,0.005729848590772375,0.9994915914887778
0.6860000000000005,0.0056656347728211804,0.9994972891701506
0.6870000000000005,0.005602140592457287,0.9995029229982001
0.6880000000000005,0.005539357984777124,0.9995084936885239
0.6890000000000005,0.00547727897525945,0.9995140019486999
0.6900000000000005,0.005415895678752774,0.9995194484783763
0.6910000000000005,0.005355200298473684,0.9995248339693603
0.6920000000000005,0.005295185125016501,0.9995301591057064
0.6930000000000005,0.0052358425353739605,0.9995354245638026
0.6940000000000005,0.005177164991969172,0.9995406310124569
0.6950000000000005,0.005119145041697899,0.9995457791129819
0.6960000000000005,0.0050617753149824205,0.9995508695192792
0.6970000000000005,0.005005048524834808,0.9995559028779218
0.6980000000000005,0.004948957465931611,0.999560879828237
0.6990000000000005,0.004893495013698961,0.999565801002387
0.7000000000000005,0.004838654123407147,0.9995706670254495
0.7010000000000005,0.0047844278292760774,0.999575478515497
0.7020000000000005,0.004730809243590451,0.9995802360836754
0.7030000000000005,0.004677791555824729,0.9995849403342814
0.7040000000000005,0.004625368031778472,0.9995895918648395
0.7050000000000005,0.004573532012720466,0.9995941912661779
0.7060000000000005,0.004522276914543462,0.9995987391225032
0.7070000000000005,0.004471596226927496,0.999603236011475
0.7080000000000005,0.004421483512513048,0.9996076825042793
0.7090000000000005,0.004371932406083515,0.9996120791657007
0.7100000000000005,0.0043229366137563915,0.9996164265541942
0.7110000000000005,0.004274489912184255,0.9996207252219566
0.7120000000000005,0.0042265861477641135,0.9996249757149958
0.7130000000000005,0.004179219235855602,0.999629178573201
0.7140000000000005,0.0041323831600085905,0.9996333343304109
0.7150000000000005,0.0040860719711983216,0.9996374435144815
0.7160000000000005,0.004040279787070356,0.999641506647353
0.7170000000000005,0.00399500079119314,0.9996455242451164
0.7180000000000005,0.003950229232319193,0.9996494968180791
0.7190000000000005,0.003905959423654821,0.9996534248708293
0.7200000000000005,0.0038621857421374845,0.9996573089023004
0.7210000000000005,0.0038189026277217694,0.9996611494058343
0.7220000000000005,0.003776104582673147,0.999664946869244
0.7230000000000005,0.0037337861708695358,0.9996687017748758
0.7240000000000005,0.0036919420171110176,0.9996724145996702
0.7250000000000005,0.003650566806436975,0.9996760858152227
0.7260000000000005,0.0036096552834509626,0.999679715887844
0.7270000000000005,0.003569202251653176,0.9996833052786185
0.7280000000000005,0.003529202572780482,0.9996868544434634
0.7290000000000005,0.003489651166153872,0.9996903638331865
0.7300000000000005,0.0034505430080328005,0.9996938338935436
0.7310000000000005,0.0034118731309773793,0.9996972650652948
0.7320000000000005,0.0033736366232171144,0.9997006577842605
0.7330000000000005,0.003335828628027372,0.9997040124813772
0.7340000000000005,0.0032984443431124176,0.9997073295827518
0.7350000000000005,0.0032614790199949942,0.9997106095097158
0.7360000000000005,0.00322492796341399,0.9997138526788791
0.7370000000000005,0.0031887865307271856,0.9997170595021825
0.7380000000000005,0.0031530501313222414,0.9997202303869502
0.7390000000000005,0.003117714226033163,0.9997233657359418
0.7400000000000005,0.0030827743265640023,0.9997264659474029
0.7410000000000005,0.0030482259949187384,0.9997295314151161
0.7420000000000005,0.003014064842837428,0.9997325625284511
0.7430000000000005,0.002980286531238951,0.9997355596724139
0.7440000000000005,0.0029468867696697035,0.9997385232276956
0.7450000000000006,0.0029138613157588702,0.9997414535707212
0.7460000000000006,0.0028812059746793563,0.9997443510736969
0.7470000000000006,0.0028489165986150342,0.9997472161046577
0.7480000000000006,0.002816989086234107,0.9997500490275141
0.7490000000000006,0.0027854193821679114,0.9997528502020983
0.7500000000000006,0.002754203476495822,0.9997556199842099
0.7510000000000006,0.002723337404235972,0.9997583587256612
0.7520000000000006,0.0026928172448415825,0.9997610667743215
0.7530000000000006,0.002662639121703165,0.9997637444741618
0.7540000000000006,0.002632799201655842,0.9997663921652982
0.7550000000000006,0.002603293694492767,0.999769010184035
0.7560000000000006,0.00257411885248347,0.9997715988629077
0.7570000000000006,0.0025452709698980222,0.9997741585307252
0.7580000000000006,0.0025167463825361077,0.9997766895126113
0.7590000000000006,0.0024885414672616833,0.9997791921300464
0.7600000000000006,0.0024606526415428503,0.9997816667009078
0.7610000000000006,0.0024330763629969187,0.9997841135395107
0.7620000000000006,0.0024058091289400917,0.9997865329566475
0.7630000000000006,0.0023788474759428952,0.9997889252596278
0.7640000000000006,0.0023521879793900946,0.9997912907523171
0.7650000000000006,0.0023258272530459197,0.9997936297351756
0.7660000000000006,0.002299761948623474,0.9997959425052961
0.7670000000000006,0.0022739887553601358,0.9997982293564421
0.7680000000000006,0.00224850439959646,0.9998004905790849
0.7690000000000006,0.0022233056443605593,0.9998027264604404
0.7700000000000006,0.0021983892889570118,0.9998049372845059
0.7710000000000006,0.0021737521685601465,0.9998071233320958
0.7720000000000006,0.0021493911538123687,0.9998092848808773
0.7730000000000006,0.002125303150426238,0.9998114222054062
0.7740000000000006,0.0021014850987918117,0.9998135355771611
0.7750000000000006,0.0020779339735878177,0.9998156252645783
0.7760000000000006,0.0020546467833975437,0.9998176915330858
0.7770000000000006,0.002031620570328745,0.9998197346451366
0.7780000000000006,0.002008852409637891,0.9998217548602429
0.7790000000000006,0.001986339409358786,0.9998237524350084
0.7800000000000006,0.001964078709935118,0.999825727623161
0.7810000000000006,0.0019420674838575467,0.9998276806755851
0.7820000000000006,0.0019203029353042304,0.9998296118403537
0.7830000000000006,0.0018987822997856272,0.9998315213627592
0.7840000000000006,0.0018775028437937916,0.9998334094853455
0.7850000000000006,0.0018564618644548712,0.9998352764479381
0.7860000000000006,0.0018356566891856588,0.9998371224876749
0.7870000000000006,0.0018150846753545594,0.999838947839036
0.7880000000000006,0.001794743209945475,0.9998407527338742
0.7890000000000006,0.00177462970922618,0.9998425374014434
0.7900000000000006,0.0017547416184201265,0.9998443020684284
0.7910000000000006,0.0017350764113817734,0.9998460469589739
0.7920000000000006,0.0017156315902759707,0.9998477722947123
0.7930000000000006,0.0016964046852604134,0.9998494782947924
0.7940000000000006,0.0016773932541720737,0.9998511651759068
0.7950000000000006,0.0016585948822170637,0.9998528331523198
0.7960000000000006,0.001640007181663719,0.9998544824358944
0.7970000000000006,0.001621627791539623,0.9998561132361192
0.7980000000000006,0.0016034543773313598,0.9998577257601353
0.7990000000000006,0.0015854846306883603,0.9998593202127624
0.8000000000000006,0.0015677162691292682,0.9998608967965243
0.8010000000000006,0.0015501470357525305,0.999862455711676
0.8020000000000006,0.0015327746989489978,0.9998639971562274
0.8030000000000006,0.0015155970521195075,0.9998655213259698
0.8040000000000006,0.0014986119133936406,0.9998670284145004
0.8050000000000006,0.0014818171253530464,0.9998685186132462
0.8060000000000006,0.0014652105547574192,0.9998699921114895
0.8070000000000006,0.0014487900922734694,0.9998714490963911
0.8080000000000006,0.0014325536522067541,0.9998728897530142
0.8090000000000006,0.0014164991722373371,0.9998743142643483
0.8100000000000006,0.0014006246131572102,0.9998757228113317
0.8110000000000006,0.001384927958611636,0.9998771155728755
0.8120000000000006,0.0013694072148430316,0.9998784927258852
0.8130000000000006,0.001354060410437616,0.9998798544452843
0.8140000000000006,0.0013388855960749214,0.9998812009040354
0.8150000000000006,0.001323880844280656,0.9998825322731633
0.8160000000000006,0.0013090442491810465,0.9998838487217756
0.8170000000000006,0.0012943739262614995,0.9998851504170851
0.8180000000000006,0.0012798680121269112,0.9998864375244305
0.8190000000000006,0.0012655246642651811,0.9998877102072976
0.8200000000000006,0.0012513420608130349,0.99988896862734
0.8210000000000006,0.001237318400324464,0.9998902129443997
0.8220000000000006,0.0012234519015421766,0.9998914433165274
0.8230000000000006,0.0012097408031713805,0.9998926599000024
0.8240000000000006,0.001196183363655649,0.9998938628493528
0.8250000000000006,0.0011827778609563493,0.9998950523173747
0.8260000000000006,0.0011695225923332466,0.9998962284551521
0.8270000000000006,0.0011564158741286497,0.9998973914120757
0.8280000000000006,0.0011434560415535104,0.9998985413358618
0.8290000000000006,0.0011306414484757374,0.9998996783725714
0.8300000000000006,0.0011179704672114681,0.9999008026666288
0.8310000000000006,0.0011054414883180067,0.9999019143608395
0.8320000000000006,0.001093052920389472,0.9999030135964087
0.8330000000000006,0.001080803189854852,0.999904100512959
0.8340000000000006,0.0010686907407778008,0.9999051752485484
0.8350000000000006,0.0010567140346593546,0.9999062379396877
0.8360000000000006,0.0010448715502422387,0.9999072887213578
0.8370000000000006,0.0010331617833178838,0.9999083277270269
0.8380000000000006,0.0010215832465350534,0.9999093550886673
0.8390000000000006,0.0010101344692112183,0.9999103709367726
0.8400000000000006,0.0009988139971455416,0.9999113754003737
0.8410000000000006,0.0009876203924344032,0.9999123686070556
0.8420000000000006,0.0009765522332884772,0.9999133506829733
0.8430000000000006,0.0009656081138523306,0.9999143217528682
0.8440000000000006,0.0009547866440258395,0.9999152819400837
0.8450000000000006,0.0009440864492876904,0.9999162313665808
0.8460000000000006,0.0009335061705204923,0.9999171701529538
0.8470000000000006,0.0009230444638383325,0.9999180984184455
0.8480000000000006,0.000912700000416265,0.9999190162809621
0.8490000000000006,0.0009024714663211642,0.9999199238570889
0.8500000000000006,0.0008923575623451727,0.9999208212621044
0.8510000000000006,0.0008823570038404963,0.999921708609995
0.8520000000000006,0.0008724685205561303,0.99992258601347
0.8530000000000006,0.0008626908564767838,0.9999234535839754
0.8540000000000006,0.0008530227696630179,0.9999243114317082
0.8550000000000006,0.0008434630320939407,0.9999251596656307
0.8560000000000006,0.0008340104295107738,0.9999259983934837
0.8570000000000007,0.000824663761262788,0.9999268277218009
0.8580000000000007,0.0008154218401548308,0.9999276477559217
0.8590000000000007,0.0008062834922967091,0.9999284586000052
0.8600000000000007,0.0007972475569537681,0.9999292603570434
0.8610000000000007,0.0007883128863995521,0.9999300531288737
0.8620000000000007,0.0007794783457700966,0.9999308370161925
0.8630000000000007,0.000770742812919792,0.9999316121185675
0.8640000000000007,0.0007621051782786876,0.9999323785344507
0.8650000000000007,0.0007535643447116909,0.9999331363611907
0.8660000000000007,0.0007451192273793763,0.9999338856950453
0.8670000000000007,0.0007367687535996669,0.999934626631193
0.8680000000000007,0.0007285118627122053,0.9999353592637464
0.8690000000000007,0.0007203475059431429,0.9999360836857629
0.8700000000000007,0.0007122746462722961,0.9999367999892571
0.8710000000000007,0.0007042922583011185,0.9999375082652124
0.8720000000000007,0.0006963993281227373,0.9999382086035927
0.8730000000000007,0.0006885948531929007,0.9999389010933535
0.8740000000000007,0.0006808778422029888,0.9999395858224535
0.8750000000000007,0.0006732473149535943,0.9999402628778655
0.8760000000000007,0.0006657023022303765,0.9999409323455879
0.8770000000000007,0.0006582418456810519,0.9999415943106551
0.8780000000000007,0.000650864997693219,0.9999422488571486
0.8790000000000007,0.0006435708212744752,0.9999428960682074
0.8800000000000007,0.0006363583899331976,0.9999435360260391
0.8810000000000007,0.000629226787560782,0.9999441688119299
0.8820000000000007,0.0006221751083153416,0.999944794506255
0.8830000000000007,0.0006152024565068074,0.9999454131884887
0.8840000000000007,0.0006083079464827108,0.999946024937215
0.8850000000000007,0.0006014907025162775,0.9999466298301368
0.8860000000000007,0.0005947498586948445,0.9999472279440865
0.8870000000000007,0.000588084558809811,0.9999478193550353
0.8880000000000007,0.0005814939562481432,0.999948404138103
0.8890000000000007,0.0005749772138847882,0.9999489823675677
0.8900000000000007,0.0005685335039761127,0.9999495541168747
0.8910000000000007,0.0005621620080551394,0.9999501194586466
0.8920000000000007,0.0005558619168271073,0.9999506784646921
0.8930000000000007,0.0005496324300670399,0.9999512312060149
0.8940000000000007,0.0005434727565179382,0.9999517777528231
0.8950000000000007,0.0005373821137904334,0.999952318174538
0.8960000000000007,0.0005313597282632733,0.9999528525398028
0.8970000000000007,0.0005254048349851152,0.9999533809164917
0.8980000000000007,0.000519516677577381,0.9999539033717179
0.8990000000000007,0.00051369450813804,0.9999544199718425
0.9000000000000007,0.0005079375871469268,0.9999549307824833
0.9010000000000007,0.0005022451833713433,0.9999554358685223
0.9020000000000007,0.0004966165737735367,0.9999559352941145
0.9030000000000007,0.000491051043418878,0.999956429122696
0.9040000000000007,0.0004855478853847805,0.9999569174169919
0.9050000000000007,0.00048010640067113294,0.9999574002390244
0.9060000000000007,0.00047472589811134,0.9999578776501205
0.9070000000000007,0.0004694056942847454,0.99995834971092
0.9080000000000007,0.0004641451134297371,0.9999588164813832
0.9090000000000007,0.0004589434873579706,0.9999592780207983
0.9100000000000007,0.00045380015536921795,0.9999597343877891
0.9110000000000007,0.0004487144641677883,0.9999601856403224
0.9120000000000007,0.0004436857677793854,0.9999606318357155
0.9130000000000007,0.0004387134274690445,0.9999610730306432
0.9140000000000007,0.0004337968116600736,0.9999615092811451
0.9150000000000007,0.00042893529585365795,0.999961940642633
0.9160000000000007,0.0004241282625499046,0.9999623671698975
0.9170000000000007,0.00041937510116903825,0.9999627889171152
0.9180000000000007,0.00041467520797411355,0.9999632059378557
0.9190000000000007,0.00041002798599395395,0.9999636182850881
0.9200000000000007,0.0004054328449477397,0.9999640260111878
0.9210000000000007,0.00040088920116991756,0.9999644291679436
0.9220000000000007,0.0003963964775358876,0.9999648278065634
0.9230000000000007,0.0003919541033889214,0.9999652219776816
0.9240000000000007,0.0003875615144676489,0.999965611731365
0.9250000000000007,0.00038321815283415137,0.9999659971171194
0.9260000000000007,0.00037892346680328627,0.9999663781838957
0.9270000000000007,0.00037467691087263703,0.9999667549800961
0.9280000000000007,0.0003704779456532399,0.9999671275535807
0.9290000000000007,0.0003663260378008792,0.999967495951673
0.9300000000000007,0.0003622206599485766,0.9999678602211661
0.9310000000000007,0.00035816129063940156,0.9999682204083289
0.9320000000000007,0.00035414741426041983,0.9999685765589116
0.9330000000000007,0.0003501785209770391,0.9999689287181517
0.9340000000000007,0.00034625410666834017,0.9999692769307797
0.9350000000000007,0.00034237367286310907,0.9999696212410251
0.9360000000000007,0.0003385367266764378,0.9999699616926212
0.9370000000000007,0.0003347427807471208,0.9999702983288117
0.9380000000000007,0.00033099135317569544,0.9999706311923553
0.9390000000000007,0.0003272819674634303,0.9999709603255318
0.9400000000000007,0.00032361415245154055,0.9999712857701469
0.9410000000000007,0.00031998744226150225,0.9999716075675381
0.9420000000000007,0.0003164013762358216,0.9999719257585794
0.9430000000000007,0.000312855498879562,0.9999722403836867
0.9440000000000007,0.0003093493598024586,0.9999725514828232
0.9450000000000007,0.00030588251366171467,0.9999728590955038
0.9460000000000007,0.000302454520105594,0.9999731632608012
0.9470000000000007,0.0002990649437170894,0.9999734640173497
0.9480000000000007,0.0002957133539591251,0.9999737614033507
0.9490000000000007,0.00029239932511941917,0.9999740554565777
0.9500000000000007,0.0002891224362567093,0.9999743462143807
0.9510000000000007,0.0002858822711471496,0.9999746337136913
0.9520000000000007,0.00028267841823135137,0.999974917991027
0.9530000000000007,0.0002795104705623337,0.9999751990824961
0.9540000000000007,0.0002763780257537577,0.9999754770238023
0.9550000000000007,0.00027328068592873,0.9999757518502491
0.9560000000000007,0.00027021805766942004,0.9999760235967445
0.9570000000000007,0.00026718975196684874,0.9999762922978052
0.9580000000000007,0.00026419538417181356,0.9999765579875609
0.9590000000000007,0.00026123457394558626,0.9999768206997592
0.9600000000000007,0.0002583069452119371,0.9999770804677692
0.9610000000000007,0.0002554121261093486,0.9999773373245862
0.9620000000000007,0.00025254974894374044,0.9999775913028354
0.9630000000000007,0.0002497194501416687,0.9999778424347767
0.9640000000000007,0.00024692087020426366,0.9999780907523085
0.9650000000000007,0.0002441536536615654,0.9999783362869714
0.9660000000000007,0.00024141744902721988,0.9999785790699529
0.9670000000000007,0.00023871190875402715,0.9999788191320907
0.9680000000000007,0.00023603668918967943,0.9999790565038772
0.9690000000000007,0.0002333914505330295,0.9999792912154627
0.9700000000000008,0.00023077585679121183,0.9999795232966598
0.9710000000000008,0.00022818957573666896,0.9999797527769471
0.9720000000000008,0.00022563227886535263,0.9999799796854726
0.9730000000000008,0.00022310364135433753,0.9999802040510578
0.9740000000000008,0.00022060334202129197,0.9999804259022013
0.9750000000000008,0.00021813106328311482,0.999980645267082
0.9760000000000008,0.00021568649111593664,0.9999808621735633
0.9770000000000008,0.00021326931501508298,0.9999810766491962
0.9780000000000008,0.00021087922795562516,0.9999812887212229
0.9790000000000008,0.00020851592635355603,0.9999814984165805
0.9800000000000008,0.00020617911002711762,0.9999817057619039
0.9810000000000008,0.00020386848215858338,0.9999819107835299
0.9820000000000008,0.00020158374925645733,0.9999821135074999
0.9830000000000008,0.00019932462111858264,0.9999823139595633
0.9840000000000008,0.00019709081079515554,0.9999825121651813
0.9850000000000008,0.00019488203455196658,0.9999827081495295
0.9860000000000008,0.0001926980118347029,0.9999829019375015
0.9870000000000008,0.00019053846523309914,0.9999830935537118
0.9880000000000008,0.00018840312044586483,0.9999832830224992
0.9890000000000008,0.0001862917062458964,0.9999834703679295
0.9900000000000008,0.00018420395444564047,0.999983655613799
0.9910000000000008,0.0001821395998629121,0.9999838387836373
0.9920000000000008,0.00018009838028762242,0.9999840199007103
0.9930000000000008,0.0001780800364480325,0.999984198988023
0.9940000000000008,0.00017608431197814432,0.9999843760683229
0.9950000000000008,0.0001741109533850725,0.9999845511641022
0.9960000000000008,0.00017215971001681416,0.9999847242976013
0.9970000000000008,0.0001702303340302651,0.9999848954908113
0.9980000000000008,0.0001683225803600315,0.9999850647654767
0.9990000000000008,0.0001664362066870526,0.9999852321430985
1.0000000000000007,0.0001645709734078482,0.9999853976449368
1.0010000000000006,0.0001627266436042402,0.9999855612920131
1.0020000000000004,0.0001609029830132255,0.9999857231051137
1.0030000000000003,0.00015909975999686804,0.9999858831047916
1.0040000000000002,0.00015731674551351698,0.9999860413113698
1.0050000000000001,0.00015555371308832396,0.9999861977449432
1.006,0.0001538104387844235,0.9999863524253819
1.007,0.00015208670117451126,0.999986505372333
1.0079999999999998,0.000150382281312896,0.9999866566052235
1.0089999999999997,0.00014869696270762746,0.9999868061432626
1.0099999999999996,0.00014703053129290822,0.9999869540054446
1.0109999999999995,0.00014538277540194163,0.9999871002105504
1.0119999999999993,0.00014375348574006372,0.9999872447771507
1.0129999999999992,0.00014214245535817838,0.9999873877236082
1.0139999999999991,0.00014054947962643895,0.9999875290680795
1.014999999999999,0.00013897435620832747,0.9999876688285181
1.015999999999999,0.00013741688503471531,0.999987807022676
1.0169999999999988,0.0001358768682787572,0.9999879436681063
1.0179999999999987,0.0001343541103305959,0.9999880787821654
1.0189999999999986,0.00013284841777259752,0.9999882123820154
1.0199999999999985,0.0001313595993545677,0.9999883444846257
1.0209999999999984,0.0001298874659698585,0.9999884751067758
1.0219999999999982,0.00012843183063111514,0.999988604265057
1.0229999999999981,0.00012699250844636385,0.9999887319758747
1.023999999999998,0.00012556931659589565,0.9999888582554506
1.024999999999998,0.0001241620743086194,0.9999889831198243
1.0259999999999978,0.0001227706028395329,0.9999891065848561
1.0269999999999977,0.00012139472544662548,0.999989228666228
1.0279999999999976,0.00012003426736880385,0.9999893493794466
1.0289999999999975,0.00011868905580336313,0.9999894687398447
1.0299999999999974,0.00011735891988419685,0.9999895867625833
1.0309999999999973,0.00011604369066010178,0.9999897034626534
1.0319999999999971,0.00011474320107327211,0.9999898188548778
1.032999999999997,0.00011345728593821055,0.9999899329539136
1.033999999999997,0.00011218578192044996,0.9999900457742533
1.0349999999999968,0.00011092852751618447,0.9999901573302272
1.0359999999999967,0.00010968536303146474,0.999990267636005
1.0369999999999966,0.00010845613056188598,0.9999903767055973
1.0379999999999965,0.00010724067397292005,0.999990484552858
1.0389999999999964,0.0001060388388796982,0.9999905911914857
1.0399999999999963,0.00010485047262747591,0.9999906966350254
1.0409999999999962,0.00010367542427238183,0.9999908008968702
1.041999999999996,0.00010251354456218584,0.9999909039902634
1.042999999999996,0.00010136468591723752,0.9999910059282996
1.0439999999999958,0.0001002287024117836,0.9999911067239269
1.0449999999999957,9.910544975538018e-05,0.999991206389948
1.0459999999999956,9.799478527491128e-05,0.9999913049390223
1.0469999999999955,9.68965678959063e-05,0.9999914023836675
1.0479999999999954,9.581065812501323e-05,0.9999914987362606
1.0489999999999953,9.473691803211202e-05,0.9999915940090403
1.0499999999999952,9.367521123286358e-05,0.9999916882141078
1.050999999999995,9.262540287139152e-05,0.9999917813634288
1.051999999999995,9.158735960317227e-05,0.9999918734688351
1.0529999999999948,9.056094957803891e-05,0.9999919645420257
1.0539999999999947,8.95460424234881e-05,0.9999920545945684
1.0549999999999946,8.8542509228044e-05,0.9999921436379017
1.0559999999999945,8.755022252494412e-05,0.9999922316833356
1.0569999999999944,8.656905627584426e-05,0.9999923187420535
1.0579999999999943,8.559888585490232e-05,0.9999924048251134
1.0589999999999942,8.46395880331085e-05,0.9999924899434494
1.059999999999994,8.369104096235015e-05,0.999992574107873
1.060999999999994,8.275312416008305e-05,0.9999926573290747
1.0619999999999938,8.182571849394573e-05,0.999992739617625
1.0629999999999937,8.090870616682864e-05,0.9999928209839761
1.0639999999999936,8.000197070148853e-05,0.999992901438463
1.0649999999999935,7.910539692635652e-05,0.9999929809913047
1.0659999999999934,7.821887096032304e-05,0.9999930596526061
1.0669999999999933,7.734228019869748e-05,0.9999931374323584
1.0679999999999932,7.647551329867521e-05,0.9999932143404411
1.068999999999993,7.561846016527839e-05,0.9999932903866229
1.069999999999993,7.477101193727763e-05,0.9999933655805631
1.0709999999999928,7.393306097356861e-05,0.9999934399318126
1.0719999999999927,7.310450083916963e-05,0.9999935134498152
1.0729999999999926,7.228522629218546e-05,0.9999935861439093
1.0739999999999925,7.147513327001345e-05,0.9999936580233283
1.0749999999999924,7.06741188761368e-05,0.9999937290972021
1.0759999999999923,6.988208136737273e-05,0.9999937993745583
1.0769999999999922,6.909892014064693e-05,0.9999938688643235
1.077999999999992,6.832453572045009e-05,0.9999939375753242
1.078999999999992,6.755882974597235e-05,0.9999940055162878
1.0799999999999919,6.680170495886299e-05,0.9999940726958441
1.0809999999999917,6.605306519057333e-05,0.999994139122526
1.0819999999999916,6.531281535043856e-05,0.9999942048047711
1.0829999999999915,6.458086141332374e-05,0.999994269750922
1.0839999999999914,6.385711040797091e-05,0.9999943339692281
1.0849999999999913,6.314147040494832e-05,0.9999943974678464
1.0859999999999912,6.243385050516799e-05,0.9999944602548422
1.086999999999991,6.173416082817603e-05,0.9999945223381907
1.087999999999991,6.104231250063233e-05,0.9999945837257777
1.0889999999999909,6.0358217645415634e-05,0.9999946444254002
1.0899999999999908,5.968178937025477e-05,0.9999947044447685
1.0909999999999906,5.901294175643582e-05,0.9999947637915059
1.0919999999999905,5.8351589848286063e-05,0.9999948224731505
1.0929999999999904,5.769764964235479e-05,0.9999948804971561
1.0939999999999903,5.705103807627198e-05,0.9999949378708927
1.0949999999999902,5.6411673018819656e-05,0.9999949946016478
1.09599999999999,5.577947325920743e-05,0.9999950506966271
1.09699999999999,5.515435849668911e-05,0.9999951061629558
1.0979999999999899,5.45362493303877e-05,0.9999951610076793
1.0989999999999898,5.3925067249234145e-05,0.9999952152377636
1.0999999999999897,5.3320734622152367e-05,0.9999952688600969
1.1009999999999895,5.27231746880169e-05,0.9999953218814903
1.1019999999999894,5.2132311546084295e-05,0.9999953743086785
1.1029999999999893,5.154807014602651e-05,0.9999954261483206
1.1039999999999892,5.097037627866548e-05,0.9999954774070012
1.104999999999989,5.0399156566499216e-05,0.9999955280912312
1.105999999999989,4.983433845428472e-05,0.9999955782074482
1.1069999999999889,4.927585019999988e-05,0.999995627762018
1.1079999999999888,4.872362086552118e-05,0.9999956767612349
1.1089999999999887,4.817758030783189e-05,0.9999957252113226
1.1099999999999886,4.763765916996502e-05,0.9999957731184352
1.1109999999999884,4.7103788872268405e-05,0.9999958204886579
1.1119999999999883,4.657590160348024e-05,0.9999958673280073
1.1129999999999882,4.605393031252473e-05,0.999995913642433
1.113999999999988,4.553780869960659e-05,0.9999959594378178
1.114999999999988,4.5027471207892964e-05,0.9999960047199785
1.115999999999988,4.452285301546062e-05,0.9999960494946667
1.1169999999999878,4.402389002663679e-05,0.9999960937675696
1.1179999999999877,4.353051886424952e-05,0.9999961375443107
1.1189999999999876,4.3042676861157996e-05,0.9999961808304504
1.1199999999999875,4.256030205273027e-05,0.9999962236314868
1.1209999999999873,4.208333316869572e-05,0.9999962659528564
1.1219999999999872,4.1611709625357464e-05,0.9999963077999349
1.1229999999999871,4.1145371518108005e-05,0.9999963491780375
1.123999999999987,4.068425961356589e-05,0.99999639009242
1.124999999999987,4.022831534218604e-05,0.9999964305482792
1.1259999999999868,3.9777480790964884e-05,0.9999964705507539
1.1269999999999867,3.933169869569068e-05,0.999996510104925
1.1279999999999866,3.8890912434103366e-05,0.9999965492158166
1.1289999999999865,3.845506601833437e-05,0.9999965878883965
1.1299999999999863,3.802410408797174e-05,0.9999966261275768
1.1309999999999862,3.7597971903314704e-05,0.9999966639382145
1.1319999999999861,3.7176615337775604e-05,0.9999967013251124
1.132999999999986,3.675998087151344e-05,0.9999967382930193
1.133999999999986,3.634801558432843e-05,0.9999967748466306
1.1349999999999858,3.59406671493524e-05,0.9999968109905895
1.1359999999999857,3.553788382596231e-05,0.9999968467294866
1.1369999999999856,3.513961445341377e-05,0.9999968820678617
1.1379999999999855,3.474580844436092e-05,0.9999969170102033
1.1389999999999854,3.435641577835731e-05,0.9999969515609497
1.1399999999999852,3.397138699556523e-05,0.9999969857244895
1.1409999999999851,3.3590673190332406e-05,0.999997019505162
1.141999999999985,3.321422600522346e-05,0.999997052907258
1.142999999999985,3.284199762453972e-05,0.9999970859350202
1.1439999999999848,3.247394076874861e-05,0.9999971185926437
1.1449999999999847,3.211000868785188e-05,0.9999971508842767
1.1459999999999846,3.1750155156061304e-05,0.9999971828140206
1.1469999999999845,3.1394334465356396e-05,0.9999972143859313
1.1479999999999844,3.1042501420122205e-05,0.9999972456040188
1.1489999999999843,3.069461133131337e-05,0.9999972764722485
1.1499999999999841,3.0350620010561385e-05,0.999997306994541
1.150999999999984,3.001048376485022e-05,0.9999973371747735
1.151999999999984,2.9674159390661484e-05,0.9999973670167792
1.1529999999999838,2.9341604168763767e-05,0.9999973965243487
1.1539999999999837,2.901277585866093e-05,0.9999974257012298
1.1549999999999836,2.8687632693267777e-05,0.9999974545511288
1.1559999999999835,2.836613337362361e-05,0.9999974830777099
1.1569999999999834,2.8048237063473164e-05,0.9999975112845965
1.1579999999999833,2.773390338428333e-05,0.9999975391753715
1.1589999999999832,2.7423092409956716e-05,0.9999975667535774
1.159999999999983,2.711576466199996e-05,0.9999975940227174
1.160999999999983,2.6811881104123596e-05,0.9999976209862549
1.1619999999999828,2.65114031376946e-05,0.9999976476476148
1.1629999999999827,2.6214292596677305e-05,0.9999976740101836
1.1639999999999826,2.592051174265014e-05,0.9999977000773098
1.1649999999999825,2.5630023260144462e-05,0.9999977258523045
1.1659999999999824,2.5342790251888662e-05,0.9999977513384415
1.1669999999999823,2.5058776234109108e-05,0.9999977765389579
1.1679999999999822,2.477794513190688e-05,0.9999978014570549
1.168999999999982,2.450026127476714e-05,0.9999978260958973
1.169999999999982,2.422568939176534e-05,0.9999978504586148
1.1709999999999818,2.395419460722816e-05,0.9999978745483018
1.1719999999999817,2.368574243652712e-05,0.9999978983680182
1.1729999999999816,2.342029878143635e-05,0.9999979219207895
1.1739999999999815,2.3157829925774587e-05,0.9999979452096074
1.1749999999999814,2.2898302531331424e-05,0.9999979682374299
1.1759999999999813,2.2641683633395602e-05,0.999997991007182
1.1769999999999812,2.238794063679493e-05,0.9999980135217559
1.177999999999981,2.2137041311557235e-05,0.9999980357840113
1.178999999999981,2.188895378893132e-05,0.9999980577967758
1.1799999999999808,2.1643646557483726e-05,0.9999980795628456
1.1809999999999807,2.1401088458645987e-05,0.9999981010849853
1.1819999999999806,2.1161248683247185e-05,0.9999981223659287
1.1829999999999805,2.0924096767250695e-05,0.9999981434083787
1.1839999999999804,2.068960258819199e-05,0.9999981642150081
1.1849999999999803,2.0457736361029082e-05,0.9999981847884598
1.1859999999999802,2.0228468634580334e-05,0.999998205131347
1.18699999999998,2.000177028779173e-05,0.9999982252462535
1.18799999999998,1.9777612525852587e-05,0.9999982451357343
1.1889999999999799,1.955596687670915e-05,0.9999982648023159
1.1899999999999797,1.9336805187256096e-05,0.9999982842484961
1.1909999999999796,1.912009962009644e-05,0.999998303476745
1.1919999999999795,1.890582264969515e-05,0.9999983224895049
1.1929999999999794,1.869394705908221e-05,0.9999983412891907
1.1939999999999793,1.8484445936252556e-05,0.9999983598781905
1.1949999999999792,1.8277292670660715e-05,0.9999983782588653
1.195999999999979,1.8072460950246007e-05,0.9999983964335497
1.196999999999979,1.7869924757642987e-05,0.9999984144045524
1.1979999999999789,1.7669658367074e-05,0.9999984321741558
1.1989999999999787,1.74716363411091e-05,0.9999984497446173
1.1999999999999786,1.72758335273881e-05,0.9999984671181683
1.2009999999999785,1.708222505553205e-05,0.9999984842970158
1.2019999999999784,1.6890786333675822e-05,0.9999985012833417
1.2029999999999783,1.6701493045720646e-05,0.9999985180793036
1.2039999999999782,1.6514321147942476e-05,0.9999985346870349
1.204999999999978,1.632924686616875e-05,0.9999985511086451
1.205999999999978,1.6146246692727817e-05,0.9999985673462201
1.2069999999999779,1.5965297383170932e-05,0.9999985834018221
1.2079999999999778,1.5786375953752228e-05,0.9999985992774908
1.2089999999999776,1.5609459678131784e-05,0.9999986149752425
1.2099999999999775,1.5434526084874518e-05,0.999998630497071
1.2109999999999774,1.5261552954248004e-05,0.9999986458449481
1.2119999999999773,1.5090518315531892e-05,0.9999986610208231
1.2129999999999772,1.4921400444232566e-05,0.9999986760266236
1.213999999999977,1.4754177859449414e-05,0.9999986908642557
1.214999999999977,1.458882932076738e-05,0.999998705535604
1.2159999999999769,1.4425333826002175e-05,0.999998720042532
1.2169999999999768,1.426367060826337e-05,0.9999987343868824
1.2179999999999767,1.4103819133434334e-05,0.9999987485704771
1.2189999999999765,1.3945759097462705e-05,0.9999987625951178
1.2199999999999764,1.3789470423954007e-05,0.9999987764625857
1.2209999999999763,1.3634933261386333e-05,0.9999987901746424
1.2219999999999762,1.3482127980666076e-05,0.9999988037330295
1.222999999999976,1.3331035172854184e-05,0.9999988171394691
1.223999999999976,1.318163564657032e-05,0.9999988303956643
1.2249999999999759,1.3033910425207534e-05,0.9999988435032986
1.2259999999999758,1.2887840745037477e-05,0.999998856464037
1.2269999999999757,1.27434080526335e-05,0.9999988692795257
1.2279999999999756,1.2600594002293758e-05,0.9999988819513926
1.2289999999999754,1.245938045426011e-05,0.9999988944812472
1.2299999999999753,1.231974947181911e-05,0.999998906870681
1.2309999999999752,1.218168331931248e-05,0.9999989191212678
1.2319999999999751,1.2045164459749696e-05,0.9999989312345635
1.232999999999975,1.191017555281846e-05,0.9999989432121067
1.233999999999975,1.177669945257307e-05,0.9999989550554188
1.2349999999999748,1.1644719205217532e-05,0.9999989667660042
1.2359999999999747,1.1514218046680233e-05,0.9999989783453502
1.2369999999999746,1.138517940119286e-05,0.9999989897949277
1.2379999999999745,1.1257586878315589e-05,0.999999001116191
1.2389999999999743,1.1131424271724438e-05,0.9999990123105781
1.2399999999999742,1.1006675556350133e-05,0.9999990233795109
1.2409999999999741,1.088332488680545e-05,0.9999990343243952
1.241999999999974,1.0761356595452537e-05,0.9999990451466214
1.242999999999974,1.0640755189939693e-05,0.999999055847564
1.2439999999999738,1.0521505351950824e-05,0.9999990664285823
1.2449999999999737,1.0403591934495894e-05,0.9999990768910202
1.2459999999999736,1.0286999960470905e-05,0.9999990872362067
1.2469999999999735,1.017171462053573e-05,0.9999990974654557
1.2479999999999734,1.0057721271446715e-05,0.9999991075800666
1.2489999999999732,9.94500543395347e-06,0.9999991175813241
1.2499999999999731,9.833552791093564e-06,0.9999991274704986
1.250999999999973,9.723349186373537e-06,0.999999137248846
1.251999999999973,9.614380622044651e-06,0.9999991469176086
1.2529999999999728,9.506633257113372e-06,0.9999991564780143
1.2539999999999727,9.400093405787641e-06,0.9999991659312776
1.2549999999999726,9.294747535430523e-06,0.9999991752785992
1.2559999999999725,9.19058226527175e-06,0.9999991845211662
1.2569999999999724,9.087584364493988e-06,0.9999991936601528
1.2579999999999723,8.985740750527547e-06,0.9999992026967197
1.2589999999999721,8.885038487307166e-06,0.9999992116320148
1.259999999999972,8.785464783850946e-06,0.9999992204671729
1.260999999999972,8.687006992536084e-06,0.9999992292033163
1.2619999999999718,8.58965260756411e-06,0.9999992378415546
1.2629999999999717,8.493389263047153e-06,0.9999992463829852
1.2639999999999716,8.398204731814236e-06,0.9999992548286928
1.2649999999999715,8.304086923724914e-06,0.9999992631797502
1.2659999999999714,8.211023884191347e-06,0.9999992714372182
1.2669999999999713,8.119003792454055e-06,0.9999992796021456
1.2679999999999712,8.02801496029346e-06,0.9999992876755696
1.268999999999971,7.93804583055196e-06,0.9999992956585154
1.269999999999971,7.849084975561263e-06,0.9999993035519973
1.2709999999999708,7.76112109560761e-06,0.9999993113570177
1.2719999999999707,7.674143017757018e-06,0.9999993190745681
1.2729999999999706,7.588139694112073e-06,0.9999993267056286
1.2739999999999705,7.503100200826652e-06,0.9999993342511687
1.2749999999999704,7.419013736305877e-06,0.9999993417121467
1.2759999999999703,7.335869620069247e-06,0.9999993490895103
1.2769999999999702,7.253657291272713e-06,0.9999993563841965
1.27799999999997,7.17236630759075e-06,0.9999993635971319
1.27899999999997,7.091986343511063e-06,0.9999993707292327
1.2799999999999698,7.01250718938719e-06,0.9999993777814048
1.2809999999999697,6.933918749903731e-06,0.999999384754544
1.2819999999999696,6.8562110428068486e-06,0.9999993916495359
1.2829999999999695,6.779374198013718e-06,0.9999993984672564
1.2839999999999694,6.7033984556609035e-06,0.9999994052085713
1.2849999999999693,6.628274165573819e-06,0.999999411874337
1.2859999999999692,6.553991785618271e-06,0.9999994184654003
1.286999999999969,6.480541880563588e-06,0.9999994249825982
1.287999999999969,6.407915120888912e-06,0.9999994314267585
1.2889999999999688,6.336102281722115e-06,0.9999994377986998
1.2899999999999687,6.265094241570306e-06,0.9999994440992314
1.2909999999999686,6.194881981164003e-06,0.9999994503291535
1.2919999999999685,6.125456582339222e-06,0.9999994564892576
1.2929999999999684,6.056809226711125e-06,0.999999462580326
1.2939999999999683,5.98893119484032e-06,0.9999994686031325
1.2949999999999682,5.921813865058094e-06,0.999999474558442
1.295999999999968,5.8554487121969135e-06,0.9999994804470109
1.296999999999968,5.789827306756716e-06,0.9999994862695873
1.2979999999999678,5.724941313559621e-06,0.9999994920269107
1.2989999999999677,5.660782490859381e-06,0.9999994977197124
1.2999999999999676,5.597342689412936e-06,0.9999995033487155
1.3009999999999675,5.534613851248812e-06,0.9999995089146348
1.3019999999999674,5.472588008549196e-06,0.9999995144181775
1.3029999999999673,5.411257283157294e-06,0.9999995198600425
1.3039999999999672,5.350613884796238e-06,0.9999995252409212
1.304999999999967,5.290650110690129e-06,0.9999995305614968
1.305999999999967,5.23135834442717e-06,0.9999995358224454
1.3069999999999669,5.172731054822796e-06,0.999999541024435
1.3079999999999667,5.114760795237554e-06,0.9999995461681265
1.3089999999999666,5.057440202288651e-06,0.9999995512541732
1.3099999999999665,5.000761995281522e-06,0.999999556283221
1.3109999999999664,4.9447189749971686e-06,0.9999995612559088
1.3119999999999663,4.8893040230479326e-06,0.9999995661728683
1.3129999999999662,4.83451010074063e-06,0.9999995710347239
1.313999999999966,4.7803302482049526e-06,0.9999995758420932
1.314999999999966,4.726757583616604e-06,0.9999995805955868
1.3159999999999659,4.67378530234465e-06,0.9999995852958085
1.3169999999999658,4.621406675985185e-06,0.9999995899433552
1.3179999999999656,4.569615051451829e-06,0.9999995945388175
1.3189999999999655,4.518403850255718e-06,0.9999995990827788
1.3199999999999654,4.467766567690745e-06,0.9999996035758164
1.3209999999999653,4.417696771961962e-06,0.9999996080185011
1.3219999999999652,4.368188103181344e-06,0.999999612411397
1.322999999999965,4.319234272950942e-06,0.9999996167550622
1.323999999999965,4.270829063169165e-06,0.9999996210500485
1.3249999999999649,4.2229663255381435e-06,0.9999996252969012
1.3259999999999648,4.175639980616334e-06,0.99999962949616
1.3269999999999647,4.128844017041663e-06,0.999999633648358
1.3279999999999645,4.08257249103888e-06,0.9999996377540228
1.3289999999999644,4.036819525187952e-06,0.9999996418136758
1.3299999999999643,3.9915793080451095e-06,0.9999996458278327
1.3309999999999642,3.946846093403878e-06,0.9999996497970034
1.331999999999964,3.9026141992719e-06,0.999999653721692
1.332999999999964,3.858878007397238e-06,0.999999657602397
1.3339999999999639,3.81563196252941e-06,0.9999996614396113
1.3349999999999638,3.7728705716235814e-06,0.9999996652338223
1.3359999999999637,3.7305884032342375e-06,0.9999996689855121
1.3369999999999636,3.6887800867193725e-06,0.999999672695157
1.3379999999999634,3.6474403116910055e-06,0.9999996763632284
1.3389999999999633,3.6065638271435802e-06,0.9999996799901921
1.3399999999999632,3.5661454410371136e-06,0.9999996835765088
1.340999999999963,3.526180019671918e-06,0.999999687122634
1.341999999999963,3.4866624865517328e-06,0.9999996906290182
1.342999999999963,3.447587822288986e-06,0.9999996940961067
1.3439999999999628,3.4089510637142465e-06,0.9999996975243398
1.3449999999999627,3.370747303250947e-06,0.9999997009141531
1.3459999999999626,3.332971688422741e-06,0.9999997042659772
1.3469999999999624,3.29561942092506e-06,0.9999997075802376
1.3479999999999623,3.2586857564356352e-06,0.9999997108573555
1.3489999999999622,3.222166003705004e-06,0.9999997140977471
1.3499999999999621,3.1860555240070222e-06,0.999999717301824
1.350999999999962,3.1503497306651702e-06,0.9999997204699931
1.351999999999962,3.1150440884651694e-06,0.9999997236026569
1.3529999999999618,3.080134112934967e-06,0.9999997267002132
1.3539999999999617,3.0456153698141963e-06,0.9999997297630555
1.3549999999999616,3.011483474675222e-06,0.9999997327915728
1.3559999999999615,2.9777340921652264e-06,0.99999973578615
1.3569999999999613,2.944362935456724e-06,0.9999997387471672
1.3579999999999612,2.911365765792814e-06,0.9999997416750005
1.3589999999999611,2.8787383919945366e-06,0.9999997445700219
1.359999999999961,2.8464766698166488e-06,0.9999997474325992
1.360999999999961,2.814576501379189e-06,0.9999997502630958
1.3619999999999608,2.783033834788522e-06,0.9999997530618714
1.3629999999999607,2.751844663644695e-06,0.9999997558292814
1.3639999999999606,2.7210050262456308e-06,0.9999997585656772
1.3649999999999605,2.690511005530283e-06,0.9999997612714067
1.3659999999999604,2.6603587281123002e-06,0.9999997639468132
1.3669999999999602,2.6305443640337014e-06,0.9999997665922368
1.3679999999999601,2.6010641264806608e-06,0.9999997692080134
1.36899999999996,2.5719142709687526e-06,0.9999997717944752
1.36999999999996,2.5430910947555677e-06,0.9999997743519508
1.3709999999999598,2.5145909369922967e-06,0.999999776880765
1.3719999999999597,2.486410177511071e-06,0.9999997793812391
1.3729999999999596,2.4585452369386476e-06,0.9999997818536907
1.3739999999999595,2.430992575786917e-06,0.9999997842984337
1.3749999999999594,2.403748694433953e-06,0.9999997867157788
1.3759999999999593,2.376810132366103e-06,0.9999997891060329
1.3769999999999591,2.3501734679695596e-06,0.9999997914694997
1.377999999999959,2.3238353179808754e-06,0.9999997938064793
1.378999999999959,2.2977923369564247e-06,0.9999997961172686
1.3799999999999588,2.2720412169123947e-06,0.9999997984021612
1.3809999999999587,2.246578686983725e-06,0.9999998006614473
1.3819999999999586,2.221401512931465e-06,0.9999998028954138
1.3829999999999585,2.196506496820661e-06,0.9999998051043444
1.3839999999999584,2.1718904766224516e-06,0.9999998072885198
1.3849999999999583,2.147550325550896e-06,0.9999998094482173
1.3859999999999582,2.1234829521198154e-06,0.9999998115837113
1.386999999999958,2.099685299195405e-06,0.9999998136952731
1.387999999999958,2.0761543440909714e-06,0.9999998157831709
1.3889999999999578,2.0528870979606027e-06,0.9999998178476698
1.3899999999999577,2.0298806054012654e-06,0.999999819889032
1.3909999999999576,2.0071319442633265e-06,0.9999998219075169
1.3919999999999575,1.984638225006327e-06,0.9999998239033808
1.3929999999999574,1.9623965905284526e-06,0.9999998258768773
1.3939999999999573,1.9404042158065247e-06,0.999999827828257
1.3949999999999572,1.9186583073654625e-06,0.9999998297577679
1.395999999999957,1.8971561030130135e-06,0.9999998316656549
1.396999999999957,1.8758948716881707e-06,0.9999998335521604
1.3979999999999568,1.8548719127979995e-06,0.999999835417524
1.3989999999999567,1.83408455602816e-06,0.9999998372619827
1.3999999999999566,1.8135301609639506e-06,0.9999998390857707
1.4009999999999565,1.7932061169197774e-06,0.9999998408891198
1.4019999999999564,1.7731098423896685e-06,0.9999998426722588
1.4029999999999563,1.7532387847062134e-06,0.9999998444354145
1.4039999999999562,1.733590419851084e-06,0.9999998461788105
1.404999999999956,1.7141622522845058e-06,0.9999998479026686
1.405999999999956,1.69495181422524e-06,0.9999998496072076
1.4069999999999558,1.6759566655368975e-06,0.9999998512926439
1.4079999999999557,1.657174393557408e-06,0.9999998529591918
1.4089999999999556,1.638602612473743e-06,0.9999998546070629
1.4099999999999555,1.6202389634166544e-06,0.9999998562364664
1.4109999999999554,1.6020811138543448e-06,0.9999998578476094
1.4119999999999553,1.5841267574029897e-06,0.9999998594406965
1.4129999999999552,1.5663736135425198e-06,0.99999986101593
1.413999999999955,1.5488194273134568e-06,0.99999986257351
1.414999999999955,1.5314619689758524e-06,0.9999998641136344
1.4159999999999549,1.514299033895602e-06,0.9999998656364988
1.4169999999999547,1.4973284420328531e-06,0.9999998671422966
1.4179999999999546,1.480548037809371e-06,0.999999868631219
1.4189999999999545,1.4639556898432702e-06,0.9999998701034554
1.4199999999999544,1.447549290589005e-06,0.9999998715591925
1.4209999999999543,1.4313267561099968e-06,0.9999998729986153
1.4219999999999542,1.415286025889155e-06,0.9999998744219066
1.422999999999954,1.3994250624120264e-06,0.9999998758292473
1.423999999999954,1.3837418510910032e-06,0.9999998772208161
1.4249999999999539,1.3682343998295233e-06,0.9999998785967896
1.4259999999999537,1.3529007389273322e-06,0.9999998799573427
1.4269999999999536,1.3377389209288998e-06,0.9999998813026484
1.4279999999999535,1.3227470197328733e-06,0.9999998826328773
1.4289999999999534,1.3079231312173558e-06,0.9999998839481985
1.4299999999999533,1.293265372481993e-06,0.999999885248779
1.4309999999999532,1.2787718816395479e-06,0.999999886534784
1.431999999999953,1.2644408178537964e-06,0.9999998878063769
1.432999999999953,1.2502703608658318e-06,0.9999998890637192
1.4339999999999529,1.236258710728796e-06,0.9999998903069706
1.4349999999999528,1.22240408771314e-06,0.999999891536289
1.4359999999999526,1.2087047319655639e-06,0.9999998927518305
1.4369999999999525,1.1951589035279638e-06,0.9999998939537497
1.4379999999999524,1.1817648817121555e-06,0.999999895142199
1.4389999999999523,1.168520965327247e-06,0.9999998963173294
1.4399999999999522,1.1554254721491005e-06,0.9999998974792904
1.440999999999952,1.14247673876875e-06,0.9999998986282294
1.441999999999952,1.1296731204787139e-06,0.9999998997642923
1.4429999999999519,1.1170129911024656e-06,0.9999999008876235
1.4439999999999518,1.1044947423691555e-06,0.9999999019983656
1.4449999999999517,1.0921167843115146e-06,0.9999999030966598
1.4459999999999515,1.079877544830055e-06,0.9999999041826454
1.4469999999999514,1.0677754692572708e-06,0.9999999052564605
1.4479999999999513,1.055809020395534e-06,0.9999999063182415
1.4489999999999512,1.0439766783086673e-06,0.9999999073681233
1.449999999999951,1.0322769400377282e-06,0.9999999084062391
1.450999999999951,1.020708319487322e-06,0.9999999094327209
1.4519999999999509,1.0092693472740189e-06,0.999999910447699
1.4529999999999508,9.979585704231894e-07,0.9999999114513023
1.4539999999999507,9.867745523690042e-07,0.9999999124436584
1.4549999999999506,9.75715872404948e-07,0.9999999134248932
1.4559999999999504,9.647811258543495e-07,0.9999999143951315
1.4569999999999503,9.539689238809034e-07,0.9999999153544964
1.4579999999999502,9.4327789314761e-07,0.9999999163031098
1.4589999999999501,9.327066756651928e-07,0.9999999172410922
1.45999999999995,9.222539287352549e-07,0.9999999181685626
1.46099999999995,9.119183247039574e-07,0.999999919085639
1.4619999999999498,9.01698550677803e-07,0.9999999199924379
1.4629999999999497,8.915933085994261e-07,0.9999999208890743
1.4639999999999496,8.816013149633768e-07,0.9999999217756622
1.4649999999999495,8.717213005887465e-07,0.9999999226523142
1.4659999999999493,8.619520104675858e-07,0.9999999235191417
1.4669999999999492,8.522922037838523e-07,0.9999999243762547
1.4679999999999491,8.427406535344542e-07,0.9999999252237622
1.468999999999949,8.332961465481983e-07,0.9999999260617718
1.469999999999949,8.239574830689383e-07,0.9999999268903899
1.4709999999999488,8.147234770587399e-07,0.9999999277097217
1.4719999999999487,8.055929555915503e-07,0.9999999285198713
1.4729999999999486,7.965647588910945e-07,0.9999999293209417
1.4739999999999485,7.876377402171883e-07,0.9999999301130346
1.4749999999999484,7.788107658467903e-07,0.9999999308962505
1.4759999999999482,7.700827144487244e-07,0.999999931670689
1.4769999999999481,7.614524774626361e-07,0.9999999324364485
1.477999999999948,7.529189587010881e-07,0.9999999331936261
1.478999999999948,7.444810741411349e-07,0.9999999339423182
1.4799999999999478,7.361377521327488e-07,0.9999999346826198
1.4809999999999477,7.278879328493326e-07,0.999999935414625
1.4819999999999476,7.197305684203556e-07,0.9999999361384265
1.4829999999999475,7.11664622741874e-07,0.9999999368541166
1.4839999999999474,7.036890711923153e-07,0.999999937561786
1.4849999999999473,6.958029008030076e-07,0.9999999382615246
1.4859999999999471,6.880051098792236e-07,0.9999999389534212
1.486999999999947,6.802947080759721e-07,0.9999999396375638
1.487999999999947,6.726707160190418e-07,0.9999999403140394
1.4889999999999468,6.651321651913145e-07,0.9999999409829338
1.4899999999999467,6.576780980653992e-07,0.9999999416443319
1.4909999999999466,6.503075679331028e-07,0.9999999422983178
1.4919999999999465,6.430196385454209e-07,0.9999999429449745
1.4929999999999464,6.358133843020164e-07,0.9999999435843843
1.4939999999999463,6.286878898154199e-07,0.9999999442166282
1.4949999999999461,6.216422499868205e-07,0.9999999448417867
1.495999999999946,6.146755698923797e-07,0.9999999454599391
1.496999999999946,6.077869646127003e-07,0.9999999460711639
1.4979999999999458,6.00975559138088e-07,0.9999999466755388
1.4989999999999457,5.942404883685511e-07,0.9999999472731406
1.4999999999999456,5.875808968106359e-07,0.999999947864045
1.5009999999999455,5.809959386153218e-07,0.9999999484483272
1.5019999999999454,5.744847774453872e-07,0.9999999490260614
1.5029999999999453,5.680465862669832e-07,0.999999949597321
1.5039999999999452,5.616805472738428e-07,0.9999999501621786
1.504999999999945,5.553858517167501e-07,0.9999999507207059
1.505999999999945,5.491617001119667e-07,0.9999999512729738
1.5069999999999448,5.430073019949099e-07,0.9999999518190525
1.5079999999999447,5.369218755980401e-07,0.9999999523590114
1.5089999999999446,5.309046479077043e-07,0.999999952892919
1.5099999999999445,5.24954854645188e-07,0.9999999534208431
1.5109999999999444,5.190717401719765e-07,0.9999999539428509
1.5119999999999443,5.13254557167642e-07,0.9999999544590086
1.5129999999999442,5.075025666677395e-07,0.9999999549693818
1.513999999999944,5.018150381017017e-07,0.9999999554740352
1.514999999999944,4.961912491223097e-07,0.999999955973033
1.5159999999999438,4.906304853593708e-07,0.9999999564664387
1.5169999999999437,4.851320405144579e-07,0.9999999569543148
1.5179999999999436,4.796952162282748e-07,0.9999999574367233
1.5189999999999435,4.743193218153865e-07,0.9999999579137255
1.5199999999999434,4.69003674453698e-07,0.999999958385382
1.5209999999999433,4.637475990707669e-07,0.9999999588517527
1.5219999999999432,4.5855042794589953e-07,0.9999999593128969
1.522999999999943,4.5341150093752494e-07,0.999999959768873
1.523999999999943,4.4833016536950776e-07,0.999999960219739
1.5249999999999428,4.433057758037746e-07,0.9999999606655523
1.5259999999999427,4.3833769405926196e-07,0.9999999611063694
1.5269999999999426,4.3342528909822924e-07,0.9999999615422462
1.5279999999999425,4.285679369883632e-07,0.9999999619732383
1.5289999999999424,4.237650206754043e-07,0.9999999623994003
1.5299999999999423,4.190159301726248e-07,0.9999999628207863
1.5309999999999422,4.1432006214397684e-07,0.9999999632374499
1.531999999999942,4.0967682024515315e-07,0.999999963649444
1.532999999999942,4.050856146877875e-07,0.9999999640568209
1.5339999999999419,4.0054586229629794e-07,0.9999999644596324
1.5349999999999417,3.9605698646999136e-07,0.9999999648579295
1.5359999999999416,3.916184169935854e-07,0.999999965251763
1.5369999999999415,3.8722959005615617e-07,0.9999999656411829
1.5379999999999414,3.828899483648251e-07,0.9999999660262385
1.5389999999999413,3.785989405952727e-07,0.999999966406979
1.5399999999999412,3.7435602169490333e-07,0.9999999667834525
1.540999999999941,3.7016065273126277e-07,0.9999999671557069
1.541999999999941,3.660123007404558e-07,0.9999999675237895
1.5429999999999409,3.6191043891662416e-07,0.999999967887747
1.5439999999999408,3.578545462140428e-07,0.9999999682476257
1.5449999999999406,3.5384410747975445e-07,0.9999999686034713
1.5459999999999405,3.49878613301987e-07,0.9999999689553289
1.5469999999999404,3.4595755999120594e-07,0.9999999693032433
1.5479999999999403,3.4208044952327085e-07,0.9999999696472587
1.5489999999999402,3.3824678946364413e-07,0.9999999699874187
1.54999999999994,3.3445609285370424e-07,0.9999999703237665
1.55099999999994,3.307078782486412e-07,0.999999970656345
1.5519999999999399,3.2700166939534397e-07,0.9999999709851963
1.5529999999999398,3.233369956492522e-07,0.9999999713103622
1.5539999999999397,3.197133915575045e-07,0.999999971631884
1.5549999999999395,3.1613039678314704e-07,0.9999999719498026
1.5559999999999394,3.125875561998729e-07,0.9999999722641583
1.5569999999999393,3.090844199299173e-07,0.999999972574991
1.5579999999999392,3.0562054292720627e-07,0.9999999728823402
1.558999999999939,3.0219548512893877e-07,0.999999973186245
1.559999999999939,2.988088116640127e-07,0.999999973486744
1.5609999999999389,2.954600923224863e-07,0.9999999737838753
1.5619999999999388,2.921489017071606e-07,0.9999999740776767
1.5629999999999387,2.888748192146317e-07,0.9999999743681856
1.5639999999999386,2.8563742901634287e-07,0.9999999746554387
1.5649999999999384,2.8243631979331514e-07,0.9999999749394726
1.5659999999999383,2.7927108507720806e-07,0.9999999752203232
1.5669999999999382,2.761413229471547e-07,0.9999999754980265
1.567999999999938,2.7304663570764885e-07,0.9999999757726177
1.568999999999938,2.6998663022960575e-07,0.9999999760441315
1.569999999999938,2.669609179124662e-07,0.9999999763126024
1.5709999999999378,2.639691144189275e-07,0.9999999765780646
1.5719999999999377,2.6101083980757795e-07,0.9999999768405519
1.5729999999999376,2.580857182297321e-07,0.9999999771000974
1.5739999999999374,2.551933782515433e-07,0.9999999773567342
1.5749999999999373,2.523334524560998e-07,0.9999999776104949
1.5759999999999372,2.4950557761395506e-07,0.9999999778614117
1.5769999999999371,2.467093944747019e-07,0.9999999781095166
1.577999999999937,2.4394454788065934e-07,0.999999978354841
1.578999999999937,2.4121068655844657e-07,0.9999999785974161
1.5799999999999368,2.3850746334635685e-07,0.9999999788372727
1.5809999999999367,2.358345348722446e-07,0.9999999790744412
1.5819999999999366,2.3319156161036893e-07,0.9999999793089517
1.5829999999999365,2.3057820791928936e-07,0.9999999795408341
1.5839999999999363,2.279941418523875e-07,0.9999999797701178
1.5849999999999362,2.2543903519576285e-07,0.999999979996832
1.5859999999999361,2.229125633166503e-07,0.9999999802210054
1.586999999999936,2.2041440533395038e-07,0.9999999804426666
1.587999999999936,2.179442439098034e-07,0.9999999806618436
1.5889999999999358,2.1550176532538065e-07,0.9999999808785643
1.5899999999999357,2.1308665932930202e-07,0.9999999810928563
1.5909999999999356,2.1069861921342712e-07,0.9999999813047467
1.5919999999999355,2.083373416233773e-07,0.9999999815142624
1.5929999999999354,2.0600252661537904e-07,0.9999999817214301
1.5939999999999352,2.0369387767521176e-07,0.9999999819262761
1.5949999999999351,2.0141110156662536e-07,0.9999999821288265
1.595999999999935,1.991539082934446e-07,0.9999999823291068
1.596999999999935,1.9692201123220382e-07,0.9999999825271426
1.5979999999999348,1.9471512688582532e-07,0.9999999827229591
1.5989999999999347,1.9253297480782827e-07,0.9999999829165811
1.5999999999999346,1.9037527786759788e-07,0.9999999831080332
1.6009999999999345,1.8824176200406405e-07,0.9999999832973397
1.6019999999999344,1.8613215622570124e-07,0.9999999834845247
1.6029999999999343,1.8404619257263299e-07,0.9999999836696118
1.6039999999999341,1.8198360611663172e-07,0.9999999838526248
1.604999999999934,1.7994413484743216e-07,0.9999999840335867
1.605999999999934,1.7792751978641795e-07,0.9999999842125207
1.6069999999999338,1.7593350470240469e-07,0.9999999843894494
1.6079999999999337,1.7396183622532667e-07,0.9999999845643952
1.6089999999999336,1.7201226401676725e-07,0.9999999847373804
1.6099999999999335,1.700845405046895e-07,0.999999984908427
1.6109999999999334,1.6817842080764496e-07,0.9999999850775567
1.6119999999999333,1.6629366273477367e-07,0.999999985244791
1.6129999999999332,1.6443002693738663e-07,0.999999985410151
1.613999999999933,1.6258727679527888e-07,0.9999999855736579
1.614999999999933,1.60765178189356e-07,0.9999999857353324
1.6159999999999328,1.5896349961532073e-07,0.9999999858951951
1.6169999999999327,1.5718201222156876e-07,0.9999999860532662
1.6179999999999326,1.554204897523452e-07,0.9999999862095659
1.6189999999999325,1.5367870845300562e-07,0.9999999863641138
1.6199999999999324,1.519564471079116e-07,0.9999999865169298
1.6209999999999323,1.5025348692674397e-07,0.9999999866680331
1.6219999999999322,1.4856961165818958e-07,0.9999999868174431
1.622999999999932,1.4690460747625445e-07,0.9999999869651786
1.623999999999932,1.4525826288552484e-07,0.9999999871112585
1.6249999999999318,1.436303686264281e-07,0.9999999872557013
1.6259999999999317,1.4202071799734543e-07,0.9999999873985254
1.6269999999999316,1.4042910657039483e-07,0.9999999875397487
1.6279999999999315,1.3885533224827443e-07,0.9999999876793895
1.6289999999999314,1.3729919494214986e-07,0.9999999878174652
1.6299999999999313,1.3576049715903615e-07,0.9999999879539937
1.6309999999999312,1.3423904333862465e-07,0.999999988088992
1.631999999999931,1.3273464030803025e-07,0.9999999882224775
1.632999999999931,1.3124709697862654e-07,0.9999999883544669
1.6339999999999308,1.2977622440288924e-07,0.9999999884849772
1.6349999999999307,1.2832183577439615e-07,0.9999999886140248
1.6359999999999306,1.2688374633308818e-07,0.9999999887416263
1.6369999999999305,1.254617733463215e-07,0.9999999888677977
1.6379999999999304,1.240557363172934e-07,0.9999999889925552
1.6389999999999303,1.2266545656819063e-07,0.9999999891159145
1.6399999999999302,1.2129075752440637e-07,0.9999999892378912
1.64099999999993,1.1993146463874914e-07,0.9999999893585011
1.64199999999993,1.1858740516406899e-07,0.9999999894777593
1.6429999999999298,1.1725840847537031e-07,0.9999999895956809
1.6439999999999297,1.1594430569085567e-07,0.9999999897122811
1.6449999999999296,1.1464492988035168e-07,0.9999999898275745
1.6459999999999295,1.1336011602741339e-07,0.9999999899415759
1.6469999999999294,1.1208970082089841e-07,0.9999999900542996
1.6479999999999293,1.1083352305287086e-07,0.99999999016576
1.6489999999999292,1.095914232206974e-07,0.9999999902759713
1.649999999999929,1.0836324345125606e-07,0.9999999903849475
1.650999999999929,1.0714882778515328e-07,0.9999999904927024
1.6519999999999289,1.059480219682981e-07,0.9999999905992497
1.6529999999999287,1.0476067343295429e-07,0.999999990704603
1.6539999999999286,1.0358663135458379e-07,0.9999999908087756
1.6549999999999285,1.0242574659500332e-07,0.9999999909117806
1.6559999999999284,1.0127787185396682e-07,0.9999999910136314
1.6569999999999283,1.0014286123336587e-07,0.9999999911143407
1.6579999999999282,9.902057054039463e-08,0.9999999912139214
1.658999999999928,9.79108572496542e-08,0.999999991312386
1.659999999999928,9.68135803136746e-08,0.9999999914097473
1.6609999999999279,9.572860042818398e-08,0.9999999915060174
1.6619999999999278,9.465577984263067e-08,0.9999999916012086
1.6629999999999276,9.35949821896528e-08,0.9999999916953329
1.6639999999999275,9.254607284508669e-08,0.9999999917884025
1.6649999999999274,9.150891851111513e-08,0.999999991880429
1.6659999999999273,9.048338750048443e-08,0.9999999919714242
1.6669999999999272,8.946934947123513e-08,0.9999999920613997
1.667999999999927,8.84666756351279e-08,0.9999999921503667
1.668999999999927,8.74752387008001e-08,0.9999999922383368
1.6699999999999269,8.649491266533994e-08,0.999999992325321
1.6709999999999268,8.552557300376449e-08,0.9999999924113303
1.6719999999999267,8.456709666901972e-08,0.9999999924963757
1.6729999999999265,8.361936186460682e-08,0.999999992580468
1.6739999999999264,8.268224830985148e-08,0.9999999926636179
1.6749999999999263,8.175563687989557e-08,0.9999999927458361
1.6759999999999262,8.083940983307083e-08,0.9999999928271327
1.676999999999926,7.993345094353349e-08,0.9999999929075183
1.677999999999926,7.903764500862133e-08,0.999999992987003
1.6789999999999259,7.815187817096638e-08,0.999999993065597
1.6799999999999258,7.727603807007734e-08,0.9999999931433101
1.6809999999999257,7.641001346338351e-08,0.9999999932201523
1.6819999999999256,7.555369432097378e-08,0.9999999932961333
1.6829999999999254,7.470697190138788e-08,0.9999999933712629
1.6839999999999253,7.38697386189817e-08,0.9999999934455505
1.6849999999999252,7.304188810077075e-08,0.9999999935190055
1.6859999999999251,7.222331518643013e-08,0.9999999935916373
1.686999999999925,7.141391596619017e-08,0.9999999936634552
1.687999999999925,7.061358761030615e-08,0.9999999937344681
1.6889999999999248,6.982222850169295e-08,0.9999999938046853
1.6899999999999247,6.903973804644699e-08,0.9999999938741155
1.6909999999999246,6.826601690121991e-08,0.9999999939427677
1.6919999999999245,6.75009667458449e-08,0.9999999940106505
1.6929999999999243,6.674449037807568e-08,0.9999999940777725
1.6939999999999242,6.599649178937782e-08,0.9999999941441423
1.6949999999999241,6.525687593755498e-08,0.9999999942097683
1.695999999999924,6.452554889833139e-08,0.9999999942746588
1.696999999999924,6.380241778956063e-08,0.9999999943388221
1.6979999999999238,6.308739067648661e-08,0.9999999944022664
1.6989999999999237,6.23803768370128e-08,0.9999999944649997
1.6999999999999236,6.168128630695499e-08,0.9999999945270298
1.7009999999999235,6.099003050531874e-08,0.9999999945883649
1.7019999999999234,6.03065214574395e-08,0.9999999946490125
1.7029999999999232,5.96306724960513e-08,0.9999999947089804
1.7039999999999231,5.896239774969603e-08,0.9999999947682763
1.704999999999923,5.830161227535813e-08,0.9999999948269077
1.705999999999923,5.764823207741232e-08,0.999999994884882
1.7069999999999228,5.7002174240258294e-08,0.9999999949422066
1.7079999999999227,5.636335673884263e-08,0.9999999949988888
1.7089999999999226,5.573169838181539e-08,0.9999999950549358
1.7099999999999225,5.510711898206037e-08,0.9999999951103545
1.7109999999999224,5.448953916721703e-08,0.9999999951651523
1.7119999999999223,5.387888056915857e-08,0.9999999952193359
1.7129999999999221,5.327506548293141e-08,0.9999999952729123
1.713999999999922,5.2678017397293755e-08,0.9999999953258882
1.714999999999922,5.20876603315424e-08,0.9999999953782706
1.7159999999999218,5.150391934710348e-08,0.9999999954300658
1.7169999999999217,5.0926720263315385e-08,0.9999999954812806
1.7179999999999216,5.0355989771115585e-08,0.9999999955319214
1.7189999999999215,4.979165545198845e-08,0.9999999955819947
1.7199999999999214,4.9233645588487197e-08,0.9999999956315069
1.7209999999999213,4.8681889164233845e-08,0.9999999956804642
1.7219999999999211,4.813631628077101e-08,0.9999999957288728
1.722999999999921,4.7596857437545235e-08,0.9999999957767388
1.723999999999921,4.706344434666265e-08,0.9999999958240685
1.7249999999999208,4.6536009156028955e-08,0.9999999958708677
1.7259999999999207,4.6014484771462084e-08,0.9999999959171425
1.7269999999999206,4.5498805159857123e-08,0.9999999959628987
1.7279999999999205,4.49889047049609e-08,0.999999996008142
1.7289999999999204,4.448471870001495e-08,0.9999999960528784
1.7299999999999203,4.3986183063538406e-08,0.9999999960971133
1.7309999999999202,4.349323445301485e-08,0.9999999961408526
1.73199999999992,4.3005810302787935e-08,0.9999999961841016
1.73299999999992,4.252384863458328e-08,0.999999996226866
1.7339999999999198,4.204728830383001e-08,0.9999999962691511
1.7349999999999197,4.157606871544361e-08,0.9999999963109624
1.7359999999999196,4.1110130013304026e-08,0.9999999963523051
1.7369999999999195,4.064941300446441e-08,0.9999999963931844
1.7379999999999194,4.019385921599457e-08,0.9999999964336056
1.7389999999999193,3.97434107812941e-08,0.9999999964735738
1.7399999999999192,3.929801042114459e-08,0.9999999965130941
1.740999999999919,3.885760159529209e-08,0.9999999965521715
1.741999999999919,3.8422128426655855e-08,0.999999996590811
1.7429999999999188,3.799153560658933e-08,0.9999999966290174
1.7439999999999187,3.756576835698455e-08,0.9999999966667956
1.7449999999999186,3.714477275238481e-08,0.9999999967041505
1.7459999999999185,3.6728495075759294e-08,0.9999999967410867
1.7469999999999184,3.6316882652206524e-08,0.9999999967776091
1.7479999999999183,3.5909883109989916e-08,0.9999999968137221
1.7489999999999182,3.550744472159832e-08,0.9999999968494304
1.749999999999918,3.510951640374597e-08,0.9999999968847385
1.750999999999918,3.471604766052912e-08,0.9999999969196509
1.7519999999999178,3.432698850763479e-08,0.9999999969541721
1.7529999999999177,3.394228945339295e-08,0.9999999969883063
1.7539999999999176,3.356190170720242e-08,0.9999999970220581
1.7549999999999175,3.318577687636593e-08,0.9999999970554316
1.7559999999999174,3.2813867250307255e-08,0.9999999970884311
1.7569999999999173,3.244612553530191e-08,0.9999999971210608
1.7579999999999172,3.2082505081850807e-08,0.9999999971533248
1.758999999999917,3.1722959657306616e-08,0.9999999971852271
1.759999999999917,3.13674436542996e-08,0.999999997216772
1.7609999999999169,3.101591192020737e-08,0.9999999972479634
1.7619999999999167,3.0668319738207093e-08,0.9999999972788052
1.7629999999999166,3.032462297885793e-08,0.9999999973093013
1.7639999999999165,2.998477808115322e-08,0.9999999973394558
1.7649999999999164,2.9648741692512194e-08,0.9999999973692723
1.7659999999999163,2.9316471123527275e-08,0.9999999973987546
1.7669999999999162,2.8987924272172895e-08,0.9999999974279065
1.767999999999916,2.8663059491170837e-08,0.9999999974567316
1.768999999999916,2.834183545535559e-08,0.9999999974852338
1.7699999999999159,2.802421129430899e-08,0.9999999975134165
1.7709999999999158,2.7710146762890486e-08,0.9999999975412834
1.7719999999999156,2.739960188122881e-08,0.9999999975688381
1.7729999999999155,2.7092537218939082e-08,0.9999999975960838
1.7739999999999154,2.6788913819331576e-08,0.9999999976230243
1.7749999999999153,2.6488693066777078e-08,0.9999999976496627
1.7759999999999152,2.619183697092398e-08,0.9999999976760028
1.776999999999915,2.5898307636159714e-08,0.9999999977020476
1.777999999999915,2.560806788688834e-08,0.9999999977278006
1.7789999999999149,2.5321080774887602e-08,0.9999999977532649
1.7799999999999148,2.5037309939317234e-08,0.9999999977784438
1.7809999999999147,2.4756719246710645e-08,0.9999999978033406
1.7819999999999145,2.4479273132035434e-08,0.9999999978279583
1.7829999999999144,2.420493625763288e-08,0.9999999978523002
1.7839999999999143,2.393367391112186e-08,0.9999999978763693
1.7849999999999142,2.366545155065152e-08,0.9999999979001686
1.785999999999914,2.3400235127013954e-08,0.9999999979237012
1.786999999999914,2.3137990951009592e-08,0.99999999794697
1.7879999999999139,2.28786857881862e-08,0.9999999979699781
1.7889999999999138,2.2622286688308652e-08,0.9999999979927283
1.7899999999999137,2.2368760966411097e-08,0.9999999980152237
1.7909999999999136,2.211807646806627e-08,0.9999999980374669
1.7919999999999134,2.1870201360959604e-08,0.9999999980594607
1.7929999999999133,2.1625104248576086e-08,0.9999999980812081
1.7939999999999132,2.1382753999669983e-08,0.9999999981027118
1.794999999999913,2.114311972931705e-08,0.9999999981239744
1.795999999999913,2.0906171026288197e-08,0.9999999981449988
1.796999999999913,2.067187780146704e-08,0.9999999981657877
1.7979999999999128,2.0440210268902094e-08,0.9999999981863434
1.7989999999999127,2.0211139002650197e-08,0.9999999982066688
1.7999999999999126,1.9984635012567728e-08,0.9999999982267666
1.8009999999999124,1.976066936535449e-08,0.999999998246639
1.8019999999999123,1.953921373404008e-08,0.9999999982662887
1.8029999999999122,1.9320239905340942e-08,0.9999999982857183
1.8039999999999121,1.9103720007034023e-08,0.99999999830493
1.804999999999912,1.888962662164363e-08,0.9999999983239265
1.805999999999912,1.8677932615911155e-08,0.99999999834271
1.8069999999999118,1.846861106500387e-08,0.9999999983612831
1.8079999999999117,1.826163544199297e-08,0.999999998379648
1.8089999999999116,1.8056979219949655e-08,0.9999999983978072
1.8099999999999115,1.7854616610909566e-08,0.9999999984157628
1.8109999999999113,1.765452182690835e-08,0.9999999984335172
1.8119999999999112,1.7456669477885575e-08,0.9999999984510726
1.8129999999999111,1.7261034420102308e-08,0.9999999984684312
1.813999999999911,1.7067591850880114e-08,0.9999999984855954
1.814999999999911,1.6876317119123015e-08,0.9999999985025672
1.8159999999999108,1.6687186009534576e-08,0.9999999985193487
1.8169999999999107,1.650017451524423e-08,0.9999999985359422
1.8179999999999106,1.631525879991167e-08,0.9999999985523498
1.8189999999999105,1.613241542510052e-08,0.9999999985685735
1.8199999999999104,1.5951621085009045e-08,0.9999999985846153
1.8209999999999102,1.5772852947530668e-08,0.9999999986004774
1.8219999999999101,1.5596088237402233e-08,0.9999999986161617
1.82299999999991,1.542130440673426e-08,0.9999999986316702
1.82399999999991,1.5248479513967068e-08,0.999999998647005
1.8249999999999098,1.5077591390167304e-08,0.9999999986621678
1.8259999999999097,1.4908618396940185e-08,0.9999999986771607
1.8269999999999096,1.4741539142212414e-08,0.9999999986919856
1.8279999999999095,1.4576332271806304e-08,0.9999999987066445
1.8289999999999094,1.4412976810500298e-08,0.999999998721139
1.8299999999999093,1.4251452048342122e-08,0.9999999987354711
1.8309999999999091,1.409173746485757e-08,0.9999999987496425
1.831999999999909,1.3933812785893913e-08,0.9999999987636552
1.832999999999909,1.3777657926776486e-08,0.9999999987775108
1.8339999999999088,1.3623253049152108e-08,0.999999998791211
1.8349999999999087,1.3470578617832497e-08,0.9999999988047578
1.8359999999999086,1.3319615343950853e-08,0.9999999988181527
1.8369999999999085,1.3170343843901346e-08,0.9999999988313976
1.8379999999999084,1.3022745188825491e-08,0.999999998844494
1.8389999999999083,1.2876800639342875e-08,0.9999999988574436
1.8399999999999082,1.273249164555114e-08,0.9999999988702482
1.840999999999908,1.2589799922817221e-08,0.9999999988829091
1.841999999999908,1.2448707375986114e-08,0.9999999988954282
1.8429999999999078,1.2309196042537456e-08,0.9999999989078071
1.8439999999999077,1.2171248149428953e-08,0.9999999989200472
1.8449999999999076,1.2034846226783207e-08,0.9999999989321501
1.8459999999999075,1.1899972956305273e-08,0.9999999989441174
1.8469999999999074,1.176661119023046e-08,0.9999999989559506
1.8479999999999073,1.163474402711556e-08,0.9999999989676511
1.8489999999999072,1.150435469815201e-08,0.9999999989792205
1.849999999999907,1.1375426605061501e-08,0.9999999989906603
1.850999999999907,1.1247943376939403e-08,0.9999999990019719
1.8519999999999068,1.112188881341134e-08,0.9999999990131567
1.8529999999999067,1.0997246884633195e-08,0.9999999990242162
1.8539999999999066,1.0874001807082328e-08,0.9999999990351517
1.8549999999999065,1.0752137986714166e-08,0.9999999990459646
1.8559999999999064,1.063163990527536e-08,0.9999999990566564
1.8569999999999063,1.0512492139251593e-08,0.9999999990672284
1.8579999999999062,1.0394679663032478e-08,0.9999999990776819
1.858999999999906,1.027818750785105e-08,0.9999999990880182
1.859999999999906,1.0163000894418405e-08,0.9999999990982387
1.8609999999999058,1.0049105195028089e-08,0.9999999991083446
1.8619999999999057,9.93648597145171e-09,0.9999999991183373
1.8629999999999056,9.825128766513074e-09,0.9999999991282179
1.8639999999999055,9.715019615678945e-09,0.9999999991379879
1.8649999999999054,9.606144440729252e-09,0.9999999991476484
1.8659999999999053,9.498489371869793e-09,0.9999999991572006
1.8669999999999052,9.392040804575656e-09,0.9999999991666457
1.867999999999905,9.286785229060956e-09,0.999999999175985
1.868999999999905,9.182709268174456e-09,0.9999999991852196
1.8699999999999048,9.07979973424298e-09,0.9999999991943508
1.8709999999999047,8.97804343959335e-09,0.9999999992033796
1.8719999999999046,8.877427537612908e-09,0.9999999992123072
1.8729999999999045,8.777939295375827e-09,0.9999999992211348
1.8739999999999044,8.679565904165056e-09,0.9999999992298635
1.8749999999999043,8.582294953167477e-09,0.9999999992384944
1.8759999999999042,8.486114088413392e-09,0.9999999992470284
1.876999999999904,8.391011164358972e-09,0.9999999992554669
1.877999999999904,8.296974035460386e-09,0.9999999992638108
1.8789999999999039,8.203990821443091e-09,0.9999999992720612
1.8799999999999037,8.112049698875965e-09,0.9999999992802191
1.8809999999999036,8.021138901171303e-09,0.9999999992882856
1.8819999999999035,7.931246908062884e-09,0.9999999992962617
1.8829999999999034,7.842362294023517e-09,0.9999999993041484
1.8839999999999033,7.754473823004073e-09,0.9999999993119467
1.8849999999999032,7.667570372642262e-09,0.9999999993196577
1.885999999999903,7.581640763732373e-09,0.9999999993272822
1.886999999999903,7.496674120233598e-09,0.9999999993348213
1.8879999999999029,7.412659679791968e-09,0.9999999993422759
1.8889999999999028,7.329586793740349e-09,0.9999999993496469
1.8899999999999026,7.24744494604625e-09,0.9999999993569353
1.8909999999999025,7.166223696468409e-09,0.9999999993641421
1.8919999999999024,7.0859126616089795e-09,0.999999999371268
1.8929999999999023,7.006501685443792e-09,0.9999999993783142
1.8939999999999022,6.927980668792096e-09,0.9999999993852814
1.894999999999902,6.850339493525333e-09,0.9999999993921704
1.895999999999902,6.773568515210104e-09,0.9999999993989823
1.8969999999999019,6.697657843091527e-09,0.9999999994057178
1.8979999999999018,6.62259794642304e-09,0.9999999994123778
1.8989999999999017,6.548379275510274e-09,0.9999999994189632
1.8999999999999015,6.47499248908473e-09,0.9999999994254748
1.9009999999999014,6.40242813219107e-09,0.9999999994319134
1.9019999999999013,6.330676958299827e-09,0.9999999994382799
1.9029999999999012,6.2597299482552075e-09,0.9999999994445751
1.903999999999901,6.1895779313189686e-09,0.9999999994507996
1.904999999999901,6.120212115708994e-09,0.9999999994569545
1.9059999999999009,6.051623577008522e-09,0.9999999994630403
1.9069999999999008,5.98380375080911e-09,0.9999999994690579
1.9079999999999007,5.9167440158589e-09,0.9999999994750082
1.9089999999999006,5.8504357698538354e-09,0.9999999994808917
1.9099999999999004,5.7848706378635385e-09,0.9999999994867093
1.9109999999999003,5.720040320748855e-09,0.9999999994924617
1.9119999999999002,5.655936500422825e-09,0.9999999994981495
1.9129999999999001,5.592551124067777e-09,0.9999999995037737
1.9139999999999,5.529876119918233e-09,0.9999999995093348
1.9149999999999,5.467903567791164e-09,0.9999999995148336
1.9159999999998998,5.406625528555736e-09,0.9999999995202709
1.9169999999998997,5.346034233611372e-09,0.9999999995256471
1.9179999999998996,5.286121933305301e-09,0.9999999995309631
1.9189999999998995,5.226881067462813e-09,0.9999999995362195
1.9199999999998993,5.168304151700426e-09,0.999999999541417
1.9209999999998992,5.11038368268685e-09,0.9999999995465564
1.9219999999998991,5.053112308673245e-09,0.9999999995516381
1.922999999999899,4.996482677910773e-09,0.9999999995566629
1.923999999999899,4.940487703919881e-09,0.9999999995616313
1.9249999999998988,4.885120129690763e-09,0.9999999995665441
1.9259999999998987,4.830373058221929e-09,0.9999999995714017
1.9269999999998986,4.77623964935531e-09,0.999999999576205
1.9279999999998985,4.722712873454773e-09,0.9999999995809544
1.9289999999998984,4.669786004049087e-09,0.9999999995856507
1.9299999999998982,4.617452182032377e-09,0.9999999995902943
1.9309999999998981,4.565704813568053e-09,0.9999999995948858
1.931999999999898,4.514537380610753e-09,0.9999999995994259
1.932999999999898,4.463943403010728e-09,0.9999999996039151
1.9339999999998978,4.413916438513838e-09,0.999999999608354
1.9349999999998977,4.364450101709367e-09,0.9999999996127431
1.9359999999998976,4.315538101925626e-09,0.9999999996170831
1.9369999999998975,4.2671742811255735e-09,0.9999999996213744
1.9379999999998974,4.219352462324358e-09,0.9999999996256177
1.9389999999998973,4.1720664495893244e-09,0.9999999996298133
1.9399999999998971,4.125310482787362e-09,0.999999999633962
1.940999999999897,4.079078422829233e-09,0.9999999996380642
1.941999999999897,4.033364452738407e-09,0.9999999996421204
1.9429999999998968,3.988162812381774e-09,0.9999999996461311
1.9439999999998967,3.943467817417448e-09,0.9999999996500969
1.9449999999998966,3.899273631921091e-09,0.9999999996540182
1.9459999999998965,3.855574761028882e-09,0.9999999996578955
1.9469999999998964,3.812365709876996e-09,0.9999999996617295
1.9479999999998963,3.769640850966966e-09,0.9999999996655204
1.9489999999998961,3.727394822069614e-09,0.9999999996692689
1.949999999999896,3.685622279903566e-09,0.9999999996729754
1.950999999999896,3.6443178622396424e-09,0.9999999996766403
1.9519999999998958,3.6034763015876964e-09,0.9999999996802642
1.9529999999998957,3.5630924441444177e-09,0.9999999996838475
1.9539999999998956,3.5231611550543023e-09,0.9999999996873905
1.9549999999998955,3.483677451044297e-09,0.9999999996908939
1.9559999999998954,3.444636140415479e-09,0.999999999694358
1.9569999999998953,3.4060324672684707e-09,0.9999999996977833
1.9579999999998952,3.367861467278024e-09,0.9999999997011703
1.958999999999895,3.330118176118893e-09,0.9999999997045192
1.959999999999895,3.2927977810482795e-09,0.9999999997078307
1.9609999999998948,3.255895639853644e-09,0.999999999711105
1.9619999999998947,3.2194070534790274e-09,0.9999999997143426
1.9629999999998946,3.1833274555031144e-09,0.9999999997175439
1.9639999999998945,3.147652184765558e-09,0.9999999997207094
1.9649999999998944,3.11237669379285e-09,0.9999999997238394
1.9659999999998943,3.0774966056417377e-09,0.9999999997269342
1.9669999999998942,3.0430074675777438e-09,0.9999999997299944
1.967999999999894,3.008904864762003e-09,0.9999999997330203
1.968999999999894,2.9751843823556513e-09,0.9999999997360124
1.9699999999998938,2.941841794997886e-09,0.9999999997389709
1.9709999999998937,2.9088728583800987e-09,0.9999999997418962
1.9719999999998936,2.876273385037101e-09,0.9999999997447888
1.9729999999998935,2.8440391875037024e-09,0.999999999747649
1.9739999999998934,2.8121662867405833e-09,0.999999999750477
1.9749999999998933,2.7806504763347478e-09,0.9999999997532735
1.9759999999998932,2.7494878719859072e-09,0.9999999997560385
1.976999999999893,2.7186745136025475e-09,0.9999999997587725
1.977999999999893,2.6882065358321856e-09,0.9999999997614759
1.9789999999998928,2.658080035426727e-09,0.999999999764149
1.9799999999998927,2.6282911849293017e-09,0.9999999997667921
1.9809999999998926,2.598836251622071e-09,0.9999999997694057
1.9819999999998925,2.569711351204746e-09,0.99999999977199
1.9829999999998924,2.540912826750714e-09,0.9999999997745452
1.9839999999998923,2.512437059228973e-09,0.9999999997770719
1.9849999999998922,2.4842804296085232e-09,0.9999999997795702
1.985999999999892,2.456439375701782e-09,0.9999999997820406
1.986999999999892,2.4289102784777495e-09,0.9999999997844832
1.9879999999998919,2.4016897273312933e-09,0.9999999997868985
1.9889999999998917,2.3747742737616694e-09,0.9999999997892867
1.9899999999998916,2.3481604124247144e-09,0.9999999997916481
1.9909999999998915,2.321844808506522e-09,0.9999999997939831
1.9919999999998914,2.29582410824538e-09,0.999999999796292
1.9929999999998913,2.2700950147229934e-09,0.9999999997985749
1.9939999999998912,2.244654212073263e-09,0.9999999998008322
1.994999999999891,2.219498592855957e-09,0.9999999998030643
1.995999999999891,2.1946249169962007e-09,0.9999999998052713
1.9969999999998909,2.1700299633669254e-09,0.9999999998074536
1.9979999999998908,2.1457106813713184e-09,0.9999999998096114
1.9989999999998906,2.121663963569149e-09,0.999999999811745
1.9999999999998905,2.0978867972592176e-09,0.9999999998138548
