time,Velocity,Position
0,0,0
0.001,0,0
0.002,0,0
0.003,0,0
0.004,0,0
0.005,0,0
0.006,0,0
0.007,0,0
0.008,0,0
0.009,0,0
0.01,0,0
0.011,0,0
0.012,0,0
0.013,0,0
0.014,0,0
0.015,0,0
0.016,0,0
0.017,0,0
0.018,0,0
0.019,0,0
0.02,0,0
0.021,0,0
0.022,0,0
0.023,0,0
0.024,0,0
0.025,0,0
0.026,0,0
0.027,0,0
0.028,0,0
0.029,0,0
0.03,0,0
0.031,0,0
0.032,0,0
0.033,0,0
0.034,0,0
0.035,0,0
0.036,0,0
0.037,0,0
0.038,0,0
0.039,0,0
0.04,0,0
0.041,0,0
0.042,0,0
0.043,0,0
0.044,0,0
0.045,0,0
0.046,0,0
0.047,0,0
0.048,0,0
0.049,0,0
0.05,0,0
0.051,0,0
0.052,0,0
0.053,0,0
0.054,0,0
0.055,0,0
0.056,0,0
0.057,0,0
0.058,0,0
0.059,0,0
0.06,0,0
0.061,0,0
0.062,0,0
0.063,0,0
0.064,0,0
0.065,0,0
0.066,0,0
0.067,0,0
0.068,0,0
0.069,0,0
0.07,0,0
0.071,0,0
0.072,0,0
0.073,0,0
0.074,0,0
0.075,0,0
0.076,0,0
0.077,0,0
0.078,0,0
0.079,0,0
0.08,0,0
0.081,0,0
0.082,0,0
0.083,0,0
0.084,0,0
0.085,0,0
0.086,0,0
0.087,0,0
0.088,0,0
0.089,0,0
0.09,0,0
0.091,0,0
0.092,0,0
0.093,0,0
0.094,0,0
0.095,0,0
0.096,0,0
0.097,0,0
0.098,0,0
0.099,0,0
0.1,0,0
0.101,0,0
0.102,0,0
0.103,0,0
0.104,0,0
0.105,0,0
0.106,0,0
0.107,0,0
0.108,0,0
0.109,0,0
0.11,0,0
0.111,0,0
0.112,0,0
0.113,0,0
0.114,0,0
0.115,0,0
0.116,0,0
0.117,0,0
0.118,0,0
0.119,0,0
0.12,0,0
0.121,0,0
0.122,0,0
0.123,0,0
0.124,0,0
0.125,0,0
0.126,0,0
0.127,0,0
0.128,0,0
0.129,0,0
0.13,0,0
0.131,0,0
0.132,0,0
0.133,0,0
0.134,0,0
0.135,0,0
0.136,0,0
0.137,0,0
0.138,0,0
0.139,0,0
0.14,0,0
0.141,0,0
0.142,0,0
0.143,0,0
0.144,0,0
0.145,0,0
0.146,0,0
0.147,0,0
0.148,0,0
0.149,0,0
0.15,0,0
0.151,0,0
0.152,0,0
0.153,0,0
0.154,0,0
0.155,0,0
0.156,0,0
0.157,0,0
0.158,0,0
0.159,0,0
0.16,0,0
0.161,0,0
0.162,0,0
0.163,0,0
0.164,0,0
0.165,0,0
0.166,0,0
0.167,0,0
0.168,0,0
0.169,0,0
0.17,0,0
0.171,0,0
0.172,0,0
0.173,0,0
0.174,0,0
0.175,0,0
0.176,0,0
0.177,0,0
0.178,0,0
0.179,0,0
0.18,0,0
0.181,0,0
0.182,0,0
0.183,0,0
0.184,0,0
0.185,0,0
0.186,0,0
0.187,0,0
0.188,0,0
0.189,0,0
0.19,0,0
0.191,0,0
0.192,0,0
0.193,0,0
0.194,0,0
0.195,0,0
0.196,0,0
0.197,0,0
0.198,0,0
0.199,0,0
0.2,0,0
0.201,0,0
0.202,0,0
0.203,0,0
0.204,0,0
0.205,0,0
0.206,0,0
0.207,0,0
0.208,0,0
0.209,0,0
0.21,0,0
0.211,0,0
0.212,0,0
0.213,0,0
0.214,0,0
0.215,0,0
0.216,0,0
0.217,0,0
0.218,0,0
0.219,0,0
0.22,0,0
0.221,0,0
0.222,0,0
0.223,0,0
0.224,0,0
0.225,0,0
0.226,0,0
0.227,0,0
0.228,0,0
0.229,0,0
0.23,0,0
0.231,0,0
0.232,0,0
0.233,0,0
0.234,0,0
0.235,0,0
0.236,0,0
0.237,0,0
0.238,0,0
0.239,0,0
0.24,0,0
0.241,0,0
0.242,0,0
0.243,0,0
0.244,0,0
0.245,0,0
0.246,0,0
0.247,0,0
0.248,0,0
0.249,0,0
0.25,0,0
0.251,0,0
0.252,0,0
0.253,0,0
0.254,0,0
0.255,0,0
0.256,0,0
0.257,0,0
0.258,0,0
0.259,0,0
0.26,0,0
0.261,0,0
0.262,0,0
0.263,0,0
0.264,0,0
0.265,0,0
0.266,0,0
0.267,0,0
0.268,0,0
0.269,0,0
0.27,0,0
0.271,0,0
0.272,0,0
0.273,0,0
0.274,0,0
0.275,0,0
0.276,0,0
0.277,0,0
0.278,0,0
0.279,0,0
0.28,0,0
0.281,0,0
0.282,0,0
0.283,0,0
0.284,0,0
0.285,0,0
0.286,0,0
0.287,0,0
0.288,0,0
0.289,0,0
0.29,0,0
0.291,0,0
0.292,0,0
0.293,0,0
0.294,0,0
0.295,0,0
0.296,0,0
0.297,0,0
0.298,0,0
0.299,0,0
0.3,0,0
0.301,0,0
0.302,0,0
0.303,0,0
0.304,0,0
0.305,0,0
0.306,0,0
0.307,0,0
0.308,0,0
0.309,0,0
0.31,0,0
0.311,0,0
0.312,0,0
0.313,0,0
0.314,0,0
0.315,0,0
0.316,0,0
0.317,0,0
0.318,0,0
0.319,0,0
0.32,0,0
0.321,0,0
0.322,0,0
0.323,0,0
0.324,0,0
0.325,0,0
0.326,0,0
0.327,0,0
0.328,0,0
0.329,0,0
0.33,0,0
0.331,0,0
0.332,0,0
0.333,0,0
0.334,0,0
0.335,0,0
0.336,0,0
0.337,0,0
0.338,0,0
0.339,0,0
0.34,0,0
0.341,0,0
0.342,0,0
0.343,0,0
0.344,0,0
0.345,0,0
0.346,0,0
0.347,0,0
0.348,0,0
0.349,0,0
0.35,0,0
0.351,0,0
0.352,0,0
0.353,0,0
0.354,0,0
0.355,0,0
0.356,0,0
0.357,0,0
0.358,0,0
0.359,0,0
0.36,0,0
0.361,0,0
0.362,0,0
0.363,0,0
0.364,0,0
0.365,0,0
0.366,0,0
0.367,0,0
0.368,0,0
0.369,0,0
0.37,0,0
0.371,0,0
0.372,0,0
0.373,0,0
0.374,0,0
0.375,0,0
0.376,0,0
0.377,0,0
0.378,0,0
0.379,0,0
0.38,0,0
0.381,0,0
0.382,0,0
0.383,0,0
0.384,0,0
0.385,0,0
0.386,0,0
0.387,0,0
0.388,0,0
0.389,0,0
0.39,0,0
0.391,0,0
0.392,0,0
0.393,0,0
0.394,0,0
0.395,0,0
0.396,0,0
0.397,0,0
0.398,0,0
0.399,0,0
0.4,0,0
0.401,0,0
0.402,0,0
0.403,0,0
0.404,0,0
0.405,0,0
0.406,0,0
0.407,0,0
0.408,0,0
0.409,0,0
0.41,0,0
0.411,0,0
0.412,0,0
0.413,0,0
0.414,0,0
0.415,0,0
0.416,0,0
0.417,0,0
0.418,0,0
0.419,0,0
0.42,0,0
0.421,0,0
0.422,0,0
0.423,0,0
0.424,0,0
0.425,0,0
0.426,0,0
0.427,0,0
0.428,0,0
0.429,0,0
0.43,0,0
0.431,0,0
0.432,0,0
0.433,0,0
0.434,0,0
0.435,0,0
0.436,0,0
0.437,0,0
0.438,0,0
0.439,0,0
0.44,0,0
0.441,0,0
0.442,0,0
0.443,0,0
0.444,0,0
0.445,0,0
0.446,0,0
0.447,0,0
0.448,0,0
0.449,0,0
0.45,0,0
0.451,0,0
0.452,0,0
0.453,0,0
0.454,0,0
0.455,0,0
0.456,0,0
0.457,0,0
0.458,0,0
0.459,0,0
0.46,0,0
0.461,0,0
0.462,0,0
0.463,0,0
0.464,0,0
0.465,0,0
0.466,0,0
0.467,0,0
0.468,0,0
0.469,0,0
0.47,0,0
0.471,0,0
0.472,0,0
0.473,0,0
0.474,0,0
0.475,0,0
0.476,0,0
0.477,0,0
0.478,0,0
0.479,0,0
0.48,0,0
0.481,0,0
0.482,0,0
0.483,0,0
0.484,0,0
0.485,0,0
0.486,0,0
0.487,0,0
0.488,0,0
0.489,0,0
0.49,0,0
0.491,0,0
0.492,0,0
0.493,0,0
0.494,0,0
0.495,0,0
0.496,0,0
0.497,0,0
0.498,0,0
0.499,0,0
0.5,0,0
0.501,0,0
0.502,0,0
0.503,0,0
0.504,0,0
0.505,0,0
0.506,0,0
0.507,0,0
0.508,0,0
0.509,0,0
0.51,0,0
0.511,0,0
0.512,0,0
0.513,0,0
0.514,0,0
0.515,0,0
0.516,0,0
0.517,0,0
0.518,0,0
0.519,0,0
0.52,0,0
0.521,0,0
0.522,0,0
0.523,0,0
0.524,0,0
0.525,0,0
0.526,0,0
0.527,0,0
0.528,0,0
0.529,0,0
0.53,0,0
0.531,0,0
0.532,0,0
0.533,0,0
0.534,0,0
0.535,0,0
0.536,0,0
0.537,0,0
0.538,0,0
0.539,0,0
0.54,0,0
0.541,0,0
0.542,0,0
0.543,0,0
0.544,0,0
0.545,0,0
0.546,0,0
0.547,0,0
0.548,0,0
0.549,0,0
0.55,0,0
0.551,0,0
0.552,0,0
0.553,0,0
0.554,0,0
0.555,0,0
0.556,0,0
0.557,0,0
0.558,0,0
0.559,0,0
0.56,0,0
0.561,0,0
0.562,0,0
0.563,0,0
0.564,0,0
0.565,0,0
0.566,0,0
0.567,0,0
0.568,0,0
0.569,0,0
0.57,0,0
0.571,0,0
0.572,0,0
0.573,0,0
0.574,0,0
0.575,0,0
0.576,0,0
0.577,0,0
0.578,0,0
0.579,0,0
0.58,0,0
0.581,0,0
0.582,0,0
0.583,0,0
0.584,0,0
0.585,0,0
0.586,0,0
0.587,0,0
0.588,0,0
0.589,0,0
0.59,0,0
0.591,0,0
0.592,0,0
0.593,0,0
0.594,0,0
0.595,0,0
0.596,0,0
0.597,0,0
0.598,0,0
0.599,0,0
0.6,0,0
0.601,0,0
0.602,0,0
0.603,0,0
0.604,0,0
0.605,0,0
0.606,0,0
0.607,0,0
0.608,0,0
0.609,0,0
0.61,0,0
0.611,0,0
0.612,0,0
0.613,0,0
0.614,0,0
0.615,0,0
0.616,0,0
0.617,0,0
0.618,0,0
0.619,0,0
0.62,0,0
0.621,0,0
0.622,0,0
0.623,0,0
0.624,0,0
0.625,0,0
0.626,0,0
0.627,0,0
0.628,0,0
0.629,0,0
0.63,0,0
0.631,0,0
0.632,0,0
0.633,0,0
0.634,0,0
0.635,0,0
0.636,0,0
0.637,0,0
0.638,0,0
0.639,0,0
0.64,0,0
0.641,0,0
0.642,0,0
0.643,0,0
0.644,0,0
0.645,0,0
0.646,0,0
0.647,0,0
0.648,0,0
0.649,0,0
0.65,0,0
0.651,0,0
0.652,0,0
0.653,0,0
0.654,0,0
0.655,0,0
0.656,0,0
0.657,0,0
0.658,0,0
0.659,0,0
0.66,0,0
0.661,0,0
0.662,0,0
0.663,0,0
0.664,0,0
0.665,0,0
0.666,0,0
0.667,0,0
0.668,0,0
0.669,0,0
0.67,0,0
0.671,0,0
0.672,0,0
0.673,0,0
0.674,0,0
0.675,0,0
0.676,0,0
0.677,0,0
0.678,0,0
0.679,0,0
0.68,0,0
0.681,0,0
0.682,0,0
0.683,0,0
0.684,0,0
0.685,0,0
0.686,0,0
0.687,0,0
0.688,0,0
0.689,0,0
0.69,0,0
0.691,0,0
0.692,0,0
0.693,0,0
0.694,0,0
0.695,0,0
0.696,0,0
0.697,0,0
0.698,0,0
0.699,0,0
0.7,0,0
0.701,0,0
0.702,0,0
0.703,0,0
0.704,0,0
0.705,0,0
0.706,0,0
0.707,0,0
0.708,0,0
0.709,0,0
0.71,0,0
0.711,0,0
0.712,0,0
0.713,0,0
0.714,0,0
0.715,0,0
0.716,0,0
0.717,0,0
0.718,0,0
0.719,0,0
0.72,0,0
0.721,0,0
0.722,0,0
0.723,0,0
0.724,0,0
0.725,0,0
0.726,0,0
0.727,0,0
0.728,0,0
0.729,0,0
0.73,0,0
0.731,0,0
0.732,0,0
0.733,0,0
0.734,0,0
0.735,0,0
0.736,0,0
0.737,0,0
0.738,0,0
0.739,0,0
0.74,0,0
0.741,0,0
0.742,0,0
0.743,0,0
0.744,0,0
0.745,0,0
0.746,0,0
0.747,0,0
0.748,0,0
0.749,0,0
0.75,0,0
0.751,0,0
0.752,0,0
0.753,0,0
0.754,0,0
0.755,0,0
0.756,0,0
0.757,0,0
0.758,0,0
0.759,0,0
0.76,0,0
0.761,0,0
0.762,0,0
0.763,0,0
0.764,0,0
0.765,0,0
0.766,0,0
0.767,0,0
0.768,0,0
0.769,0,0
0.77,0,0
0.771,0,0
0.772,0,0
0.773,0,0
0.774,0,0
0.775,0,0
0.776,0,0
0.777,0,0
0.778,0,0
0.779,0,0
0.78,0,0
0.781,0,0
0.782,0,0
0.783,0,0
0.784,0,0
0.785,0,0
0.786,0,0
0.787,0,0
0.788,0,0
0.789,0,0
0.79,0,0
0.791,0,0
0.792,0,0
0.793,0,0
0.794,0,0
0.795,0,0
0.796,0,0
0.797,0,0
0.798,0,0
0.799,0,0
0.8,0,0
0.801,0,0
0.802,0,0
0.803,0,0
0.804,0,0
0.805,0,0
0.806,0,0
0.807,0,0
0.808,0,0
0.809,0,0
0.81,0,0
0.811,0,0
0.812,0,0
0.813,0,0
0.814,0,0
0.815,0,0
0.816,0,0
0.817,0,0
0.818,0,0
0.819,0,0
0.82,0,0
0.821,0,0
0.822,0,0
0.823,0,0
0.824,0,0
0.825,0,0
0.826,0,0
0.827,0,0
0.828,0,0
0.829,0,0
0.83,0,0
0.831,0,0
0.832,0,0
0.833,0,0
0.834,0,0
0.835,0,0
0.836,0,0
0.837,0,0
0.838,0,0
0.839,0,0
0.84,0,0
0.841,0,0
0.842,0,0
0.843,0,0
0.844,0,0
0.845,0,0
0.846,0,0
0.847,0,0
0.848,0,0
0.849,0,0
0.85,0,0
0.851,0,0
0.852,0,0
0.853,0,0
0.854,0,0
0.855,0,0
0.856,0,0
0.857,0,0
0.858,0,0
0.859,0,0
0.86,0,0
0.861,0,0
0.862,0,0
0.863,0,0
0.864,0,0
0.865,0,0
0.866,0,0
0.867,0,0
0.868,0,0
0.869,0,0
0.87,0,0
0.871,0,0
0.872,0,0
0.873,0,0
0.874,0,0
0.875,0,0
0.876,0,0
0.877,0,0
0.878,0,0
0.879,0,0
0.88,0,0
0.881,0,0
0.882,0,0
0.883,0,0
0.884,0,0
0.885,0,0
0.886,0,0
0.887,0,0
0.888,0,0
0.889,0,0
0.89,0,0
0.891,0,0
0.892,0,0
0.893,0,0
0.894,0,0
0.895,0,0
0.896,0,0
0.897,0,0
0.898,0,0
0.899,0,0
0.9,0,0
0.901,0,0
0.902,0,0
0.903,0,0
0.904,0,0
0.905,0,0
0.906,0,0
0.907,0,0
0.908,0,0
0.909,0,0
0.91,0,0
0.911,0,0
0.912,0,0
0.913,0,0
0.914,0,0
0.915,0,0
0.916,0,0
0.917,0,0
0.918,0,0
0.919,0,0
0.92,0,0
0.921,0,0
0.922,0,0
0.923,0,0
0.924,0,0
0.925,0,0
0.926,0,0
0.927,0,0
0.928,0,0
0.929,0,0
0.93,0,0
0.931,0,0
0.932,0,0
0.933,0,0
0.934,0,0
0.935,0,0
0.936,0,0
0.937,0,0
0.938,0,0
0.939,0,0
0.94,0,0
0.941,0,0
0.942,0,0
0.943,0,0
0.944,0,0
0.945,0,0
0.946,0,0
0.947,0,0
0.948,0,0
0.949,0,0
0.95,0,0
0.951,0,0
0.952,0,0
0.953,0,0
0.954,0,0
0.955,0,0
0.956,0,0
0.957,0,0
0.958,0,0
0.959,0,0
0.96,0,0
0.961,0,0
0.962,0,0
0.963,0,0
0.964,0,0
0.965,0,0
0.966,0,0
0.967,0,0
0.968,0,0
0.969,0,0
0.97,0,0
0.971,0,0
0.972,0,0
0.973,0,0
0.974,0,0
0.975,0,0
0.976,0,0
0.977,0,0
0.978,0,0
0.979,0,0
0.98,0,0
0.981,0,0
0.982,0,0
0.983,0,0
0.984,0,0
0.985,0,0
0.986,0,0
0.987,0,0
0.988,0,0
0.989,0,0
0.99,0,0
0.991,0,0
0.992,0,0
0.993,0,0
0.994,0,0
0.995,0,0
0.996,0,0
0.997,0,0
0.998,0,0
0.999,0,0
1,0,0
1.001,0,0
1.002,0.00116667,6.66667e-07
1.003,0.00216533,2.05539e-06
1.004,0.00316189,4.46952e-06
1.005,0.00415627,7.87965e-06
1.006,0.00514836,1.22836e-05
1.007,0.00613807,1.7679e-05
1.008,0.00712532,2.40635e-05
1.009,0.00811,3.14345e-05
1.01,0.00909201,3.97896e-05
1.011,0.0100713,4.9126e-05
1.012,0.0110477,5.94409e-05
1.013,0.0120212,7.07315e-05
1.014,0.0129916,8.29948e-05
1.015,0.013959,9.62278e-05
1.016,0.0149231,0.000110427
1.017,0.0158839,0.00012559
1.018,0.0168413,0.000141713
1.019,0.0177952,0.000158792
1.02,0.0187456,0.000176824
1.021,0.0196923,0.000195806
1.022,0.0206353,0.000215733
1.023,0.0215744,0.000236603
1.024,0.0225096,0.00025841
1.025,0.0234408,0.000281152
1.026,0.0243679,0.000304824
1.027,0.0252908,0.000329422
1.028,0.0262095,0.000354942
1.029,0.0271238,0.000381379
1.03,0.0280336,0.000408729
1.031,0.028939,0.000436989
1.032,0.0298398,0.000466152
1.033,0.0307359,0.000496215
1.034,0.0316272,0.000527173
1.035,0.0325137,0.000559021
1.036,0.0333953,0.000591754
1.037,0.0342718,0.000625368
1.038,0.0351433,0.000659857
1.039,0.0360097,0.000695216
1.04,0.0368708,0.00073144
1.041,0.0377266,0.000768524
1.042,0.038577,0.000806462
1.043,0.039422,0.00084525
1.044,0.0402615,0.000884881
1.045,0.0410953,0.00092535
1.046,0.0419234,0.000966651
1.047,0.0427459,0.00100878
1.048,0.0435624,0.00105173
1.049,0.0443731,0.00109549
1.05,0.0451779,0.00114007
1.051,0.0459765,0.00118544
1.052,0.0467691,0.00123162
1.053,0.0475556,0.00127858
1.054,0.0483357,0.00132633
1.055,0.0491096,0.00137486
1.056,0.0498772,0.00142416
1.057,0.0506382,0.00147423
1.058,0.0513928,0.00152505
1.059,0.0521408,0.00157663
1.06,0.0528823,0.00162895
1.061,0.053617,0.00168202
1.062,0.0543449,0.00173582
1.063,0.0550661,0.00179034
1.064,0.0557804,0.00184559
1.065,0.0564878,0.00190154
1.066,0.0571882,0.0019582
1.067,0.0578815,0.00201556
1.068,0.0585678,0.00207362
1.069,0.0592469,0.00213235
1.07,0.0599188,0.00219177
1.071,0.0605835,0.00225185
1.072,0.0612408,0.0023126
1.073,0.0618908,0.002374
1.074,0.0625333,0.00243605
1.075,0.0631684,0.00249874
1.076,0.063796,0.00256206
1.077,0.064416,0.00262601
1.078,0.0650284,0.00269058
1.079,0.0656331,0.00275576
1.08,0.0662302,0.00282154
1.081,0.0668195,0.00288792
1.082,0.067401,0.00295488
1.083,0.0679746,0.00302242
1.084,0.0685404,0.00309054
1.085,0.0690983,0.00315922
1.086,0.0696481,0.00322845
1.087,0.07019,0.00329823
1.088,0.0707239,0.00336855
1.089,0.0712496,0.00343941
1.09,0.0717673,0.00351079
1.091,0.0722768,0.00358268
1.092,0.0727781,0.00365508
1.093,0.0732711,0.00372798
1.094,0.0737559,0.00380137
1.095,0.0742325,0.00387525
1.096,0.0747006,0.00394959
1.097,0.0751605,0.00402441
1.098,0.0756119,0.00409968
1.099,0.076055,0.0041754
1.1,0.0764896,0.00425156
1.101,0.0769157,0.00432816
1.102,0.0773333,0.00440518
1.103,0.0777424,0.00448261
1.104,0.0781429,0.00456045
1.105,0.0785349,0.00463869
1.106,0.0789183,0.00471732
1.107,0.079293,0.00479633
1.108,0.0796592,0.00487571
1.109,0.0800166,0.00495546
1.11,0.0803654,0.00503556
1.111,0.0807055,0.00511601
1.112,0.0810368,0.0051968
1.113,0.0813595,0.00527792
1.114,0.0816733,0.00535935
1.115,0.0819784,0.0054411
1.116,0.0822748,0.00552315
1.117,0.0825623,0.0056055
1.118,0.0828411,0.00568813
1.119,0.083111,0.00577103
1.12,0.0833721,0.00585421
1.121,0.0836243,0.00593764
1.122,0.0838678,0.00602133
1.123,0.0841023,0.00610525
1.124,0.084328,0.00618941
1.125,0.0845449,0.00627379
1.126,0.0847528,0.00635838
1.127,0.0849519,0.00644319
1.128,0.0851422,0.00652818
1.129,0.0853235,0.00661337
1.13,0.085496,0.00669873
1.131,0.0856595,0.00678427
1.132,0.0858142,0.00686997
1.133,0.0859601,0.00695582
1.134,0.086097,0.00704181
1.135,0.0862251,0.00712794
1.136,0.0863443,0.00721419
1.137,0.0864546,0.00730056
1.138,0.086556,0.00738704
1.139,0.0866487,0.00747362
1.14,0.0867324,0.00756028
1.141,0.0868073,0.00764703
1.142,0.0868734,0.00773386
1.143,0.0869307,0.00782074
1.144,0.0869792,0.00790768
1.145,0.0870188,0.00799467
1.146,0.0870497,0.0080817
1.147,0.0870718,0.00816875
1.148,0.0870852,0.00825582
1.149,0.0870898,0.00834291
1.15,0.0870857,0.00843
1.151,0.0870729,0.00851708
1.152,0.0870514,0.00860414
1.153,0.0870212,0.00869119
1.154,0.0869823,0.0087782
1.155,0.0869349,0.00886516
1.156,0.0868788,0.00895208
1.157,0.0868141,0.00903895
1.158,0.0867408,0.00912574
1.159,0.0866591,0.00921246
1.16,0.0865687,0.00929909
1.161,0.0864699,0.00938564
1.162,0.0863627,0.00947208
1.163,0.0862469,0.00955841
1.164,0.0861228,0.00964462
1.165,0.0859903,0.00973071
1.166,0.0858494,0.00981667
1.167,0.0857002,0.00990248
1.168,0.0855427,0.00998814
1.169,0.0853769,0.0100736
1.17,0.0852029,0.010159
1.171,0.0850206,0.0102441
1.172,0.0848303,0.0103291
1.173,0.0846317,0.0104139
1.174,0.0844251,0.0104985
1.175,0.0842104,0.0105828
1.176,0.0839877,0.010667
1.177,0.083757,0.0107509
1.178,0.0835184,0.0108346
1.179,0.0832718,0.0109181
1.18,0.0830174,0.0110013
1.181,0.0827551,0.0110842
1.182,0.0824851,0.0111669
1.183,0.0822073,0.0112493
1.184,0.0819218,0.0113315
1.185,0.0816286,0.0114133
1.186,0.0813278,0.0114948
1.187,0.0810194,0.0115761
1.188,0.0807035,0.011657
1.189,0.0803801,0.0117377
1.19,0.0800493,0.011818
1.191,0.0797111,0.0118979
1.192,0.0793655,0.0119775
1.193,0.0790126,0.0120568
1.194,0.0786525,0.0121357
1.195,0.0782852,0.0122143
1.196,0.0779108,0.0122925
1.197,0.0775292,0.0123703
1.198,0.0771406,0.0124477
1.199,0.0767451,0.0125248
1.2,0.0763425,0.0126014
1.201,0.0759331,0.0126777
1.202,0.0755169,0.0127535
1.203,0.0750939,0.0128289
1.204,0.0746641,0.0129039
1.205,0.0742277,0.0129784
1.206,0.0737847,0.0130526
1.207,0.0733351,0.0131262
1.208,0.072879,0.0131994
1.209,0.0724165,0.0132722
1.21,0.0719476,0.0133445
1.211,0.0714724,0.0134163
1.212,0.0709909,0.0134877
1.213,0.0705033,0.0135585
1.214,0.0700094,0.0136289
1.215,0.0695095,0.0136988
1.216,0.0690036,0.0137682
1.217,0.0684917,0.0138371
1.218,0.067974,0.0139054
1.219,0.0674504,0.0139733
1.22,0.066921,0.0140406
1.221,0.0663859,0.0141074
1.222,0.0658452,0.0141736
1.223,0.0652989,0.0142393
1.224,0.0647471,0.0143045
1.225,0.0641898,0.0143691
1.226,0.0636272,0.0144331
1.227,0.0630592,0.0144966
1.228,0.062486,0.0145595
1.229,0.0619077,0.0146219
1.23,0.0613242,0.0146836
1.231,0.0607357,0.0147448
1.232,0.0601422,0.0148054
1.233,0.0595438,0.0148654
1.234,0.0589405,0.0149248
1.235,0.0583325,0.0149836
1.236,0.0577198,0.0150418
1.237,0.0571025,0.0150993
1.238,0.0564806,0.0151563
1.239,0.0558542,0.0152126
1.24,0.0552234,0.0152683
1.241,0.0545882,0.0153234
1.242,0.0539488,0.0153778
1.243,0.0533052,0.0154316
1.244,0.0526575,0.0154847
1.245,0.0520057,0.0155372
1.246,0.0513499,0.015589
1.247,0.0506902,0.0156402
1.248,0.0500267,0.0156908
1.249,0.0493594,0.0157406
1.25,0.0486884,0.0157898
1.251,0.0480138,0.0158383
1.252,0.0473357,0.0158862
1.253,0.0466541,0.0159333
1.254,0.0459691,0.0159798
1.255,0.0452808,0.0160256
1.256,0.0445893,0.0160707
1.257,0.0438946,0.0161151
1.258,0.0431968,0.0161589
1.259,0.042496,0.0162019
1.26,0.0417922,0.0162442
1.261,0.0410856,0.0162858
1.262,0.0403762,0.0163267
1.263,0.0396641,0.0163669
1.264,0.0389494,0.0164064
1.265,0.0382321,0.0164452
1.266,0.0375123,0.0164832
1.267,0.0367901,0.0165206
1.268,0.0360656,0.0165572
1.269,0.0353388,0.016593
1.27,0.0346099,0.0166282
1.271,0.0338788,0.0166626
1.272,0.0331458,0.0166963
1.273,0.0324108,0.0167293
1.274,0.0316739,0.0167615
1.275,0.0309353,0.016793
1.276,0.0301949,0.0168238
1.277,0.0294529,0.0168538
1.278,0.0287094,0.016883
1.279,0.0279644,0.0169115
1.28,0.0272179,0.0169393
1.281,0.0264702,0.0169664
1.282,0.0257212,0.0169926
1.283,0.024971,0.0170182
1.284,0.0242198,0.017043
1.285,0.0234675,0.017067
1.286,0.0227143,0.0170903
1.287,0.0219602,0.0171128
1.288,0.0212054,0.0171346
1.289,0.0204498,0.0171556
1.29,0.0196937,0.0171758
1.291,0.0189369,0.0171953
1.292,0.0181797,0.0172141
1.293,0.0174221,0.0172321
1.294,0.0166642,0.0172493
1.295,0.015906,0.0172658
1.296,0.0151476,0.0172815
1.297,0.0143892,0.0172965
1.298,0.0136307,0.0173107
1.299,0.0128723,0.0173241
1.3,0.0121141,0.0173368
1.301,0.011356,0.0173487
1.302,0.0105983,0.0173599
1.303,0.00984085,0.0173703
1.304,0.00908388,0.0173799
1.305,0.00832742,0.0173888
1.306,0.00757155,0.017397
1.307,0.00681634,0.0174044
1.308,0.00606186,0.017411
1.309,0.0053082,0.0174169
1.31,0.00455541,0.017422
1.311,0.00380359,0.0174263
1.312,0.00305279,0.01743
1.313,0.00230309,0.0174328
1.314,0.00155458,0.0174349
1.315,0.00080731,0.0174363
1.316,6.13636e-05,0.0174369
1.317,-0.000683189,0.0174368
1.318,-0.00142628,0.0174359
1.319,-0.00216782,0.0174343
1.32,-0.00290777,0.017432
1.321,-0.00364603,0.0174289
1.322,-0.00438254,0.0174251
1.323,-0.00511723,0.0174205
1.324,-0.00585002,0.0174152
1.325,-0.00658086,0.0174092
1.326,-0.00730967,0.0174024
1.327,-0.00803638,0.0173949
1.328,-0.00876092,0.0173867
1.329,-0.00948322,0.0173777
1.33,-0.0102032,0.0173681
1.331,-0.0109208,0.0173577
1.332,-0.011636,0.0173466
1.333,-0.0123487,0.0173348
1.334,-0.0130588,0.0173223
1.335,-0.0137663,0.017309
1.336,-0.014471,0.0172951
1.337,-0.015173,0.0172804
1.338,-0.0158722,0.0172651
1.339,-0.0165684,0.017249
1.34,-0.0172617,0.0172323
1.341,-0.017952,0.0172149
1.342,-0.0186391,0.0171967
1.343,-0.0193231,0.0171779
1.344,-0.0200039,0.0171584
1.345,-0.0206814,0.0171383
1.346,-0.0213556,0.0171174
1.347,-0.0220264,0.0170959
1.348,-0.0226937,0.0170737
1.349,-0.0233575,0.0170508
1.35,-0.0240177,0.0170273
1.351,-0.0246742,0.0170031
1.352,-0.0253271,0.0169783
1.353,-0.0259761,0.0169528
1.354,-0.0266214,0.0169267
1.355,-0.0272628,0.0168999
1.356,-0.0279003,0.0168725
1.357,-0.0285338,0.0168444
1.358,-0.0291632,0.0168157
1.359,-0.0297885,0.0167864
1.36,-0.0304097,0.0167565
1.361,-0.0310266,0.0167259
1.362,-0.0316393,0.0166947
1.363,-0.0322477,0.0166629
1.364,-0.0328517,0.0166305
1.365,-0.0334513,0.0165975
1.366,-0.0340464,0.0165639
1.367,-0.034637,0.0165297
1.368,-0.0352231,0.016495
1.369,-0.0358044,0.0164596
1.37,-0.0363812,0.0164236
1.371,-0.0369532,0.0163871
1.372,-0.0375204,0.01635
1.373,-0.0380828,0.0163124
1.374,-0.0386403,0.0162741
1.375,-0.0391929,0.0162354
1.376,-0.0397406,0.016196
1.377,-0.0402832,0.0161562
1.378,-0.0408208,0.0161157
1.379,-0.0413533,0.0160748
1.38,-0.0418807,0.0160333
1.381,-0.0424029,0.0159913
1.382,-0.0429199,0.0159488
1.383,-0.0434316,0.0159057
1.384,-0.0439379,0.0158622
1.385,-0.044439,0.0158181
1.386,-0.0449346,0.0157735
1.387,-0.0454249,0.0157285
1.388,-0.0459096,0.0156829
1.389,-0.0463889,0.0156369
1.39,-0.0468626,0.0155904
1.391,-0.0473307,0.0155434
1.392,-0.0477932,0.015496
1.393,-0.0482501,0.0154481
1.394,-0.0487012,0.0153997
1.395,-0.0491467,0.0153509
1.396,-0.0495864,0.0153016
1.397,-0.0500203,0.0152519
1.398,-0.0504484,0.0152018
1.399,-0.0508706,0.0151513
1.4,-0.0512869,0.0151003
1.401,-0.0516974,0.0150489
1.402,-0.0521019,0.0149971
1.403,-0.0525004,0.0149449
1.404,-0.0528929,0.0148923
1.405,-0.0532794,0.0148393
1.406,-0.0536598,0.0147859
1.407,-0.0540341,0.0147322
1.408,-0.0544023,0.0146781
1.409,-0.0547644,0.0146236
1.41,-0.0551204,0.0145687
1.411,-0.0554701,0.0145135
1.412,-0.0558136,0.014458
1.413,-0.0561509,0.0144021
1.414,-0.056482,0.0143458
1.415,-0.0568067,0.0142893
1.416,-0.0571252,0.0142324
1.417,-0.0574374,0.0141752
1.418,-0.0577432,0.0141177
1.419,-0.0580427,0.0140599
1.42,-0.0583358,0.0140017
1.421,-0.0586225,0.0139433
1.422,-0.0589028,0.0138846
1.423,-0.0591767,0.0138257
1.424,-0.0594441,0.0137664
1.425,-0.0597051,0.0137069
1.426,-0.0599596,0.0136472
1.427,-0.0602077,0.0135871
1.428,-0.0604492,0.0135269
1.429,-0.0606843,0.0134664
1.43,-0.0609128,0.0134056
1.431,-0.0611348,0.0133447
1.432,-0.0613503,0.0132835
1.433,-0.0615592,0.0132221
1.434,-0.0617616,0.0131605
1.435,-0.0619574,0.0130986
1.436,-0.0621466,0.0130366
1.437,-0.0623293,0.0129745
1.438,-0.0625054,0.0129121
1.439,-0.0626749,0.0128495
1.44,-0.0628378,0.0127868
1.441,-0.0629941,0.0127239
1.442,-0.0631438,0.0126609
1.443,-0.0632869,0.0125977
1.444,-0.0634234,0.0125344
1.445,-0.0635533,0.012471
1.446,-0.0636766,0.0124074
1.447,-0.0637933,0.0123437
1.448,-0.0639034,0.0122799
1.449,-0.0640069,0.0122159
1.45,-0.0641037,0.0121519
1.451,-0.064194,0.0120878
1.452,-0.0642777,0.0120236
1.453,-0.0643548,0.0119593
1.454,-0.0644253,0.0118949
1.455,-0.0644892,0.0118304
1.456,-0.0645466,0.0117659
1.457,-0.0645974,0.0117014
1.458,-0.0646416,0.0116368
1.459,-0.0646793,0.0115721
1.46,-0.0647104,0.0115074
1.461,-0.064735,0.0114427
1.462,-0.0647531,0.011378
1.463,-0.0647646,0.0113132
1.464,-0.0647696,0.0112485
1.465,-0.0647682,0.0111837
1.466,-0.0647603,0.0111189
1.467,-0.0647459,0.0110542
1.468,-0.064725,0.0109894
1.469,-0.0646977,0.0109247
1.47,-0.064664,0.01086
1.471,-0.0646239,0.0107954
1.472,-0.0645774,0.0107308
1.473,-0.0645245,0.0106662
1.474,-0.0644652,0.0106017
1.475,-0.0643996,0.0105373
1.476,-0.0643277,0.0104729
1.477,-0.0642495,0.0104086
1.478,-0.064165,0.0103443
1.479,-0.0640742,0.0102802
1.48,-0.0639772,0.0102161
1.481,-0.0638739,0.0101522
1.482,-0.0637645,0.0100884
1.483,-0.0636489,0.0100246
1.484,-0.0635271,0.009961
1.485,-0.0633992,0.0098975
1.486,-0.0632652,0.00983414
1.487,-0.0631251,0.00977091
1.488,-0.062979,0.00970782
1.489,-0.0628268,0.00964488
1.49,-0.0626686,0.0095821
1.491,-0.0625045,0.00951947
1.492,-0.0623344,0.00945701
1.493,-0.0621584,0.00939472
1.494,-0.0619764,0.00933261
1.495,-0.0617887,0.00927068
1.496,-0.0615951,0.00920894
1.497,-0.0613956,0.0091474
1.498,-0.0611905,0.00908605
1.499,-0.0609795,0.00902492
1.5,-0.0607629,0.00896399
1.501,-0.0605406,0.00890329
1.502,-0.0603127,0.0088428
1.503,-0.0600791,0.00878255
1.504,-0.05984,0.00872253
1.505,-0.0595953,0.00866275
1.506,-0.0593451,0.00860322
1.507,-0.0590895,0.00854394
1.508,-0.0588284,0.00848492
1.509,-0.0585619,0.00842616
1.51,-0.0582901,0.00836766
1.511,-0.0580129,0.00830944
1.512,-0.0577304,0.0082515
1.513,-0.0574427,0.00819384
1.514,-0.0571498,0.00813648
1.515,-0.0568517,0.0080794
1.516,-0.0565485,0.00802263
1.517,-0.0562402,0.00796616
1.518,-0.0559268,0.00790999
1.519,-0.0556085,0.00785415
1.52,-0.0552851,0.00779862
1.521,-0.0549569,0.00774342
1.522,-0.0546237,0.00768855
1.523,-0.0542857,0.00763401
1.524,-0.0539429,0.00757981
1.525,-0.0535954,0.00752595
1.526,-0.0532431,0.00747245
1.527,-0.0528862,0.00741929
1.528,-0.0525246,0.0073665
1.529,-0.0521585,0.00731407
1.53,-0.0517878,0.007262
1.531,-0.0514127,0.00721031
1.532,-0.0510331,0.00715899
1.533,-0.0506491,0.00710805
1.534,-0.0502608,0.0070575
1.535,-0.0498681,0.00700734
1.536,-0.0494712,0.00695757
1.537,-0.0490701,0.0069082
1.538,-0.0486649,0.00685924
1.539,-0.0482555,0.00681067
1.54,-0.047842,0.00676252
1.541,-0.0474246,0.00671479
1.542,-0.0470032,0.00666747
1.543,-0.0465778,0.00662057
1.544,-0.0461487,0.0065741
1.545,-0.0457156,0.00652806
1.546,-0.0452789,0.00648245
1.547,-0.0448384,0.00643729
1.548,-0.0443943,0.00639256
1.549,-0.0439465,0.00634828
1.55,-0.0434952,0.00630445
1.551,-0.0430404,0.00626106
1.552,-0.0425821,0.00621814
1.553,-0.0421204,0.00617567
1.554,-0.0416554,0.00613367
1.555,-0.0411871,0.00609213
1.556,-0.0407155,0.00605106
1.557,-0.0402407,0.00601047
1.558,-0.0397629,0.00597035
1.559,-0.0392819,0.0059307
1.56,-0.0387979,0.00589154
1.561,-0.0383109,0.00585287
1.562,-0.037821,0.00581468
1.563,-0.0373282,0.00577698
1.564,-0.0368326,0.00573978
1.565,-0.0363343,0.00570307
1.566,-0.0358333,0.00566686
1.567,-0.0353296,0.00563116
1.568,-0.0348233,0.00559595
1.569,-0.0343145,0.00556126
1.57,-0.0338032,0.00552707
1.571,-0.0332895,0.0054934
1.572,-0.0327734,0.00546024
1.573,-0.032255,0.00542759
1.574,-0.0317343,0.00539547
1.575,-0.0312115,0.00536387
1.576,-0.0306865,0.00533279
1.577,-0.0301594,0.00530223
1.578,-0.0296303,0.0052722
1.579,-0.0290992,0.00524271
1.58,-0.0285662,0.00521374
1.581,-0.0280314,0.00518531
1.582,-0.0274947,0.00515741
1.583,-0.0269563,0.00513005
1.584,-0.0264162,0.00510323
1.585,-0.0258745,0.00507695
1.586,-0.0253312,0.00505121
1.587,-0.0247864,0.00502602
1.588,-0.0242401,0.00500137
1.589,-0.0236924,0.00497727
1.59,-0.0231434,0.00495371
1.591,-0.0225931,0.00493071
1.592,-0.0220416,0.00490825
1.593,-0.0214889,0.00488635
1.594,-0.020935,0.004865
1.595,-0.0203802,0.0048442
1.596,-0.0198243,0.00482396
1.597,-0.0192675,0.00480428
1.598,-0.0187098,0.00478515
1.599,-0.0181513,0.00476658
1.6,-0.017592,0.00474857
1.601,-0.017032,0.00473111
1.602,-0.0164713,0.00471422
1.603,-0.0159101,0.00469789
1.604,-0.0153483,0.00468212
1.605,-0.014786,0.00466691
1.606,-0.0142233,0.00465227
1.607,-0.0136602,0.00463819
1.608,-0.0130969,0.00462467
1.609,-0.0125332,0.00461171
1.61,-0.0119694,0.00459932
1.611,-0.0114054,0.00458749
1.612,-0.0108414,0.00457623
1.613,-0.0102773,0.00456553
1.614,-0.00971325,0.00455539
1.615,-0.00914929,0.00454582
1.616,-0.00858547,0.00453681
1.617,-0.00802185,0.00452836
1.618,-0.00745849,0.00452048
1.619,-0.00689543,0.00451317
1.62,-0.00633275,0.00450641
1.621,-0.00577048,0.00450022
1.622,-0.00520869,0.00449459
1.623,-0.00464744,0.00448952
1.624,-0.00408677,0.00448501
1.625,-0.00352675,0.00448107
1.626,-0.00296742,0.00447768
1.627,-0.00240885,0.00447485
1.628,-0.00185108,0.00447258
1.629,-0.00129418,0.00447087
1.63,-0.000738188,0.00446971
1.631,-0.000183169,0.00446911
1.632,0.000370827,0.00446907
1.633,0.000923746,0.00446958
1.634,0.00147554,0.00447064
1.635,0.00202614,0.00447225
1.636,0.00257551,0.00447442
1.637,0.00312359,0.00447713
1.638,0.00367033,0.00448039
1.639,0.00421568,0.0044842
1.64,0.00475958,0.00448855
1.641,0.00530198,0.00449344
1.642,0.00584284,0.00449888
1.643,0.00638209,0.00450486
1.644,0.00691969,0.00451137
1.645,0.0074556,0.00451843
1.646,0.00798975,0.00452601
1.647,0.00852209,0.00453414
1.648,0.00905259,0.00454279
1.649,0.00958118,0.00455198
1.65,0.0101078,0.00456169
1.651,0.0106325,0.00457193
1.652,0.0111551,0.00458269
1.653,0.0116756,0.00459397
1.654,0.0121939,0.00460578
1.655,0.0127101,0.0046181
1.656,0.013224,0.00463094
1.657,0.0137356,0.00464429
1.658,0.0142449,0.00465815
1.659,0.0147518,0.00467253
1.66,0.0152563,0.0046874
1.661,0.0157583,0.00470278
1.662,0.0162578,0.00471867
1.663,0.0167547,0.00473505
1.664,0.017249,0.00475193
1.665,0.0177407,0.0047693
1.666,0.0182297,0.00478716
1.667,0.0187159,0.00480551
1.668,0.0191993,0.00482435
1.669,0.0196799,0.00484367
1.67,0.0201577,0.00486347
1.671,0.0206325,0.00488374
1.672,0.0211043,0.00490449
1.673,0.0215732,0.00492571
1.674,0.022039,0.0049474
1.675,0.0225018,0.00496956
1.676,0.0229614,0.00499217
1.677,0.0234179,0.00501525
1.678,0.0238711,0.00503878
1.679,0.0243212,0.00506276
1.68,0.0247679,0.00508719
1.681,0.0252113,0.00511207
1.682,0.0256514,0.00513739
1.683,0.0260881,0.00516315
1.684,0.0265213,0.00518935
1.685,0.0269511,0.00521598
1.686,0.0273774,0.00524303
1.687,0.0278001,0.00527052
1.688,0.0282193,0.00529842
1.689,0.0286348,0.00532674
1.69,0.0290467,0.00535548
1.691,0.0294549,0.00538463
1.692,0.0298594,0.00541418
1.693,0.0302602,0.00544414
1.694,0.0306572,0.0054745
1.695,0.0310503,0.00550526
1.696,0.0314396,0.0055364
1.697,0.0318251,0.00556794
1.698,0.0322066,0.00559986
1.699,0.0325842,0.00563216
1.7,0.0329578,0.00566484
1.701,0.0333274,0.00569788
1.702,0.033693,0.0057313
1.703,0.0340545,0.00576509
1.704,0.034412,0.00579923
1.705,0.0347653,0.00583373
1.706,0.0351145,0.00586858
1.707,0.0354595,0.00590378
1.708,0.0358003,0.00593932
1.709,0.0361369,0.00597521
1.71,0.0364693,0.00601143
1.711,0.0367973,0.00604798
1.712,0.0371211,0.00608486
1.713,0.0374406,0.00612206
1.714,0.0377557,0.00615957
1.715,0.0380664,0.00619741
1.716,0.0383727,0.00623555
1.717,0.0386747,0.006274
1.718,0.0389721,0.00631275
1.719,0.0392652,0.00635179
1.72,0.0395537,0.00639113
1.721,0.0398377,0.00643075
1.722,0.0401173,0.00647066
1.723,0.0403923,0.00651084
1.724,0.0406627,0.0065513
1.725,0.0409285,0.00659203
1.726,0.0411898,0.00663302
1.727,0.0414464,0.00667428
1.728,0.0416984,0.00671579
1.729,0.0419458,0.00675754
1.73,0.0421885,0.00679955
1.731,0.0424265,0.0068418
1.732,0.0426598,0.00688428
1.733,0.0428884,0.006927
1.734,0.0431123,0.00696994
1.735,0.0433315,0.00701311
1.736,0.0435459,0.00705649
1.737,0.0437555,0.00710009
1.738,0.0439604,0.0071439
1.739,0.0441605,0.0071879
1.74,0.0443558,0.00723211
1.741,0.0445463,0.00727652
1.742,0.044732,0.00732111
1.743,0.0449128,0.00736588
1.744,0.0450888,0.00741084
1.745,0.04526,0.00745597
1.746,0.0454263,0.00750127
1.747,0.0455877,0.00754674
1.748,0.0457443,0.00759236
1.749,0.0458961,0.00763815
1.75,0.0460429,0.00768408
1.751,0.0461848,0.00773015
1.752,0.0463219,0.00777637
1.753,0.0464541,0.00782273
1.754,0.0465813,0.00786921
1.755,0.0467037,0.00791582
1.756,0.0468212,0.00796256
1.757,0.0469337,0.0080094
1.758,0.0470414,0.00805636
1.759,0.0471441,0.00810343
1.76,0.047242,0.0081506
1.761,0.0473349,0.00819786
1.762,0.0474229,0.00824522
1.763,0.047506,0.00829266
1.764,0.0475841,0.00834019
1.765,0.0476574,0.00838779
1.766,0.0477258,0.00843546
1.767,0.0477892,0.0084832
1.768,0.0478478,0.00853101
1.769,0.0479014,0.00857887
1.77,0.0479502,0.00862678
1.771,0.0479941,0.00867474
1.772,0.048033,0.00872274
1.773,0.0480671,0.00877078
1.774,0.0480964,0.00881886
1.775,0.0481207,0.00886696
1.776,0.0481402,0.00891508
1.777,0.0481549,0.00896323
1.778,0.0481646,0.00901138
1.779,0.0481696,0.00905955
1.78,0.0481697,0.00910772
1.781,0.048165,0.00915588
1.782,0.0481555,0.00920405
1.783,0.0481412,0.0092522
1.784,0.0481221,0.00930033
1.785,0.0480982,0.00934845
1.786,0.0480695,0.00939654
1.787,0.0480361,0.0094446
1.788,0.0479979,0.00949262
1.789,0.047955,0.00954061
1.79,0.0479074,0.00958855
1.791,0.0478551,0.00963645
1.792,0.0477981,0.00968429
1.793,0.0477364,0.00973207
1.794,0.04767,0.00977979
1.795,0.047599,0.00982744
1.796,0.0475234,0.00987502
1.797,0.0474431,0.00992252
1.798,0.0473583,0.00996994
1.799,0.0472689,0.0100173
1.8,0.0471749,0.0100645
1.801,0.0470763,0.0101117
1.802,0.0469733,0.0101587
1.803,0.0468657,0.0102057
1.804,0.0467536,0.0102525
1.805,0.0466371,0.0102992
1.806,0.0465161,0.0103458
1.807,0.0463907,0.0103923
1.808,0.0462609,0.0104387
1.809,0.0461267,0.0104849
1.81,0.0459881,0.010531
1.811,0.0458452,0.0105769
1.812,0.045698,0.0106228
1.813,0.0455464,0.0106684
1.814,0.0453906,0.0107139
1.815,0.0452306,0.0107593
1.816,0.0450663,0.0108045
1.817,0.0448978,0.0108495
1.818,0.0447251,0.0108943
1.819,0.0445483,0.010939
1.82,0.0443674,0.0109835
1.821,0.0441823,0.0110278
1.822,0.0439932,0.011072
1.823,0.0438,0.0111159
1.824,0.0436028,0.0111597
1.825,0.0434016,0.0112032
1.826,0.0431965,0.0112466
1.827,0.0429874,0.0112897
1.828,0.0427744,0.0113326
1.829,0.0425575,0.0113754
1.83,0.0423368,0.0114179
1.831,0.0421122,0.0114601
1.832,0.0418838,0.0115022
1.833,0.0416517,0.011544
1.834,0.0414159,0.0115856
1.835,0.0411763,0.011627
1.836,0.0409331,0.0116681
1.837,0.0406862,0.011709
1.838,0.0404357,0.0117496
1.839,0.0401817,0.01179
1.84,0.0399241,0.0118301
1.841,0.039663,0.0118699
1.842,0.0393984,0.0119095
1.843,0.0391303,0.0119489
1.844,0.0388589,0.0119879
1.845,0.038584,0.0120267
1.846,0.0383059,0.0120652
1.847,0.0380244,0.0121035
1.848,0.0377396,0.0121414
1.849,0.0374516,0.0121791
1.85,0.0371603,0.0122165
1.851,0.0368659,0.0122535
1.852,0.0365684,0.0122903
1.853,0.0362678,0.0123268
1.854,0.0359641,0.012363
1.855,0.0356573,0.0123989
1.856,0.0353476,0.0124345
1.857,0.0350349,0.0124697
1.858,0.0347193,0.0125047
1.859,0.0344008,0.0125393
1.86,0.0340795,0.0125737
1.861,0.0337554,0.0126077
1.862,0.0334285,0.0126413
1.863,0.0330988,0.0126747
1.864,0.0327665,0.0127077
1.865,0.0324315,0.0127404
1.866,0.0320939,0.0127727
1.867,0.0317537,0.0128047
1.868,0.0314109,0.0128364
1.869,0.0310657,0.0128677
1.87,0.030718,0.0128987
1.871,0.0303679,0.0129293
1.872,0.0300154,0.0129596
1.873,0.0296606,0.0129895
1.874,0.0293034,0.0130191
1.875,0.028944,0.0130483
1.876,0.0285824,0.0130772
1.877,0.0282186,0.0131057
1.878,0.0278526,0.0131338
1.879,0.0274846,0.0131616
1.88,0.0271144,0.0131889
1.881,0.0267423,0.013216
1.882,0.0263682,0.0132426
1.883,0.0259921,0.0132689
1.884,0.0256142,0.0132948
1.885,0.0252344,0.0133203
1.886,0.0248528,0.0133454
1.887,0.0244694,0.0133702
1.888,0.0240843,0.0133946
1.889,0.0236975,0.0134186
1.89,0.023309,0.0134422
1.891,0.022919,0.0134654
1.892,0.0225274,0.0134882
1.893,0.0221342,0.0135106
1.894,0.0217396,0.0135327
1.895,0.0213436,0.0135543
1.896,0.0209461,0.0135755
1.897,0.0205473,0.0135964
1.898,0.0201472,0.0136168
1.899,0.0197458,0.0136369
1.9,0.0193433,0.0136565
1.901,0.0189395,0.0136758
1.902,0.0185346,0.0136946
1.903,0.0181286,0.013713
1.904,0.0177215,0.0137311
1.905,0.0173134,0.0137487
1.906,0.0169044,0.0137659
1.907,0.0164945,0.0137827
1.908,0.0160836,0.0137991
1.909,0.0156719,0.0138151
1.91,0.0152595,0.0138306
1.911,0.0148462,0.0138458
1.912,0.0144323,0.0138605
1.913,0.0140177,0.0138749
1.914,0.0136024,0.0138888
1.915,0.0131866,0.0139023
1.916,0.0127703,0.0139154
1.917,0.0123534,0.013928
1.918,0.0119361,0.0139403
1.919,0.0115184,0.0139521
1.92,0.0111003,0.0139635
1.921,0.0106819,0.0139745
1.922,0.0102632,0.0139851
1.923,0.00984427,0.0139953
1.924,0.00942514,0.014005
1.925,0.00900584,0.0140143
1.926,0.00858643,0.0140232
1.927,0.00816695,0.0140317
1.928,0.00774744,0.0140398
1.929,0.00732794,0.0140474
1.93,0.0069085,0.0140546
1.931,0.00648915,0.0140614
1.932,0.00606993,0.0140678
1.933,0.0056509,0.0140738
1.934,0.00523209,0.0140793
1.935,0.00481354,0.0140845
1.936,0.00439529,0.0140892
1.937,0.00397739,0.0140935
1.938,0.00355987,0.0140973
1.939,0.00314279,0.0141008
1.94,0.00272617,0.0141038
1.941,0.00231006,0.0141064
1.942,0.00189449,0.0141086
1.943,0.00147952,0.0141104
1.944,0.00106518,0.0141118
1.945,0.000651515,0.0141128
1.946,0.000238557,0.0141133
1.947,-0.00017365,0.0141135
1.948,-0.000585066,0.0141132
1.949,-0.000995652,0.0141125
1.95,-0.00140537,0.0141114
1.951,-0.00181417,0.0141099
1.952,-0.00222203,0.014108
1.953,-0.0026289,0.0141056
1.954,-0.00303474,0.0141029
1.955,-0.00343952,0.0140998
1.956,-0.00384319,0.0140962
1.957,-0.00424572,0.0140923
1.958,-0.00464707,0.014088
1.959,-0.0050472,0.0140832
1.96,-0.00544608,0.0140781
1.961,-0.00584366,0.0140725
1.962,-0.00623991,0.0140666
1.963,-0.00663479,0.0140602
1.964,-0.00702827,0.0140535
1.965,-0.0074203,0.0140464
1.966,-0.00781086,0.0140389
1.967,-0.0081999,0.0140309
1.968,-0.00858739,0.0140227
1.969,-0.00897329,0.014014
1.97,-0.00935758,0.0140049
1.971,-0.0097402,0.0139954
1.972,-0.0101211,0.0139856
1.973,-0.0105003,0.0139754
1.974,-0.0108778,0.0139648
1.975,-0.0112534,0.0139538
1.976,-0.0116272,0.0139425
1.977,-0.0119992,0.0139308
1.978,-0.0123692,0.0139187
1.979,-0.0127373,0.0139062
1.98,-0.0131035,0.0138934
1.981,-0.0134676,0.0138802
1.982,-0.0138297,0.0138666
1.983,-0.0141898,0.0138527
1.984,-0.0145478,0.0138384
1.985,-0.0149036,0.0138238
1.986,-0.0152573,0.0138088
1.987,-0.0156087,0.0137935
1.988,-0.015958,0.0137778
1.989,-0.016305,0.0137617
1.99,-0.0166497,0.0137453
1.991,-0.0169921,0.0137286
1.992,-0.0173322,0.0137115
1.993,-0.0176699,0.0136941
1.994,-0.0180052,0.0136763
1.995,-0.018338,0.0136583
1.996,-0.0186684,0.0136398
1.997,-0.0189963,0.0136211
1.998,-0.0193217,0.013602
1.999,-0.0196446,0.0135826
2,-0.0199648,0.0135629
2.001,-0.0202825,0.0135428
2.002,-0.0205976,0.0135225
2.003,-0.02091,0.0135018
2.004,-0.0212197,0.0134808
2.005,-0.0215267,0.0134595
2.006,-0.021831,0.0134379
2.007,-0.0221325,0.013416
2.008,-0.0224312,0.0133938
2.009,-0.0227272,0.0133713
2.01,-0.0230203,0.0133485
2.011,-0.0233105,0.0133254
2.012,-0.0235979,0.013302
2.013,-0.0238824,0.0132784
2.014,-0.0241639,0.0132544
2.015,-0.0244425,0.0132302
2.016,-0.0247181,0.0132057
2.017,-0.0249908,0.0131809
2.018,-0.0252604,0.0131558
2.019,-0.025527,0.0131305
2.02,-0.0257905,0.0131049
2.021,-0.026051,0.013079
2.022,-0.0263084,0.0130529
2.023,-0.0265626,0.0130266
2.024,-0.0268137,0.0129999
2.025,-0.0270617,0.0129731
2.026,-0.0273065,0.0129459
2.027,-0.027548,0.0129186
2.028,-0.0277864,0.012891
2.029,-0.0280216,0.0128631
2.03,-0.0282535,0.012835
2.031,-0.0284821,0.0128067
2.032,-0.0287075,0.0127782
2.033,-0.0289295,0.0127494
2.034,-0.0291483,0.0127204
2.035,-0.0293637,0.0126912
2.036,-0.0295758,0.0126618
2.037,-0.0297845,0.0126322
2.038,-0.0299899,0.0126024
2.039,-0.0301918,0.0125723
2.04,-0.0303904,0.0125421
2.041,-0.0305855,0.0125116
2.042,-0.0307772,0.012481
2.043,-0.0309655,0.0124502
2.044,-0.0311503,0.0124192
2.045,-0.0313317,0.012388
2.046,-0.0315096,0.0123566
2.047,-0.031684,0.0123251
2.048,-0.0318549,0.0122933
2.049,-0.0320222,0.0122614
2.05,-0.0321861,0.0122294
2.051,-0.0323464,0.0121971
2.052,-0.0325032,0.0121648
2.053,-0.0326565,0.0121322
2.054,-0.0328062,0.0120995
2.055,-0.0329523,0.0120667
2.056,-0.0330949,0.0120337
2.057,-0.0332338,0.0120006
2.058,-0.0333692,0.0119673
2.059,-0.033501,0.0119339
2.06,-0.0336292,0.0119004
2.061,-0.0337538,0.0118667
2.062,-0.0338748,0.0118329
2.063,-0.0339921,0.011799
2.064,-0.0341059,0.011765
2.065,-0.034216,0.0117309
2.066,-0.0343224,0.0116966
2.067,-0.0344253,0.0116623
2.068,-0.0345245,0.0116278
2.069,-0.03462,0.0115933
2.07,-0.034712,0.0115586
2.071,-0.0348002,0.0115239
2.072,-0.0348848,0.0114891
2.073,-0.0349658,0.0114542
2.074,-0.0350431,0.0114192
2.075,-0.0351168,0.0113841
2.076,-0.0351868,0.011349
2.077,-0.0352531,0.0113138
2.078,-0.0353158,0.0112785
2.079,-0.0353749,0.0112432
2.08,-0.0354303,0.0112078
2.081,-0.035482,0.0111724
2.082,-0.0355301,0.0111369
2.083,-0.0355746,0.0111013
2.084,-0.0356154,0.0110658
2.085,-0.0356526,0.0110301
2.086,-0.0356861,0.0109945
2.087,-0.035716,0.0109588
2.088,-0.0357422,0.0109231
2.089,-0.0357649,0.0108873
2.09,-0.0357839,0.0108515
2.091,-0.0357993,0.0108157
2.092,-0.0358111,0.0107799
2.093,-0.0358192,0.0107441
2.094,-0.0358238,0.0107083
2.095,-0.0358248,0.0106725
2.096,-0.0358222,0.0106367
2.097,-0.035816,0.0106008
2.098,-0.0358062,0.010565
2.099,-0.0357929,0.0105292
2.1,-0.035776,0.0104934
2.101,-0.0357556,0.0104577
2.102,-0.0357316,0.0104219
2.103,-0.0357041,0.0103862
2.104,-0.0356731,0.0103505
2.105,-0.0356385,0.0103148
2.106,-0.0356005,0.0102792
2.107,-0.0355589,0.0102436
2.108,-0.0355139,0.0102081
2.109,-0.0354654,0.0101726
2.11,-0.0354135,0.0101371
2.111,-0.0353581,0.0101017
2.112,-0.0352992,0.0100664
2.113,-0.035237,0.0100311
2.114,-0.0351713,0.00999588
2.115,-0.0351023,0.00996072
2.116,-0.0350298,0.00992564
2.117,-0.034954,0.00989063
2.118,-0.0348748,0.0098557
2.119,-0.0347923,0.00982084
2.12,-0.0347065,0.00978607
2.121,-0.0346173,0.00975139
2.122,-0.0345249,0.0097168
2.123,-0.0344291,0.0096823
2.124,-0.0343301,0.00964789
2.125,-0.0342279,0.00961359
2.126,-0.0341224,0.00957939
2.127,-0.0340137,0.00954529
2.128,-0.0339018,0.00951131
2.129,-0.0337867,0.00947743
2.13,-0.0336684,0.00944368
2.131,-0.033547,0.00941004
2.132,-0.0334225,0.00937652
2.133,-0.0332948,0.00934313
2.134,-0.0331641,0.00930987
2.135,-0.0330303,0.00927674
2.136,-0.0328934,0.00924375
2.137,-0.0327535,0.00921089
2.138,-0.0326106,0.00917817
2.139,-0.0324647,0.0091456
2.14,-0.0323158,0.00911317
2.141,-0.0321639,0.00908089
2.142,-0.0320092,0.00904877
2.143,-0.0318515,0.0090168
2.144,-0.0316909,0.00898499
2.145,-0.0315274,0.00895334
2.146,-0.0313611,0.00892185
2.147,-0.031192,0.00889054
2.148,-0.03102,0.00885939
2.149,-0.0308453,0.00882841
2.15,-0.0306678,0.00879761
2.151,-0.0304876,0.00876699
2.152,-0.0303047,0.00873655
2.153,-0.0301191,0.00870629
2.154,-0.0299308,0.00867622
2.155,-0.0297399,0.00864634
2.156,-0.0295463,0.00861664
2.157,-0.0293502,0.00858715
2.158,-0.0291515,0.00855785
2.159,-0.0289502,0.00852875
2.16,-0.0287464,0.00849985
2.161,-0.0285401,0.00847115
2.162,-0.0283314,0.00844267
2.163,-0.0281202,0.00841439
2.164,-0.0279066,0.00838632
2.165,-0.0276906,0.00835847
2.166,-0.0274722,0.00833083
2.167,-0.0272515,0.00830342
2.168,-0.0270285,0.00827622
2.169,-0.0268032,0.00824925
2.17,-0.0265757,0.0082225
2.171,-0.0263459,0.00819599
2.172,-0.0261138,0.0081697
2.173,-0.0258797,0.00814364
2.174,-0.0256433,0.00811782
2.175,-0.0254049,0.00809224
2.176,-0.0251643,0.0080669
2.177,-0.0249217,0.00804179
2.178,-0.024677,0.00801693
2.179,-0.0244304,0.00799232
2.18,-0.0241817,0.00796795
2.181,-0.0239311,0.00794383
2.182,-0.0236786,0.00791996
2.183,-0.0234242,0.00789635
2.184,-0.0231679,0.00787299
2.185,-0.0229097,0.00784989
2.186,-0.0226498,0.00782704
2.187,-0.0223881,0.00780446
2.188,-0.0221246,0.00778214
2.189,-0.0218594,0.00776008
2.19,-0.0215925,0.00773828
2.191,-0.021324,0.00771676
2.192,-0.0210538,0.0076955
2.193,-0.020782,0.00767452
2.194,-0.0205087,0.0076538
2.195,-0.0202338,0.00763336
2.196,-0.0199574,0.0076132
2.197,-0.0196795,0.00759331
2.198,-0.0194002,0.0075737
2.199,-0.0191195,0.00755437
2.2,-0.0188374,0.00753532
2.201,-0.0185539,0.00751656
2.202,-0.0182691,0.00749808
2.203,-0.017983,0.00747988
2.204,-0.0176956,0.00746197
2.205,-0.017407,0.00744434
2.206,-0.0171172,0.00742701
2.207,-0.0168263,0.00740997
2.208,-0.0165342,0.00739321
2.209,-0.0162409,0.00737675
2.21,-0.0159467,0.00736058
2.211,-0.0156513,0.00734471
2.212,-0.015355,0.00732914
2.213,-0.0150577,0.00731385
2.214,-0.0147594,0.00729887
2.215,-0.0144602,0.00728419
2.216,-0.0141601,0.0072698
2.217,-0.0138592,0.00725572
2.218,-0.0135574,0.00724193
2.219,-0.0132549,0.00722845
2.22,-0.0129516,0.00721527
2.221,-0.0126476,0.0072024
2.222,-0.0123429,0.00718983
2.223,-0.0120375,0.00717756
2.224,-0.0117314,0.0071656
2.225,-0.0114248,0.00715394
2.226,-0.0111176,0.0071426
2.227,-0.0108099,0.00713156
2.228,-0.0105017,0.00712082
2.229,-0.010193,0.0071104
2.23,-0.00988384,0.00710028
2.231,-0.00957428,0.00709048
2.232,-0.00926436,0.00708098
2.233,-0.00895408,0.00707179
2.234,-0.00864349,0.00706292
2.235,-0.00833262,0.00705435
2.236,-0.0080215,0.0070461
2.237,-0.00771016,0.00703815
2.238,-0.00739863,0.00703052
2.239,-0.00708694,0.0070232
2.24,-0.00677514,0.00701619
2.241,-0.00646323,0.00700949
2.242,-0.00615127,0.00700311
2.243,-0.00583928,0.00699704
2.244,-0.00552729,0.00699127
2.245,-0.00521533,0.00698582
2.246,-0.00490343,0.00698069
2.247,-0.00459163,0.00697586
2.248,-0.00427995,0.00697135
2.249,-0.00396843,0.00696715
2.25,-0.0036571,0.00696326
2.251,-0.00334598,0.00695968
2.252,-0.00303512,0.00695641
2.253,-0.00272453,0.00695345
2.254,-0.00241425,0.0069508
2.255,-0.00210432,0.00694847
2.256,-0.00179476,0.00694644
2.257,-0.00148559,0.00694472
2.258,-0.00117686,0.00694331
2.259,-0.000868592,0.00694221
2.26,-0.000560814,0.00694142
2.261,-0.000253557,0.00694094
2.262,5.31479e-05,0.00694076
2.263,0.000359272,0.00694089
2.264,0.000664786,0.00694133
2.265,0.00096966,0.00694207
2.266,0.00127386,0.00694311
2.267,0.00157737,0.00694446
2.268,0.00188015,0.00694612
2.269,0.00218217,0.00694807
2.27,0.00248341,0.00695033
2.271,0.00278383,0.00695289
2.272,0.00308341,0.00695574
2.273,0.00338212,0.0069589
2.274,0.00367993,0.00696236
2.275,0.00397682,0.00696611
2.276,0.00427275,0.00697016
2.277,0.00456769,0.00697451
2.278,0.00486162,0.00697915
2.279,0.00515452,0.00698409
2.28,0.00544635,0.00698931
2.281,0.00573709,0.00699483
2.282,0.00602671,0.00700064
2.283,0.00631518,0.00700674
2.284,0.00660247,0.00701313
2.285,0.00688857,0.0070198
2.286,0.00717344,0.00702676
2.287,0.00745706,0.007034
2.288,0.0077394,0.00704153
2.289,0.00802043,0.00704934
2.29,0.00830014,0.00705743
2.291,0.00857849,0.0070658
2.292,0.00885546,0.00707445
2.293,0.00913102,0.00708337
2.294,0.00940515,0.00709257
2.295,0.00967782,0.00710204
2.296,0.00994902,0.00711179
2.297,0.0102187,0.00712181
2.298,0.0104869,0.00713209
2.299,0.0107535,0.00714265
2.3,0.0110185,0.00715346
2.301,0.0112819,0.00716455
2.302,0.0115437,0.0071759
2.303,0.0118039,0.0071875
2.304,0.0120624,0.00719937
2.305,0.0123192,0.0072115
2.306,0.0125743,0.00722388
2.307,0.0128276,0.00723652
2.308,0.0130792,0.00724941
2.309,0.013329,0.00726255
2.31,0.013577,0.00727594
2.311,0.0138232,0.00728958
2.312,0.0140675,0.00730346
2.313,0.01431,0.00731759
2.314,0.0145505,0.00733196
2.315,0.0147892,0.00734657
2.316,0.015026,0.00736142
2.317,0.0152608,0.0073765
2.318,0.0154936,0.00739182
2.319,0.0157244,0.00740737
2.32,0.0159532,0.00742315
2.321,0.01618,0.00743916
2.322,0.0164048,0.0074554
2.323,0.0166275,0.00747186
2.324,0.0168481,0.00748854
2.325,0.0170666,0.00750544
2.326,0.017283,0.00752256
2.327,0.0174973,0.0075399
2.328,0.0177094,0.00755745
2.329,0.0179193,0.00757521
2.33,0.018127,0.00759318
2.331,0.0183326,0.00761136
2.332,0.0185359,0.00762974
2.333,0.018737,0.00764833
2.334,0.0189358,0.00766712
2.335,0.0191324,0.0076861
2.336,0.0193266,0.00770528
2.337,0.0195186,0.00772466
2.338,0.0197083,0.00774422
2.339,0.0198956,0.00776398
2.34,0.0200806,0.00778392
2.341,0.0202632,0.00780404
2.342,0.0204435,0.00782435
2.343,0.0206214,0.00784484
2.344,0.0207969,0.0078655
2.345,0.0209699,0.00788634
2.346,0.0211406,0.00790736
2.347,0.0213088,0.00792854
2.348,0.0214746,0.00794989
2.349,0.0216379,0.0079714
2.35,0.0217987,0.00799308
2.351,0.021957,0.00801492
2.352,0.0221129,0.00803691
2.353,0.0222662,0.00805906
2.354,0.022417,0.00808137
2.355,0.0225653,0.00810382
2.356,0.0227111,0.00812642
2.357,0.0228543,0.00814917
2.358,0.022995,0.00817206
2.359,0.0231331,0.00819509
2.36,0.0232686,0.00821825
2.361,0.0234015,0.00824156
2.362,0.0235319,0.00826499
2.363,0.0236596,0.00828855
2.364,0.0237847,0.00831224
2.365,0.0239073,0.00833606
2.366,0.0240272,0.00836
2.367,0.0241444,0.00838405
2.368,0.0242591,0.00840822
2.369,0.024371,0.00843251
2.37,0.0244804,0.00845691
2.371,0.0245871,0.00848142
2.372,0.0246911,0.00850603
2.373,0.0247924,0.00853074
2.374,0.0248911,0.00855556
2.375,0.0249871,0.00858047
2.376,0.0250804,0.00860548
2.377,0.0251711,0.00863059
2.378,0.025259,0.00865578
2.379,0.0253443,0.00868106
2.38,0.0254268,0.00870642
2.381,0.0255067,0.00873187
2.382,0.0255838,0.0087574
2.383,0.0256583,0.008783
2.384,0.02573,0.00880867
2.385,0.0257991,0.00883442
2.386,0.0258654,0.00886024
2.387,0.025929,0.00888612
2.388,0.0259899,0.00891206
2.389,0.026048,0.00893806
2.39,0.0261035,0.00896413
2.391,0.0261562,0.00899024
2.392,0.0262063,0.00901641
2.393,0.0262536,0.00904263
2.394,0.0262982,0.00906889
2.395,0.02634,0.0090952
2.396,0.0263792,0.00912155
2.397,0.0264156,0.00914794
2.398,0.0264494,0.00917436
2.399,0.0264804,0.00920082
2.4,0.0265087,0.00922731
2.401,0.0265343,0.00925382
2.402,0.0265572,0.00928036
2.403,0.0265774,0.00930692
2.404,0.0265949,0.0093335
2.405,0.0266097,0.0093601
2.406,0.0266218,0.00938671
2.407,0.0266313,0.00941334
2.408,0.026638,0.00943997
2.409,0.0266421,0.00946661
2.41,0.0266435,0.00949325
2.411,0.0266422,0.00951989
2.412,0.0266382,0.00954653
2.413,0.0266316,0.00957317
2.414,0.0266224,0.0095998
2.415,0.0266105,0.00962642
2.416,0.0265959,0.00965302
2.417,0.0265787,0.00967961
2.418,0.0265589,0.00970619
2.419,0.0265365,0.00973274
2.42,0.0265115,0.00975927
2.421,0.0264838,0.00978577
2.422,0.0264536,0.00981225
2.423,0.0264207,0.0098387
2.424,0.0263853,0.00986511
2.425,0.0263473,0.00989148
2.426,0.0263067,0.00991782
2.427,0.0262636,0.00994411
2.428,0.026218,0.00997037
2.429,0.0261697,0.00999657
2.43,0.026119,0.0100227
2.431,0.0260658,0.0100488
2.432,0.02601,0.0100749
2.433,0.0259517,0.0101009
2.434,0.025891,0.0101268
2.435,0.0258277,0.0101527
2.436,0.025762,0.0101785
2.437,0.0256939,0.0102042
2.438,0.0256233,0.0102299
2.439,0.0255503,0.0102555
2.44,0.0254748,0.0102811
2.441,0.025397,0.0103065
2.442,0.0253167,0.0103319
2.443,0.0252341,0.0103572
2.444,0.0251491,0.0103824
2.445,0.0250617,0.0104075
2.446,0.024972,0.0104326
2.447,0.02488,0.0104575
2.448,0.0247856,0.0104824
2.449,0.0246889,0.0105071
2.45,0.02459,0.0105318
2.451,0.0244888,0.0105564
2.452,0.0243853,0.0105808
2.453,0.0242795,0.0106052
2.454,0.0241716,0.0106294
2.455,0.0240614,0.0106536
2.456,0.023949,0.0106776
2.457,0.0238344,0.0107015
2.458,0.0237177,0.0107253
2.459,0.0235988,0.010749
2.46,0.0234777,0.0107726
2.461,0.0233546,0.010796
2.462,0.0232293,0.0108194
2.463,0.0231019,0.0108426
2.464,0.0229725,0.0108656
2.465,0.022841,0.0108886
2.466,0.0227075,0.0109114
2.467,0.022572,0.010934
2.468,0.0224344,0.0109566
2.469,0.0222949,0.010979
2.47,0.0221533,0.0110012
2.471,0.0220099,0.0110234
2.472,0.0218645,0.0110453
2.473,0.0217172,0.0110672
2.474,0.021568,0.0110888
2.475,0.0214169,0.0111104
2.476,0.0212639,0.0111317
2.477,0.0211091,0.011153
2.478,0.0209525,0.011174
2.479,0.0207941,0.011195
2.48,0.0206339,0.0112157
2.481,0.0204719,0.0112363
2.482,0.0203082,0.0112567
2.483,0.0201428,0.011277
2.484,0.0199756,0.0112971
2.485,0.0198068,0.011317
2.486,0.0196363,0.0113368
2.487,0.0194642,0.0113564
2.488,0.0192904,0.0113758
2.489,0.019115,0.0113951
2.49,0.0189381,0.0114141
2.491,0.0187596,0.011433
2.492,0.0185795,0.0114517
2.493,0.0183979,0.0114703
2.494,0.0182149,0.0114886
2.495,0.0180303,0.0115068
2.496,0.0178443,0.0115248
2.497,0.0176568,0.0115426
2.498,0.0174679,0.0115602
2.499,0.0172777,0.0115776
2.5,0.017086,0.0115948
2.501,0.016893,0.0116119
2.502,0.0166987,0.0116287
2.503,0.0165031,0.0116454
2.504,0.0163062,0.0116618
2.505,0.016108,0.0116781
2.506,0.0159086,0.0116941
2.507,0.015708,0.01171
2.508,0.0155061,0.0117256
2.509,0.0153031,0.0117411
2.51,0.015099,0.0117563
2.511,0.0148937,0.0117714
2.512,0.0146873,0.0117862
2.513,0.0144798,0.0118009
2.514,0.0142713,0.0118153
2.515,0.0140618,0.0118295
2.516,0.0138512,0.0118435
2.517,0.0136396,0.0118573
2.518,0.0134271,0.0118709
2.519,0.0132136,0.0118843
2.52,0.0129992,0.0118974
2.521,0.0127839,0.0119104
2.522,0.0125677,0.0119231
2.523,0.0123507,0.0119356
2.524,0.0121328,0.0119479
2.525,0.0119141,0.01196
2.526,0.0116947,0.0119719
2.527,0.0114745,0.0119835
2.528,0.0112535,0.0119949
2.529,0.0110319,0.0120061
2.53,0.0108095,0.0120171
2.531,0.0105865,0.0120279
2.532,0.0103629,0.0120384
2.533,0.0101386,0.0120487
2.534,0.00991373,0.0120588
2.535,0.0096883,0.0120686
2.536,0.00946232,0.0120783
2.537,0.00923582,0.0120877
2.538,0.00900881,0.0120968
2.539,0.00878134,0.0121058
2.54,0.00855341,0.0121145
2.541,0.00832505,0.012123
2.542,0.00809629,0.0121313
2.543,0.00786715,0.0121393
2.544,0.00763764,0.0121471
2.545,0.00740781,0.0121547
2.546,0.00717767,0.0121621
2.547,0.00694723,0.0121692
2.548,0.00671654,0.0121761
2.549,0.00648561,0.0121827
2.55,0.00625446,0.0121892
2.551,0.00602312,0.0121954
2.552,0.00579161,0.0122013
2.553,0.00555995,0.0122071
2.554,0.00532817,0.0122126
2.555,0.0050963,0.0122178
2.556,0.00486435,0.0122229
2.557,0.00463234,0.0122277
2.558,0.00440031,0.0122322
2.559,0.00416828,0.0122366
2.56,0.00393626,0.0122407
2.561,0.00370429,0.0122446
2.562,0.00347237,0.0122482
2.563,0.00324055,0.0122516
2.564,0.00300884,0.0122548
2.565,0.00277726,0.0122578
2.566,0.00254584,0.0122605
2.567,0.00231459,0.012263
2.568,0.00208355,0.0122652
2.569,0.00185274,0.0122673
2.57,0.00162217,0.0122691
2.571,0.00139187,0.0122706
2.572,0.00116187,0.012272
2.573,0.000932178,0.0122731
2.574,0.000702826,0.0122739
2.575,0.000473835,0.0122746
2.576,0.000245225,0.012275
2.577,1.70207e-05,0.0122752
2.578,-0.000210757,0.0122751
2.579,-0.000438087,0.0122749
2.58,-0.000664946,0.0122744
2.581,-0.000891313,0.0122737
2.582,-0.00111717,0.0122727
2.583,-0.00134248,0.0122715
2.584,-0.00156724,0.0122701
2.585,-0.00179142,0.0122685
2.586,-0.002015,0.0122667
2.587,-0.00223796,0.0122646
2.588,-0.00246028,0.0122623
2.589,-0.00268193,0.0122598
2.59,-0.0029029,0.0122571
2.591,-0.00312317,0.0122541
2.592,-0.00334271,0.0122509
2.593,-0.0035615,0.0122475
2.594,-0.00377952,0.0122439
2.595,-0.00399676,0.0122401
2.596,-0.00421319,0.012236
2.597,-0.00442879,0.0122318
2.598,-0.00464354,0.0122273
2.599,-0.00485743,0.0122226
2.6,-0.00507042,0.0122177
2.601,-0.00528251,0.0122125
2.602,-0.00549368,0.0122072
2.603,-0.0057039,0.0122017
2.604,-0.00591315,0.0121959
2.605,-0.00612142,0.0121899
2.606,-0.00632868,0.0121838
2.607,-0.00653492,0.0121774
2.608,-0.00674012,0.0121708
2.609,-0.00694426,0.012164
2.61,-0.00714732,0.012157
2.611,-0.00734929,0.0121498
2.612,-0.00755014,0.0121424
2.613,-0.00774986,0.0121348
2.614,-0.00794842,0.012127
2.615,-0.00814582,0.012119
2.616,-0.00834204,0.0121108
2.617,-0.00853705,0.0121024
2.618,-0.00873084,0.0120939
2.619,-0.00892339,0.0120851
2.62,-0.00911469,0.0120761
2.621,-0.00930471,0.0120669
2.622,-0.00949345,0.0120576
2.623,-0.00968088,0.012048
2.624,-0.009867,0.0120383
2.625,-0.0100518,0.0120284
2.626,-0.0102352,0.0120183
2.627,-0.0104172,0.012008
2.628,-0.0105979,0.0119976
2.629,-0.0107772,0.0119869
2.63,-0.010955,0.0119761
2.631,-0.0111315,0.0119651
2.632,-0.0113064,0.0119539
2.633,-0.01148,0.0119426
2.634,-0.011652,0.0119311
2.635,-0.0118226,0.0119194
2.636,-0.0119916,0.0119075
2.637,-0.0121591,0.0118955
2.638,-0.0123252,0.0118833
2.639,-0.0124896,0.0118709
2.64,-0.0126525,0.0118584
2.641,-0.0128138,0.0118457
2.642,-0.0129736,0.0118328
2.643,-0.0131317,0.0118198
2.644,-0.0132882,0.0118066
2.645,-0.0134432,0.0117933
2.646,-0.0135964,0.0117798
2.647,-0.013748,0.0117662
2.648,-0.013898,0.0117524
2.649,-0.0140463,0.0117385
2.65,-0.0141929,0.0117244
2.651,-0.0143378,0.0117102
2.652,-0.014481,0.0116958
2.653,-0.0146225,0.0116813
2.654,-0.0147622,0.0116666
2.655,-0.0149003,0.0116518
2.656,-0.0150365,0.0116369
2.657,-0.015171,0.0116218
2.658,-0.0153038,0.0116066
2.659,-0.0154347,0.0115913
2.66,-0.0155639,0.0115758
2.661,-0.0156912,0.0115602
2.662,-0.0158168,0.0115445
2.663,-0.0159405,0.0115286
2.664,-0.0160624,0.0115127
2.665,-0.0161825,0.0114966
2.666,-0.0163007,0.0114804
2.667,-0.0164171,0.011464
2.668,-0.0165316,0.0114476
2.669,-0.0166442,0.011431
2.67,-0.016755,0.0114144
2.671,-0.0168638,0.0113976
2.672,-0.0169708,0.0113807
2.673,-0.0170759,0.0113637
2.674,-0.0171791,0.0113466
2.675,-0.0172803,0.0113294
2.676,-0.0173797,0.0113121
2.677,-0.0174771,0.0112947
2.678,-0.0175726,0.0112772
2.679,-0.0176661,0.0112596
2.68,-0.0177577,0.0112419
2.681,-0.0178474,0.0112241
2.682,-0.0179351,0.0112062
2.683,-0.0180208,0.0111883
2.684,-0.0181046,0.0111703
2.685,-0.0181864,0.0111521
2.686,-0.0182662,0.0111339
2.687,-0.0183441,0.0111156
2.688,-0.01842,0.0110973
2.689,-0.0184938,0.0110788
2.69,-0.0185657,0.0110603
2.691,-0.0186356,0.0110417
2.692,-0.0187035,0.0110231
2.693,-0.0187694,0.0110044
2.694,-0.0188333,0.0109856
2.695,-0.0188952,0.0109667
2.696,-0.0189551,0.0109478
2.697,-0.019013,0.0109289
2.698,-0.0190689,0.0109098
2.699,-0.0191227,0.0108907
2.7,-0.0191746,0.0108716
2.701,-0.0192244,0.0108524
2.702,-0.0192722,0.0108332
2.703,-0.019318,0.0108139
2.704,-0.0193617,0.0107946
2.705,-0.0194035,0.0107752
2.706,-0.0194432,0.0107558
2.707,-0.0194809,0.0107363
2.708,-0.0195166,0.0107169
2.709,-0.0195503,0.0106973
2.71,-0.0195819,0.0106778
2.711,-0.0196115,0.0106582
2.712,-0.0196391,0.0106386
2.713,-0.0196647,0.0106189
2.714,-0.0196883,0.0105992
2.715,-0.0197098,0.0105796
2.716,-0.0197294,0.0105598
2.717,-0.0197469,0.0105401
2.718,-0.0197624,0.0105204
2.719,-0.019776,0.0105006
2.72,-0.0197875,0.0104808
2.721,-0.019797,0.010461
2.722,-0.0198045,0.0104412
2.723,-0.01981,0.0104214
2.724,-0.0198135,0.0104016
2.725,-0.019815,0.0103818
2.726,-0.0198146,0.010362
2.727,-0.0198121,0.0103422
2.728,-0.0198077,0.0103224
2.729,-0.0198013,0.0103025
2.73,-0.0197929,0.0102827
2.731,-0.0197826,0.010263
2.732,-0.0197703,0.0102432
2.733,-0.0197561,0.0102234
2.734,-0.0197399,0.0102037
2.735,-0.0197217,0.0101839
2.736,-0.0197017,0.0101642
2.737,-0.0196796,0.0101445
2.738,-0.0196557,0.0101248
2.739,-0.0196298,0.0101052
2.74,-0.019602,0.0100856
2.741,-0.0195723,0.010066
2.742,-0.0195407,0.0100464
2.743,-0.0195073,0.0100269
2.744,-0.0194719,0.0100074
2.745,-0.0194346,0.00998792
2.746,-0.0193955,0.00996849
2.747,-0.0193544,0.00994911
2.748,-0.0193116,0.00992977
2.749,-0.0192669,0.00991047
2.75,-0.0192203,0.00989121
2.751,-0.0191719,0.009872
2.752,-0.0191216,0.00985284
2.753,-0.0190696,0.00983374
2.754,-0.0190157,0.00981468
2.755,-0.0189601,0.00979568
2.756,-0.0189026,0.00977673
2.757,-0.0188434,0.00975785
2.758,-0.0187823,0.00973902
2.759,-0.0187196,0.00972025
2.76,-0.018655,0.00970155
2.761,-0.0185887,0.00968291
2.762,-0.0185207,0.00966434
2.763,-0.018451,0.00964584
2.764,-0.0183795,0.0096274
2.765,-0.0183063,0.00960904
2.766,-0.0182315,0.00959075
2.767,-0.0181549,0.00957254
2.768,-0.0180767,0.00955441
2.769,-0.0179968,0.00953635
2.77,-0.0179153,0.00951838
2.771,-0.0178321,0.00950048
2.772,-0.0177473,0.00948267
2.773,-0.0176608,0.00946494
2.774,-0.0175728,0.00944731
2.775,-0.0174832,0.00942976
2.776,-0.017392,0.0094123
2.777,-0.0172992,0.00939493
2.778,-0.0172049,0.00937765
2.779,-0.017109,0.00936047
2.78,-0.0170116,0.00934339
2.781,-0.0169127,0.0093264
2.782,-0.0168122,0.00930951
2.783,-0.0167103,0.00929273
2.784,-0.0166069,0.00927604
2.785,-0.016502,0.00925946
2.786,-0.0163957,0.00924299
2.787,-0.0162879,0.00922662
2.788,-0.0161787,0.00921036
2.789,-0.016068,0.00919421
2.79,-0.015956,0.00917817
2.791,-0.0158426,0.00916224
2.792,-0.0157278,0.00914643
2.793,-0.0156117,0.00913073
2.794,-0.0154942,0.00911515
2.795,-0.0153754,0.00909968
2.796,-0.0152553,0.00908434
2.797,-0.0151338,0.00906911
2.798,-0.0150111,0.00905401
2.799,-0.0148871,0.00903903
2.8,-0.0147619,0.00902417
2.801,-0.0146354,0.00900944
2.802,-0.0145077,0.00899484
2.803,-0.0143787,0.00898036
2.804,-0.0142486,0.00896602
2.805,-0.0141173,0.0089518
2.806,-0.0139848,0.00893772
2.807,-0.0138512,0.00892377
2.808,-0.0137164,0.00890995
2.809,-0.0135805,0.00889627
2.81,-0.0134435,0.00888272
2.811,-0.0133054,0.00886931
2.812,-0.0131663,0.00885604
2.813,-0.0130261,0.00884291
2.814,-0.0128848,0.00882992
2.815,-0.0127426,0.00881707
2.816,-0.0125993,0.00880437
2.817,-0.012455,0.0087918
2.818,-0.0123098,0.00877938
2.819,-0.0121636,0.00876711
2.82,-0.0120164,0.00875498
2.821,-0.0118683,0.00874301
2.822,-0.0117193,0.00873117
2.823,-0.0115694,0.00871949
2.824,-0.0114187,0.00870796
2.825,-0.0112671,0.00869658
2.826,-0.0111146,0.00868535
2.827,-0.0109613,0.00867428
2.828,-0.0108072,0.00866335
2.829,-0.0106523,0.00865258
2.83,-0.0104967,0.00864197
2.831,-0.0103402,0.00863151
2.832,-0.0101831,0.00862121
2.833,-0.0100252,0.00861107
2.834,-0.00986657,0.00860108
2.835,-0.00970728,0.00859126
2.836,-0.00954732,0.00858159
2.837,-0.0093867,0.00857208
2.838,-0.00922545,0.00856274
2.839,-0.00906357,0.00855355
2.84,-0.00890109,0.00854453
2.841,-0.00873803,0.00853567
2.842,-0.00857439,0.00852697
2.843,-0.00841021,0.00851844
2.844,-0.00824549,0.00851007
2.845,-0.00808025,0.00850187
2.846,-0.00791452,0.00849383
2.847,-0.00774831,0.00848595
2.848,-0.00758163,0.00847825
2.849,-0.0074145,0.00847071
2.85,-0.00724695,0.00846334
2.851,-0.00707898,0.00845613
2.852,-0.00691063,0.00844909
2.853,-0.00674189,0.00844223
2.854,-0.0065728,0.00843553
2.855,-0.00640337,0.008429
2.856,-0.00623361,0.00842263
2.857,-0.00606355,0.00841644
2.858,-0.00589321,0.00841042
2.859,-0.00572259,0.00840457
2.86,-0.00555172,0.00839889
2.861,-0.00538061,0.00839338
2.862,-0.00520929,0.00838805
2.863,-0.00503776,0.00838288
2.864,-0.00486606,0.00837788
2.865,-0.00469419,0.00837306
2.866,-0.00452217,0.00836841
2.867,-0.00435002,0.00836393
2.868,-0.00417776,0.00835962
2.869,-0.00400541,0.00835549
2.87,-0.00383297,0.00835153
2.871,-0.00366048,0.00834774
2.872,-0.00348795,0.00834412
2.873,-0.00331538,0.00834068
2.874,-0.00314282,0.0083374
2.875,-0.00297026,0.0083343
2.876,-0.00279772,0.00833138
2.877,-0.00262523,0.00832862
2.878,-0.00245281,0.00832604
2.879,-0.00228046,0.00832363
2.88,-0.0021082,0.00832139
2.881,-0.00193606,0.00831933
2.882,-0.00176405,0.00831743
2.883,-0.00159218,0.00831571
2.884,-0.00142047,0.00831416
2.885,-0.00124895,0.00831279
2.886,-0.00107762,0.00831158
2.887,-0.000906511,0.00831054
2.888,-0.000735628,0.00830968
2.889,-0.000564992,0.00830899
2.89,-0.00039462,0.00830847
2.891,-0.000224528,0.00830811
2.892,-5.47332e-05,0.00830793
2.893,0.000114749,0.00830792
2.894,0.000283901,0.00830808
2.895,0.000452708,0.0083084
2.896,0.000621152,0.0083089
2.897,0.000789218,0.00830956
2.898,0.00095689,0.00831039
2.899,0.00112415,0.00831139
2.9,0.00129099,0.00831256
2.901,0.00145738,0.00831389
2.902,0.00162331,0.00831539
2.903,0.00178877,0.00831705
2.904,0.00195374,0.00831888
2.905,0.00211821,0.00832088
2.906,0.00228215,0.00832304
2.907,0.00244556,0.00832536
2.908,0.00260842,0.00832784
2.909,0.00277071,0.00833049
2.91,0.00293242,0.0083333
2.911,0.00309353,0.00833628
2.912,0.00325403,0.00833941
2.913,0.0034139,0.0083427
2.914,0.00357313,0.00834616
2.915,0.00373171,0.00834977
2.916,0.00388961,0.00835354
2.917,0.00404683,0.00835747
2.918,0.00420335,0.00836156
2.919,0.00435915,0.0083658
2.92,0.00451422,0.0083702
2.921,0.00466856,0.00837475
2.922,0.00482213,0.00837946
2.923,0.00497493,0.00838432
2.924,0.00512695,0.00838933
2.925,0.00527817,0.00839449
2.926,0.00542858,0.00839981
2.927,0.00557816,0.00840527
2.928,0.00572691,0.00841089
2.929,0.0058748,0.00841665
2.93,0.00602182,0.00842257
2.931,0.00616797,0.00842862
2.932,0.00631322,0.00843483
2.933,0.00645757,0.00844118
2.934,0.00660101,0.00844767
2.935,0.00674351,0.00845431
2.936,0.00688507,0.00846109
2.937,0.00702568,0.00846801
2.938,0.00716532,0.00847507
2.939,0.00730397,0.00848227
2.94,0.00744164,0.0084896
2.941,0.00757831,0.00849708
2.942,0.00771396,0.00850469
2.943,0.00784858,0.00851244
2.944,0.00798217,0.00852032
2.945,0.0081147,0.00852834
2.946,0.00824617,0.00853648
2.947,0.00837658,0.00854476
2.948,0.00850589,0.00855317
2.949,0.00863412,0.00856171
2.95,0.00876124,0.00857037
2.951,0.00888724,0.00857917
2.952,0.00901212,0.00858808
2.953,0.00913586,0.00859713
2.954,0.00925846,0.00860629
2.955,0.0093799,0.00861558
2.956,0.00950017,0.00862499
2.957,0.00961926,0.00863452
2.958,0.00973717,0.00864417
2.959,0.00985388,0.00865394
2.96,0.00996939,0.00866382
2.961,0.0100837,0.00867382
2.962,0.0101967,0.00868393
2.963,0.0103086,0.00869415
2.964,0.0104192,0.00870449
2.965,0.0105285,0.00871494
2.966,0.0106366,0.00872549
2.967,0.0107434,0.00873615
2.968,0.010849,0.00874692
2.969,0.0109532,0.0087578
2.97,0.0110562,0.00876878
2.971,0.0111578,0.00877986
2.972,0.0112582,0.00879104
2.973,0.0113572,0.00880232
2.974,0.011455,0.00881371
2.975,0.0115514,0.00882518
2.976,0.0116464,0.00883676
2.977,0.0117401,0.00884843
2.978,0.0118325,0.00886019
2.979,0.0119235,0.00887205
2.98,0.0120131,0.00888399
2.981,0.0121014,0.00889603
2.982,0.0121883,0.00890815
2.983,0.0122738,0.00892036
2.984,0.0123579,0.00893265
2.985,0.0124406,0.00894503
2.986,0.0125219,0.00895749
2.987,0.0126018,0.00897004
2.988,0.0126803,0.00898266
2.989,0.0127574,0.00899536
2.99,0.0128331,0.00900813
2.991,0.0129073,0.00902098
2.992,0.0129801,0.00903391
2.993,0.0130515,0.00904691
2.994,0.0131214,0.00905997
2.995,0.0131899,0.00907311
2.996,0.0132569,0.00908632
2.997,0.0133225,0.00909959
2.998,0.0133867,0.00911293
2.999,0.0134493,0.00912633
3,0.0135105,0.0091398
3.001,0.0135703,0.00915332
3.002,0.0136285,0.00916691
3.003,0.0136853,0.00918055
3.004,0.0137406,0.00919425
3.005,0.0137945,0.009208
3.006,0.0138468,0.00922181
3.007,0.0138977,0.00923567
3.008,0.0139471,0.00924958
3.009,0.013995,0.00926354
3.01,0.0140414,0.00927754
3.011,0.0140863,0.0092916
3.012,0.0141297,0.00930569
3.013,0.0141716,0.00931983
3.014,0.014212,0.00933401
3.015,0.014251,0.00934824
3.016,0.0142884,0.0093625
3.017,0.0143243,0.00937679
3.018,0.0143587,0.00939113
3.019,0.0143917,0.00940549
3.02,0.0144231,0.00941989
3.021,0.014453,0.00943432
3.022,0.0144814,0.00944878
3.023,0.0145083,0.00946327
3.024,0.0145337,0.00947778
3.025,0.0145576,0.00949232
3.026,0.01458,0.00950689
3.027,0.0146009,0.00952147
3.028,0.0146203,0.00953608
3.029,0.0146382,0.0095507
3.03,0.0146546,0.00956534
3.031,0.0146695,0.00958
3.032,0.014683,0.00959467
3.033,0.0146949,0.00960936
3.034,0.0147053,0.00962406
3.035,0.0147142,0.00963876
3.036,0.0147217,0.00965348
3.037,0.0147276,0.0096682
3.038,0.0147321,0.00968293
3.039,0.0147351,0.00969766
3.04,0.0147366,0.0097124
3.041,0.0147366,0.00972714
3.042,0.0147351,0.00974187
3.043,0.0147322,0.00975661
3.044,0.0147278,0.00977134
3.045,0.014722,0.00978606
3.046,0.0147146,0.00980078
3.047,0.0147059,0.0098155
3.048,0.0146956,0.0098302
3.049,0.0146839,0.00984489
3.05,0.0146708,0.00985957
3.051,0.0146562,0.00987424
3.052,0.0146402,0.00988889
3.053,0.0146228,0.00990353
3.054,0.0146039,0.00991814
3.055,0.0145836,0.00993274
3.056,0.0145618,0.00994732
3.057,0.0145387,0.00996188
3.058,0.0145141,0.00997641
3.059,0.0144882,0.00999092
3.06,0.0144608,0.0100054
3.061,0.014432,0.0100199
3.062,0.0144019,0.0100343
3.063,0.0143703,0.0100487
3.064,0.0143374,0.010063
3.065,0.0143031,0.0100774
3.066,0.0142674,0.0100917
3.067,0.0142304,0.0101059
3.068,0.014192,0.0101201
3.069,0.0141523,0.0101343
3.07,0.0141113,0.0101485
3.071,0.0140689,0.0101626
3.072,0.0140251,0.0101766
3.073,0.0139801,0.0101906
3.074,0.0139337,0.0102046
3.075,0.013886,0.0102185
3.076,0.013837,0.0102324
3.077,0.0137868,0.0102462
3.078,0.0137352,0.01026
3.079,0.0136824,0.0102737
3.08,0.0136283,0.0102874
3.081,0.0135729,0.010301
3.082,0.0135163,0.0103146
3.083,0.0134584,0.0103281
3.084,0.0133993,0.0103415
3.085,0.013339,0.0103549
3.086,0.0132774,0.0103682
3.087,0.0132146,0.0103815
3.088,0.0131507,0.0103947
3.089,0.0130855,0.0104078
3.09,0.0130191,0.0104209
3.091,0.0129516,0.0104339
3.092,0.0128829,0.0104468
3.093,0.012813,0.0104597
3.094,0.012742,0.0104725
3.095,0.0126698,0.0104852
3.096,0.0125965,0.0104978
3.097,0.0125221,0.0105104
3.098,0.0124466,0.0105229
3.099,0.0123699,0.0105353
3.1,0.0122922,0.0105477
3.101,0.0122134,0.01056
3.102,0.0121335,0.0105722
3.103,0.0120525,0.0105843
3.104,0.0119705,0.0105963
3.105,0.0118875,0.0106083
3.106,0.0118034,0.0106201
3.107,0.0117183,0.0106319
3.108,0.0116322,0.0106436
3.109,0.011545,0.0106552
3.11,0.0114569,0.0106667
3.111,0.0113678,0.0106782
3.112,0.0112777,0.0106895
3.113,0.0111867,0.0107008
3.114,0.0110947,0.0107119
3.115,0.0110018,0.010723
3.116,0.010908,0.010734
3.117,0.0108132,0.0107449
3.118,0.0107175,0.0107557
3.119,0.010621,0.0107663
3.12,0.0105235,0.0107769
3.121,0.0104252,0.0107874
3.122,0.010326,0.0107978
3.123,0.010226,0.0108081
3.124,0.0101252,0.0108183
3.125,0.0100235,0.0108284
3.126,0.00992099,0.0108384
3.127,0.0098177,0.0108483
3.128,0.00971362,0.0108581
3.129,0.00960876,0.0108678
3.13,0.00950314,0.0108774
3.131,0.00939677,0.0108869
3.132,0.00928965,0.0108962
3.133,0.0091818,0.0109055
3.134,0.00907324,0.0109147
3.135,0.00896397,0.0109237
3.136,0.00885402,0.0109326
3.137,0.00874338,0.0109415
3.138,0.00863207,0.0109502
3.139,0.00852011,0.0109588
3.14,0.0084075,0.0109673
3.141,0.00829427,0.0109757
3.142,0.00818042,0.0109839
3.143,0.00806596,0.0109921
3.144,0.00795091,0.0110001
3.145,0.00783528,0.011008
3.146,0.00771908,0.0110158
3.147,0.00760233,0.0110235
3.148,0.00748504,0.0110311
3.149,0.00736721,0.0110386
3.15,0.00724887,0.0110459
3.151,0.00713003,0.0110531
3.152,0.0070107,0.0110602
3.153,0.00689089,0.0110672
3.154,0.00677061,0.0110741
3.155,0.00664988,0.0110808
3.156,0.00652872,0.0110874
3.157,0.00640712,0.0110939
3.158,0.00628512,0.0111003
3.159,0.00616271,0.0111065
3.16,0.00603992,0.0111127
3.161,0.00591675,0.0111187
3.162,0.00579322,0.0111246
3.163,0.00566934,0.0111303
3.164,0.00554513,0.011136
3.165,0.0054206,0.0111415
3.166,0.00529575,0.0111469
3.167,0.00517062,0.0111521
3.168,0.0050452,0.0111573
3.169,0.0049195,0.0111623
3.17,0.00479356,0.0111672
3.171,0.00466737,0.0111719
3.172,0.00454094,0.0111766
3.173,0.00441431,0.0111811
3.174,0.00428746,0.0111855
3.175,0.00416043,0.0111897
3.176,0.00403322,0.0111939
3.177,0.00390584,0.0111979
3.178,0.00377831,0.0112017
3.179,0.00365065,0.0112055
3.18,0.00352285,0.0112091
3.181,0.00339495,0.0112126
3.182,0.00326694,0.011216
3.183,0.00313885,0.0112192
3.184,0.00301068,0.0112223
3.185,0.00288245,0.0112253
3.186,0.00275418,0.0112281
3.187,0.00262587,0.0112308
3.188,0.00249754,0.0112334
3.189,0.00236919,0.0112359
3.19,0.00224086,0.0112382
3.191,0.00211254,0.0112405
3.192,0.00198424,0.0112425
3.193,0.00185599,0.0112445
3.194,0.0017278,0.0112463
3.195,0.00159967,0.011248
3.196,0.00147163,0.0112496
3.197,0.00134367,0.011251
3.198,0.00121582,0.0112523
3.199,0.00108809,0.0112535
3.2,0.000960495,0.0112546
3.201,0.000833039,0.0112555
3.202,0.000705739,0.0112563
3.203,0.000578608,0.011257
3.204,0.000451657,0.0112575
3.205,0.000324899,0.0112579
3.206,0.000198346,0.0112582
3.207,7.20117e-05,0.0112584
3.208,-5.40933e-05,0.0112584
3.209,-0.000179956,0.0112583
3.21,-0.000305565,0.0112581
3.211,-0.000430907,0.0112578
3.212,-0.000555971,0.0112573
3.213,-0.000680745,0.0112568
3.214,-0.000805216,0.011256
3.215,-0.000929373,0.0112552
3.216,-0.0010532,0.0112542
3.217,-0.0011767,0.0112532
3.218,-0.00129984,0.011252
3.219,-0.00142262,0.0112506
3.22,-0.00154503,0.0112492
3.221,-0.00166706,0.0112476
3.222,-0.00178869,0.0112459
3.223,-0.00190991,0.0112441
3.224,-0.00203071,0.0112421
3.225,-0.00215109,0.0112401
3.226,-0.00227102,0.0112379
3.227,-0.0023905,0.0112356
3.228,-0.00250951,0.0112332
3.229,-0.00262806,0.0112306
3.23,-0.00274611,0.011228
3.231,-0.00286367,0.0112252
3.232,-0.00298072,0.0112223
3.233,-0.00309726,0.0112193
3.234,-0.00321326,0.0112162
3.235,-0.00332873,0.0112129
3.236,-0.00344365,0.0112096
3.237,-0.003558,0.0112061
3.238,-0.00367179,0.0112025
3.239,-0.00378499,0.0111988
3.24,-0.0038976,0.011195
3.241,-0.00400962,0.0111911
3.242,-0.00412102,0.011187
3.243,-0.00423179,0.0111829
3.244,-0.00434194,0.0111786
3.245,-0.00445145,0.0111743
3.246,-0.0045603,0.0111698
3.247,-0.00466849,0.0111652
3.248,-0.00477602,0.0111605
3.249,-0.00488286,0.0111557
3.25,-0.00498901,0.0111508
3.251,-0.00509447,0.0111458
3.252,-0.00519922,0.0111407
3.253,-0.00530325,0.0111354
3.254,-0.00540655,0.0111301
3.255,-0.00550912,0.0111247
3.256,-0.00561095,0.0111191
3.257,-0.00571202,0.0111135
3.258,-0.00581233,0.0111078
3.259,-0.00591187,0.0111019
3.26,-0.00601063,0.011096
3.261,-0.00610861,0.0110899
3.262,-0.00620579,0.0110838
3.263,-0.00630217,0.0110776
3.264,-0.00639773,0.0110713
3.265,-0.00649248,0.0110648
3.266,-0.00658639,0.0110583
3.267,-0.00667948,0.0110517
3.268,-0.00677172,0.011045
3.269,-0.0068631,0.0110382
3.27,-0.00695363,0.0110313
3.271,-0.0070433,0.0110244
3.272,-0.00713209,0.0110173
3.273,-0.00721999,0.0110101
3.274,-0.00730702,0.0110029
3.275,-0.00739314,0.0109956
3.276,-0.00747837,0.0109882
3.277,-0.00756269,0.0109807
3.278,-0.00764609,0.0109731
3.279,-0.00772857,0.0109654
3.28,-0.00781012,0.0109577
3.281,-0.00789074,0.0109498
3.282,-0.00797041,0.0109419
3.283,-0.00804914,0.0109339
3.284,-0.00812691,0.0109259
3.285,-0.00820373,0.0109177
3.286,-0.00827958,0.0109095
3.287,-0.00835446,0.0109012
3.288,-0.00842836,0.0108928
3.289,-0.00850128,0.0108844
3.29,-0.00857321,0.0108759
3.291,-0.00864415,0.0108673
3.292,-0.00871409,0.0108586
3.293,-0.00878302,0.0108499
3.294,-0.00885095,0.0108411
3.295,-0.00891787,0.0108322
3.296,-0.00898376,0.0108233
3.297,-0.00904864,0.0108143
3.298,-0.00911248,0.0108052
3.299,-0.0091753,0.0107961
3.3,-0.00923707,0.0107869
3.301,-0.00929781,0.0107776
3.302,-0.0093575,0.0107683
3.303,-0.00941615,0.0107589
3.304,-0.00947374,0.0107495
3.305,-0.00953027,0.01074
3.306,-0.00958575,0.0107305
3.307,-0.00964016,0.0107209
3.308,-0.0096935,0.0107112
3.309,-0.00974578,0.0107015
3.31,-0.00979698,0.0106918
3.311,-0.0098471,0.010682
3.312,-0.00989614,0.0106721
3.313,-0.00994411,0.0106622
3.314,-0.00999098,0.0106522
3.315,-0.0100368,0.0106422
3.316,-0.0100815,0.0106322
3.317,-0.0101251,0.0106221
3.318,-0.0101676,0.010612
3.319,-0.010209,0.0106018
3.32,-0.0102493,0.0105916
3.321,-0.0102885,0.0105813
3.322,-0.0103266,0.010571
3.323,-0.0103636,0.0105607
3.324,-0.0103995,0.0105503
3.325,-0.0104343,0.0105399
3.326,-0.010468,0.0105294
3.327,-0.0105005,0.010519
3.328,-0.010532,0.0105085
3.329,-0.0105623,0.0104979
3.33,-0.0105916,0.0104874
3.331,-0.0106197,0.0104768
3.332,-0.0106467,0.0104661
3.333,-0.0106725,0.0104555
3.334,-0.0106973,0.0104448
3.335,-0.0107209,0.0104341
3.336,-0.0107435,0.0104234
3.337,-0.0107649,0.0104126
3.338,-0.0107852,0.0104018
3.339,-0.0108043,0.0103911
3.34,-0.0108224,0.0103803
3.341,-0.0108393,0.0103694
3.342,-0.0108552,0.0103586
3.343,-0.0108699,0.0103477
3.344,-0.0108835,0.0103368
3.345,-0.0108959,0.010326
3.346,-0.0109073,0.0103151
3.347,-0.0109175,0.0103042
3.348,-0.0109267,0.0102932
3.349,-0.0109347,0.0102823
3.35,-0.0109416,0.0102714
3.351,-0.0109474,0.0102604
3.352,-0.0109521,0.0102495
3.353,-0.0109557,0.0102385
3.354,-0.0109582,0.0102276
3.355,-0.0109596,0.0102166
3.356,-0.0109599,0.0102057
3.357,-0.0109591,0.0101947
3.358,-0.0109572,0.0101837
3.359,-0.0109542,0.0101728
3.36,-0.0109501,0.0101618
3.361,-0.0109449,0.0101509
3.362,-0.0109387,0.0101399
3.363,-0.0109313,0.010129
3.364,-0.0109229,0.0101181
3.365,-0.0109134,0.0101071
3.366,-0.0109028,0.0100962
3.367,-0.0108912,0.0100853
3.368,-0.0108785,0.0100744
3.369,-0.0108647,0.0100636
3.37,-0.0108498,0.0100527
3.371,-0.0108339,0.0100419
3.372,-0.010817,0.010031
3.373,-0.010799,0.0100202
3.374,-0.0107799,0.0100094
3.375,-0.0107598,0.00999866
3.376,-0.0107387,0.0099879
3.377,-0.0107165,0.00997717
3.378,-0.0106933,0.00996646
3.379,-0.0106691,0.00995577
3.38,-0.0106438,0.00994511
3.381,-0.0106176,0.00993447
3.382,-0.0105903,0.00992386
3.383,-0.010562,0.00991328
3.384,-0.0105327,0.00990272
3.385,-0.0105024,0.0098922
3.386,-0.0104711,0.0098817
3.387,-0.0104388,0.00987124
3.388,-0.0104056,0.00986081
3.389,-0.0103713,0.00985041
3.39,-0.0103361,0.00984005
3.391,-0.0102999,0.00982972
3.392,-0.0102628,0.00981943
3.393,-0.0102247,0.00980918
3.394,-0.0101856,0.00979897
3.395,-0.0101456,0.00978879
3.396,-0.0101047,0.00977866
3.397,-0.0100628,0.00976856
3.398,-0.01002,0.00975851
3.399,-0.00997625,0.0097485
3.4,-0.0099316,0.00973854
3.401,-0.00988604,0.00972862
3.402,-0.00983958,0.00971874
3.403,-0.00979222,0.00970891
3.404,-0.00974397,0.00969913
3.405,-0.00969483,0.0096894
3.406,-0.00964482,0.00967972
3.407,-0.00959394,0.00967009
3.408,-0.00954219,0.00966051
3.409,-0.00948958,0.00965098
3.41,-0.00943612,0.0096415
3.411,-0.00938182,0.00963208
3.412,-0.00932667,0.00962271
3.413,-0.0092707,0.0096134
3.414,-0.00921391,0.00960414
3.415,-0.0091563,0.00959494
3.416,-0.00909788,0.0095858
3.417,-0.00903867,0.00957672
3.418,-0.00897865,0.0095677
3.419,-0.00891785,0.00955873
3.42,-0.00885628,0.00954983
3.421,-0.00879393,0.00954099
3.422,-0.00873082,0.00953221
3.423,-0.00866695,0.0095235
3.424,-0.00860234,0.00951485
3.425,-0.00853698,0.00950626
3.426,-0.0084709,0.00949774
3.427,-0.00840409,0.00948929
3.428,-0.00833656,0.0094809
3.429,-0.00826833,0.00947258
3.43,-0.0081994,0.00946433
3.431,-0.00812977,0.00945615
3.432,-0.00805946,0.00944803
3.433,-0.00798848,0.00943999
3.434,-0.00791683,0.00943202
3.435,-0.00784453,0.00942412
3.436,-0.00777157,0.0094163
3.437,-0.00769797,0.00940854
3.438,-0.00762374,0.00940087
3.439,-0.00754889,0.00939326
3.44,-0.00747342,0.00938573
3.441,-0.00739735,0.00937828
3.442,-0.00732067,0.0093709
3.443,-0.00724341,0.0093636
3.444,-0.00716557,0.00935637
3.445,-0.00708716,0.00934923
3.446,-0.00700818,0.00934216
3.447,-0.00692865,0.00933517
3.448,-0.00684858,0.00932826
3.449,-0.00676797,0.00932143
3.45,-0.00668684,0.00931469
3.451,-0.00660519,0.00930802
3.452,-0.00652303,0.00930144
3.453,-0.00644037,0.00929493
3.454,-0.00635722,0.00928851
3.455,-0.0062736,0.00928218
3.456,-0.0061895,0.00927593
3.457,-0.00610494,0.00926976
3.458,-0.00601992,0.00926367
3.459,-0.00593447,0.00925768
3.46,-0.00584858,0.00925176
3.461,-0.00576226,0.00924594
3.462,-0.00567554,0.0092402
3.463,-0.0055884,0.00923454
3.464,-0.00550087,0.00922897
3.465,-0.00541296,0.0092235
3.466,-0.00532466,0.00921811
3.467,-0.005236,0.0092128
3.468,-0.00514699,0.00920759
3.469,-0.00505762,0.00920246
3.47,-0.00496791,0.00919743
3.471,-0.00487788,0.00919248
3.472,-0.00478753,0.00918763
3.473,-0.00469687,0.00918286
3.474,-0.0046059,0.00917819
3.475,-0.00451465,0.00917361
3.476,-0.00442312,0.00916912
3.477,-0.00433131,0.00916472
3.478,-0.00423925,0.00916041
3.479,-0.00414693,0.00915619
3.48,-0.00405437,0.00915207
3.481,-0.00396158,0.00914804
3.482,-0.00386857,0.0091441
3.483,-0.00377534,0.00914025
3.484,-0.00368191,0.0091365
3.485,-0.00358829,0.00913284
3.486,-0.00349448,0.00912928
3.487,-0.0034005,0.00912581
3.488,-0.00330636,0.00912243
3.489,-0.00321206,0.00911915
3.49,-0.00311762,0.00911596
3.491,-0.00302304,0.00911286
3.492,-0.00292834,0.00910986
3.493,-0.00283352,0.00910696
3.494,-0.0027386,0.00910415
3.495,-0.00264358,0.00910144
3.496,-0.00254847,0.00909882
3.497,-0.00245329,0.00909629
3.498,-0.00235804,0.00909386
3.499,-0.00226274,0.00909153
3.5,-0.00216738,0.00908929
3.501,-0.00207199,0.00908714
3.502,-0.00197657,0.0090851
3.503,-0.00188113,0.00908314
3.504,-0.00178568,0.00908129
3.505,-0.00169023,0.00907953
3.506,-0.00159479,0.00907786
3.507,-0.00149938,0.00907629
3.508,-0.00140399,0.00907481
3.509,-0.00130864,0.00907343
3.51,-0.00121333,0.00907215
3.511,-0.00111809,0.00907096
3.512,-0.00102291,0.00906986
3.513,-0.000927805,0.00906886
3.514,-0.000832788,0.00906796
3.515,-0.000737866,0.00906715
3.516,-0.000643048,0.00906644
3.517,-0.000548343,0.00906582
3.518,-0.000453762,0.00906529
3.519,-0.000359313,0.00906486
3.52,-0.000265005,0.00906453
3.521,-0.000170847,0.00906429
3.522,-7.68492e-05,0.00906414
3.523,1.69801e-05,0.00906408
3.524,0.000110632,0.00906413
3.525,0.000204096,0.00906426
3.526,0.000297365,0.00906449
3.527,0.000390429,0.00906481
3.528,0.000483279,0.00906522
3.529,0.000575907,0.00906573
3.53,0.000668303,0.00906633
3.531,0.000760459,0.00906702
3.532,0.000852365,0.0090678
3.533,0.000944014,0.00906868
3.534,0.0010354,0.00906964
3.535,0.0011265,0.0090707
3.536,0.00121733,0.00907185
3.537,0.00130786,0.00907309
3.538,0.00139809,0.00907442
3.539,0.00148801,0.00907584
3.54,0.00157761,0.00907735
3.541,0.00166689,0.00907895
3.542,0.00175583,0.00908064
3.543,0.00184443,0.00908242
3.544,0.00193268,0.00908428
3.545,0.00202057,0.00908624
3.546,0.0021081,0.00908828
3.547,0.00219524,0.00909041
3.548,0.00228201,0.00909263
3.549,0.00236838,0.00909493
3.55,0.00245436,0.00909732
3.551,0.00253992,0.0090998
3.552,0.00262508,0.00910236
3.553,0.00270981,0.009105
3.554,0.00279411,0.00910774
3.555,0.00287797,0.00911055
3.556,0.00296138,0.00911345
3.557,0.00304435,0.00911643
3.558,0.00312685,0.0091195
3.559,0.00320888,0.00912264
3.56,0.00329044,0.00912587
3.561,0.00337152,0.00912918
3.562,0.00345211,0.00913257
3.563,0.0035322,0.00913605
3.564,0.00361179,0.0091396
3.565,0.00369086,0.00914323
3.566,0.00376942,0.00914694
3.567,0.00384745,0.00915073
3.568,0.00392495,0.0091546
3.569,0.00400192,0.00915854
3.57,0.00407834,0.00916256
3.571,0.0041542,0.00916666
3.572,0.00422951,0.00917083
3.573,0.00430426,0.00917508
3.574,0.00437843,0.0091794
3.575,0.00445202,0.0091838
3.576,0.00452504,0.00918827
3.577,0.00459746,0.00919281
3.578,0.00466928,0.00919743
3.579,0.00474051,0.00920211
3.58,0.00481112,0.00920687
3.581,0.00488112,0.0092117
3.582,0.0049505,0.0092166
3.583,0.00501926,0.00922157
3.584,0.00508738,0.0092266
3.585,0.00515487,0.00923171
3.586,0.00522171,0.00923688
3.587,0.00528791,0.00924212
3.588,0.00535345,0.00924742
3.589,0.00541833,0.00925279
3.59,0.00548255,0.00925822
3.591,0.0055461,0.00926372
3.592,0.00560898,0.00926929
3.593,0.00567118,0.00927491
3.594,0.00573269,0.0092806
3.595,0.00579351,0.00928634
3.596,0.00585364,0.00929215
3.597,0.00591307,0.00929802
3.598,0.0059718,0.00930395
3.599,0.00602981,0.00930993
3.6,0.00608712,0.00931598
3.601,0.00614371,0.00932208
3.602,0.00619958,0.00932824
3.603,0.00625472,0.00933445
3.604,0.00630913,0.00934072
3.605,0.00636281,0.00934704
3.606,0.00641575,0.00935342
3.607,0.00646795,0.00935985
3.608,0.00651941,0.00936633
3.609,0.00657011,0.00937286
3.61,0.00662006,0.00937944
3.611,0.00666926,0.00938607
3.612,0.0067177,0.00939275
3.613,0.00676537,0.00939948
3.614,0.00681228,0.00940626
3.615,0.00685841,0.00941308
3.616,0.00690378,0.00941995
3.617,0.00694836,0.00942687
3.618,0.00699217,0.00943383
3.619,0.0070352,0.00944083
3.62,0.00707744,0.00944788
3.621,0.00711889,0.00945496
3.622,0.00715955,0.00946209
3.623,0.00719942,0.00946926
3.624,0.0072385,0.00947647
3.625,0.00727677,0.00948372
3.626,0.00731425,0.00949101
3.627,0.00735092,0.00949833
3.628,0.00738679,0.00950569
3.629,0.00742186,0.00951308
3.63,0.00745611,0.00952051
3.631,0.00748955,0.00952798
3.632,0.00752218,0.00953548
3.633,0.007554,0.00954301
3.634,0.007585,0.00955057
3.635,0.00761518,0.00955816
3.636,0.00764455,0.00956578
3.637,0.00767309,0.00957343
3.638,0.00770081,0.00958111
3.639,0.00772771,0.00958882
3.64,0.00775379,0.00959656
3.641,0.00777904,0.00960432
3.642,0.00780346,0.0096121
3.643,0.00782706,0.00961991
3.644,0.00784983,0.00962774
3.645,0.00787177,0.0096356
3.646,0.00789288,0.00964347
3.647,0.00791317,0.00965137
3.648,0.00793262,0.00965929
3.649,0.00795124,0.00966723
3.65,0.00796903,0.00967518
3.651,0.00798599,0.00968316
3.652,0.00800212,0.00969115
3.653,0.00801741,0.00969915
3.654,0.00803188,0.00970717
3.655,0.00804552,0.00971521
3.656,0.00805832,0.00972326
3.657,0.00807029,0.00973132
3.658,0.00808144,0.00973939
3.659,0.00809175,0.00974747
3.66,0.00810123,0.00975557
3.661,0.00810989,0.00976367
3.662,0.00811771,0.00977178
3.663,0.00812471,0.0097799
3.664,0.00813089,0.00978803
3.665,0.00813624,0.00979616
3.666,0.00814076,0.0098043
3.667,0.00814446,0.00981244
3.668,0.00814734,0.00982058
3.669,0.00814939,0.00982873
3.67,0.00815063,0.00983688
3.671,0.00815105,0.00984503
3.672,0.00815065,0.00985318
3.673,0.00814944,0.00986133
3.674,0.00814741,0.00986948
3.675,0.00814458,0.00987763
3.676,0.00814093,0.00988577
3.677,0.00813647,0.00989391
3.678,0.00813121,0.00990205
3.679,0.00812515,0.00991018
3.68,0.00811828,0.0099183
3.681,0.00811061,0.00992642
3.682,0.00810215,0.00993452
3.683,0.00809289,0.00994262
3.684,0.00808283,0.00995071
3.685,0.00807199,0.00995879
3.686,0.00806036,0.00996686
3.687,0.00804794,0.00997492
3.688,0.00803475,0.00998296
3.689,0.00802077,0.009991
3.69,0.00800601,0.00999901
3.691,0.00799049,0.010007
3.692,0.00797419,0.010015
3.693,0.00795712,0.010023
3.694,0.00793929,0.0100309
3.695,0.0079207,0.0100389
3.696,0.00790135,0.0100468
3.697,0.00788125,0.0100547
3.698,0.00786039,0.0100625
3.699,0.00783879,0.0100704
3.7,0.00781644,0.0100782
3.701,0.00779335,0.010086
3.702,0.00776953,0.0100938
3.703,0.00774497,0.0101016
3.704,0.00771968,0.0101093
3.705,0.00769367,0.010117
3.706,0.00766694,0.0101247
3.707,0.00763949,0.0101324
3.708,0.00761132,0.01014
3.709,0.00758245,0.0101476
3.71,0.00755287,0.0101552
3.711,0.0075226,0.0101627
3.712,0.00749162,0.0101703
3.713,0.00745996,0.0101777
3.714,0.0074276,0.0101852
3.715,0.00739457,0.0101926
3.716,0.00736085,0.0102
3.717,0.00732646,0.0102074
3.718,0.00729141,0.0102147
3.719,0.00725569,0.010222
3.72,0.00721931,0.0102292
3.721,0.00718227,0.0102364
3.722,0.00714459,0.0102436
3.723,0.00710626,0.0102507
3.724,0.00706729,0.0102578
3.725,0.00702769,0.0102649
3.726,0.00698746,0.0102719
3.727,0.00694661,0.0102789
3.728,0.00690513,0.0102858
3.729,0.00686305,0.0102927
3.73,0.00682035,0.0102996
3.731,0.00677705,0.0103064
3.732,0.00673316,0.0103131
3.733,0.00668867,0.0103198
3.734,0.0066436,0.0103265
3.735,0.00659795,0.0103332
3.736,0.00655172,0.0103397
3.737,0.00650493,0.0103463
3.738,0.00645757,0.0103528
3.739,0.00640965,0.0103592
3.74,0.00636118,0.0103656
3.741,0.00631217,0.010372
3.742,0.00626261,0.0103783
3.743,0.00621252,0.0103845
3.744,0.00616191,0.0103907
3.745,0.00611077,0.0103969
3.746,0.00605912,0.010403
3.747,0.00600695,0.010409
3.748,0.00595429,0.010415
3.749,0.00590112,0.0104209
3.75,0.00584747,0.0104268
3.751,0.00579333,0.0104327
3.752,0.00573871,0.0104384
3.753,0.00568362,0.0104442
3.754,0.00562807,0.0104498
3.755,0.00557205,0.0104555
3.756,0.00551558,0.010461
3.757,0.00545867,0.0104665
3.758,0.00540132,0.010472
3.759,0.00534353,0.0104773
3.76,0.00528532,0.0104827
3.761,0.00522669,0.0104879
3.762,0.00516765,0.0104932
3.763,0.00510819,0.0104983
3.764,0.00504834,0.0105034
3.765,0.0049881,0.0105084
3.766,0.00492747,0.0105134
3.767,0.00486646,0.0105183
3.768,0.00480508,0.0105232
3.769,0.00474333,0.010528
3.77,0.00468122,0.0105327
3.771,0.00461876,0.0105374
3.772,0.00455596,0.010542
3.773,0.00449282,0.0105465
3.774,0.00442934,0.010551
3.775,0.00436554,0.0105554
3.776,0.00430143,0.0105597
3.777,0.004237,0.010564
3.778,0.00417227,0.0105682
3.779,0.00410725,0.0105724
3.78,0.00404194,0.0105765
3.781,0.00397634,0.0105805
3.782,0.00391047,0.0105845
3.783,0.00384433,0.0105884
3.784,0.00377793,0.0105922
3.785,0.00371128,0.010596
3.786,0.00364438,0.0105997
3.787,0.00357724,0.0106033
3.788,0.00350987,0.0106068
3.789,0.00344228,0.0106103
3.79,0.00337446,0.0106138
3.791,0.00330644,0.0106171
3.792,0.00323821,0.0106204
3.793,0.00316979,0.0106236
3.794,0.00310118,0.0106268
3.795,0.00303238,0.0106299
3.796,0.00296342,0.0106329
3.797,0.00289428,0.0106358
3.798,0.00282499,0.0106387
3.799,0.00275554,0.0106415
3.8,0.00268595,0.0106442
3.801,0.00261621,0.0106469
3.802,0.00254635,0.0106495
3.803,0.00247637,0.010652
3.804,0.00240626,0.0106545
3.805,0.00233605,0.0106569
3.806,0.00226574,0.0106592
3.807,0.00219533,0.0106615
3.808,0.00212483,0.0106636
3.809,0.00205425,0.0106657
3.81,0.0019836,0.0106678
3.811,0.00191289,0.0106697
3.812,0.00184211,0.0106716
3.813,0.00177129,0.0106735
3.814,0.00170041,0.0106752
3.815,0.00162951,0.0106769
3.816,0.00155857,0.0106785
3.817,0.00148761,0.0106801
3.818,0.00141663,0.0106815
3.819,0.00134565,0.0106829
3.82,0.00127466,0.0106843
3.821,0.00120368,0.0106855
3.822,0.00113271,0.0106867
3.823,0.00106176,0.0106878
3.824,0.000990839,0.0106889
3.825,0.000919951,0.0106898
3.826,0.000849105,0.0106907
3.827,0.000778306,0.0106916
3.828,0.000707562,0.0106923
3.829,0.00063688,0.010693
3.83,0.000566267,0.0106936
3.831,0.00049573,0.0106942
3.832,0.000425275,0.0106947
3.833,0.00035491,0.0106951
3.834,0.000284642,0.0106954
3.835,0.000214477,0.0106957
3.836,0.000144423,0.0106959
3.837,7.44849e-05,0.010696
3.838,4.67105e-06,0.010696
3.839,-6.50122e-05,0.010696
3.84,-0.000134558,0.010696
3.841,-0.00020396,0.0106958
3.842,-0.000273212,0.0106956
3.843,-0.000342306,0.0106953
3.844,-0.000411236,0.0106949
3.845,-0.000479995,0.0106945
3.846,-0.000548578,0.010694
3.847,-0.000616977,0.0106934
3.848,-0.000685185,0.0106928
3.849,-0.000753198,0.0106921
3.85,-0.000821007,0.0106913
3.851,-0.000888606,0.0106905
3.852,-0.00095599,0.0106896
3.853,-0.00102315,0.0106886
3.854,-0.00109009,0.0106876
3.855,-0.00115678,0.0106865
3.856,-0.00122324,0.0106853
3.857,-0.00128945,0.0106841
3.858,-0.00135541,0.0106828
3.859,-0.00142111,0.0106814
3.86,-0.00148654,0.0106799
3.861,-0.0015517,0.0106784
3.862,-0.00161658,0.0106769
3.863,-0.00168118,0.0106752
3.864,-0.00174549,0.0106735
3.865,-0.0018095,0.0106718
3.866,-0.00187322,0.01067
3.867,-0.00193662,0.0106681
3.868,-0.00199972,0.0106661
3.869,-0.00206249,0.0106641
3.87,-0.00212494,0.010662
3.871,-0.00218706,0.0106599
3.872,-0.00224885,0.0106577
3.873,-0.00231029,0.0106554
3.874,-0.00237139,0.0106531
3.875,-0.00243213,0.0106507
3.876,-0.00249252,0.0106483
3.877,-0.00255255,0.0106457
3.878,-0.0026122,0.0106432
3.879,-0.00267149,0.0106406
3.88,-0.00273039,0.0106379
3.881,-0.00278891,0.0106351
3.882,-0.00284704,0.0106323
3.883,-0.00290478,0.0106295
3.884,-0.00296212,0.0106265
3.885,-0.00301905,0.0106236
3.886,-0.00307558,0.0106205
3.887,-0.00313169,0.0106174
3.888,-0.00318738,0.0106143
3.889,-0.00324265,0.0106111
3.89,-0.00329749,0.0106078
3.891,-0.0033519,0.0106045
3.892,-0.00340587,0.0106012
3.893,-0.0034594,0.0105977
3.894,-0.00351248,0.0105943
3.895,-0.00356511,0.0105907
3.896,-0.00361728,0.0105872
3.897,-0.003669,0.0105835
3.898,-0.00372025,0.0105799
3.899,-0.00377103,0.0105761
3.9,-0.00382134,0.0105723
3.901,-0.00387117,0.0105685
3.902,-0.00392052,0.0105646
3.903,-0.00396939,0.0105607
3.904,-0.00401776,0.0105567
3.905,-0.00406565,0.0105527
3.906,-0.00411304,0.0105486
3.907,-0.00415992,0.0105445
3.908,-0.0042063,0.0105403
3.909,-0.00425218,0.0105361
3.91,-0.00429754,0.0105318
3.911,-0.00434239,0.0105275
3.912,-0.00438671,0.0105232
3.913,-0.00443052,0.0105188
3.914,-0.0044738,0.0105143
3.915,-0.00451655,0.0105098
3.916,-0.00455877,0.0105053
3.917,-0.00460045,0.0105007
3.918,-0.0046416,0.0104961
3.919,-0.0046822,0.0104915
3.92,-0.00472226,0.0104868
3.921,-0.00476177,0.0104821
3.922,-0.00480073,0.0104773
3.923,-0.00483913,0.0104725
3.924,-0.00487698,0.0104676
3.925,-0.00491427,0.0104627
3.926,-0.004951,0.0104578
3.927,-0.00498716,0.0104529
3.928,-0.00502276,0.0104479
3.929,-0.00505778,0.0104428
3.93,-0.00509224,0.0104378
3.931,-0.00512612,0.0104327
3.932,-0.00515942,0.0104275
3.933,-0.00519215,0.0104224
3.934,-0.00522429,0.0104172
3.935,-0.00525585,0.0104119
3.936,-0.00528682,0.0104067
3.937,-0.00531721,0.0104014
3.938,-0.00534701,0.010396
3.939,-0.00537622,0.0103907
3.94,-0.00540483,0.0103853
3.941,-0.00543285,0.0103799
3.942,-0.00546027,0.0103745
3.943,-0.0054871,0.010369
3.944,-0.00551332,0.0103635
3.945,-0.00553895,0.010358
3.946,-0.00556397,0.0103524
3.947,-0.00558839,0.0103469
3.948,-0.0056122,0.0103413
3.949,-0.00563541,0.0103356
3.95,-0.005658,0.01033
3.951,-0.00567999,0.0103243
3.952,-0.00570137,0.0103187
3.953,-0.00572214,0.010313
3.954,-0.0057423,0.0103072
3.955,-0.00576184,0.0103015
3.956,-0.00578078,0.0102957
3.957,-0.00579909,0.0102899
3.958,-0.0058168,0.0102841
3.959,-0.00583388,0.0102783
3.96,-0.00585035,0.0102725
3.961,-0.00586621,0.0102666
3.962,-0.00588144,0.0102607
3.963,-0.00589606,0.0102549
3.964,-0.00591007,0.010249
3.965,-0.00592345,0.010243
3.966,-0.00593622,0.0102371
3.967,-0.00594837,0.0102312
3.968,-0.0059599,0.0102252
3.969,-0.00597081,0.0102193
3.97,-0.0059811,0.0102133
3.971,-0.00599078,0.0102073
3.972,-0.00599984,0.0102013
3.973,-0.00600828,0.0101953
3.974,-0.0060161,0.0101893
3.975,-0.00602331,0.0101833
3.976,-0.0060299,0.0101773
3.977,-0.00603587,0.0101712
3.978,-0.00604123,0.0101652
3.979,-0.00604597,0.0101591
3.98,-0.0060501,0.0101531
3.981,-0.00605362,0.010147
3.982,-0.00605652,0.010141
3.983,-0.00605881,0.0101349
3.984,-0.00606049,0.0101289
3.985,-0.00606156,0.0101228
3.986,-0.00606203,0.0101168
3.987,-0.00606188,0.0101107
3.988,-0.00606113,0.0101046
3.989,-0.00605977,0.0100986
3.99,-0.00605781,0.0100925
3.991,-0.00605525,0.0100865
3.992,-0.00605208,0.0100804
3.993,-0.00604832,0.0100743
3.994,-0.00604396,0.0100683
3.995,-0.006039,0.0100623
3.996,-0.00603344,0.0100562
3.997,-0.00602729,0.0100502
3.998,-0.00602055,0.0100442
3.999,-0.00601322,0.0100381
4,-0.0060053,0.0100321
4.001,-0.0059968,0.0100261
4.002,-0.00598771,0.0100201
4.003,-0.00597804,0.0100142
4.004,-0.00596779,0.0100082
4.005,-0.00595696,0.0100022
4.006,-0.00594555,0.00999626
4.007,-0.00593357,0.00999032
4.008,-0.00592102,0.00998439
4.009,-0.0059079,0.00997847
4.01,-0.00589422,0.00997256
4.011,-0.00587996,0.00996667
4.012,-0.00586515,0.0099608
4.013,-0.00584978,0.00995494
4.014,-0.00583385,0.00994909
4.015,-0.00581737,0.00994326
4.016,-0.00580033,0.00993745
4.017,-0.00578275,0.00993165
4.018,-0.00576462,0.00992587
4.019,-0.00574595,0.00992011
4.02,-0.00572674,0.00991437
4.021,-0.00570699,0.00990865
4.022,-0.00568671,0.00990295
4.023,-0.00566589,0.00989727
4.024,-0.00564455,0.00989161
4.025,-0.00562268,0.00988597
4.026,-0.00560029,0.00988035
4.027,-0.00557738,0.00987476
4.028,-0.00555396,0.00986918
4.029,-0.00553003,0.00986364
4.03,-0.00550558,0.00985811
4.031,-0.00548063,0.00985261
4.032,-0.00545518,0.00984714
4.033,-0.00542923,0.00984169
4.034,-0.00540279,0.00983627
4.035,-0.00537586,0.00983087
4.036,-0.00534843,0.0098255
4.037,-0.00532053,0.00982016
4.038,-0.00529214,0.00981485
4.039,-0.00526328,0.00980956
4.04,-0.00523394,0.00980431
4.041,-0.00520414,0.00979908
4.042,-0.00517387,0.00979389
4.043,-0.00514314,0.00978872
4.044,-0.00511195,0.00978358
4.045,-0.00508031,0.00977848
4.046,-0.00504822,0.00977341
4.047,-0.00501568,0.00976837
4.048,-0.00498271,0.00976336
4.049,-0.00494929,0.00975839
4.05,-0.00491545,0.00975345
4.051,-0.00488117,0.00974854
4.052,-0.00484648,0.00974367
4.053,-0.00481136,0.00973883
4.054,-0.00477582,0.00973403
4.055,-0.00473988,0.00972926
4.056,-0.00470352,0.00972453
4.057,-0.00466677,0.00971983
4.058,-0.00462962,0.00971518
4.059,-0.00459207,0.00971056
4.06,-0.00455413,0.00970597
4.061,-0.00451581,0.00970143
4.062,-0.00447711,0.00969692
4.063,-0.00443804,0.00969246
4.064,-0.00439859,0.00968803
4.065,-0.00435877,0.00968364
4.066,-0.0043186,0.00967929
4.067,-0.00427807,0.00967498
4.068,-0.00423718,0.00967071
4.069,-0.00419595,0.00966649
4.07,-0.00415438,0.0096623
4.071,-0.00411246,0.00965816
4.072,-0.00407022,0.00965406
4.073,-0.00402765,0.00965
4.074,-0.00398475,0.00964598
4.075,-0.00394154,0.00964201
4.076,-0.00389801,0.00963808
4.077,-0.00385417,0.00963419
4.078,-0.00381003,0.00963035
4.079,-0.00376559,0.00962655
4.08,-0.00372086,0.00962279
4.081,-0.00367584,0.00961908
4.082,-0.00363053,0.00961542
4.083,-0.00358495,0.0096118
4.084,-0.0035391,0.00960823
4.085,-0.00349297,0.0096047
4.086,-0.00344658,0.00960122
4.087,-0.00339994,0.00959778
4.088,-0.00335304,0.00959439
4.089,-0.0033059,0.00959105
4.09,-0.00325851,0.00958776
4.091,-0.00321088,0.00958451
4.092,-0.00316303,0.00958131
4.093,-0.00311494,0.00957816
4.094,-0.00306664,0.00957506
4.095,-0.00301811,0.00957201
4.096,-0.00296938,0.009569
4.097,-0.00292044,0.00956604
4.098,-0.0028713,0.00956313
4.099,-0.00282197,0.00956028
4.1,-0.00277244,0.00955747
4.101,-0.00272274,0.00955471
4.102,-0.00267285,0.009552
4.103,-0.00262279,0.00954934
4.104,-0.00257255,0.00954673
4.105,-0.00252216,0.00954417
4.106,-0.00247161,0.00954166
4.107,-0.0024209,0.0095392
4.108,-0.00237005,0.00953679
4.109,-0.00231906,0.00953443
4.11,-0.00226793,0.00953212
4.111,-0.00221667,0.00952987
4.112,-0.00216528,0.00952767
4.113,-0.00211378,0.00952551
4.114,-0.00206216,0.00952341
4.115,-0.00201042,0.00952136
4.116,-0.00195859,0.00951937
4.117,-0.00190665,0.00951742
4.118,-0.00185463,0.00951553
4.119,-0.00180251,0.00951369
4.12,-0.00175031,0.0095119
4.121,-0.00169804,0.00951016
4.122,-0.00164569,0.00950847
4.123,-0.00159328,0.00950684
4.124,-0.0015408,0.00950526
4.125,-0.00148827,0.00950373
4.126,-0.00143569,0.00950226
4.127,-0.00138307,0.00950084
4.128,-0.0013304,0.00949947
4.129,-0.0012777,0.00949815
4.13,-0.00122497,0.00949688
4.131,-0.00117222,0.00949567
4.132,-0.00111945,0.00949451
4.133,-0.00106666,0.00949341
4.134,-0.00101387,0.00949235
4.135,-0.000961078,0.00949135
4.136,-0.000908287,0.00949041
4.137,-0.000855504,0.00948951
4.138,-0.000802734,0.00948867
4.139,-0.000749984,0.00948788
4.14,-0.000697257,0.00948714
4.141,-0.000644559,0.00948646
4.142,-0.000591895,0.00948583
4.143,-0.000539272,0.00948525
4.144,-0.000486693,0.00948472
4.145,-0.000434163,0.00948425
4.146,-0.000381689,0.00948383
4.147,-0.000329276,0.00948346
4.148,-0.000276927,0.00948314
4.149,-0.00022465,0.00948288
4.15,-0.000172448,0.00948267
4.151,-0.000120326,0.00948251
4.152,-6.82905e-05,0.0094824
4.153,-1.63457e-05,0.00948234
4.154,3.55033e-05,0.00948234
4.155,8.72514e-05,0.00948239
4.156,0.000138894,0.00948249
4.157,0.000190425,0.00948264
4.158,0.000241841,0.00948284
4.159,0.000293136,0.0094831
4.16,0.000344305,0.0094834
4.161,0.000395344,0.00948376
4.162,0.000446247,0.00948417
4.163,0.000497011,0.00948463
4.164,0.000547629,0.00948514
4.165,0.000598097,0.0094857
4.166,0.000648411,0.00948631
4.167,0.000698566,0.00948697
4.168,0.000748556,0.00948768
4.169,0.000798378,0.00948844
4.17,0.000848026,0.00948925
4.171,0.000897497,0.00949011
4.172,0.000946784,0.00949102
4.173,0.000995885,0.00949198
4.174,0.00104479,0.00949299
4.175,0.00109351,0.00949405
4.176,0.00114202,0.00949515
4.177,0.00119032,0.00949631
4.178,0.00123842,0.00949751
4.179,0.0012863,0.00949876
4.18,0.00133396,0.00950006
4.181,0.0013814,0.0095014
4.182,0.00142862,0.0095028
4.183,0.0014756,0.00950424
4.184,0.00152234,0.00950572
4.185,0.00156885,0.00950726
4.186,0.00161511,0.00950884
4.187,0.00166112,0.00951047
4.188,0.00170688,0.00951214
4.189,0.00175239,0.00951386
4.19,0.00179763,0.00951562
4.191,0.00184261,0.00951743
4.192,0.00188731,0.00951928
4.193,0.00193175,0.00952118
4.194,0.00197591,0.00952312
4.195,0.00201979,0.00952511
4.196,0.00206338,0.00952714
4.197,0.00210669,0.00952921
4.198,0.0021497,0.00953133
4.199,0.00219242,0.00953349
4.2,0.00223484,0.0095357
4.201,0.00227695,0.00953794
4.202,0.00231876,0.00954023
4.203,0.00236025,0.00954256
4.204,0.00240144,0.00954493
4.205,0.0024423,0.00954734
4.206,0.00248285,0.00954979
4.207,0.00252307,0.00955228
4.208,0.00256296,0.00955482
4.209,0.00260252,0.00955739
4.21,0.00264174,0.00956
4.211,0.00268063,0.00956265
4.212,0.00271918,0.00956534
4.213,0.00275738,0.00956807
4.214,0.00279523,0.00957084
4.215,0.00283273,0.00957364
4.216,0.00286988,0.00957649
4.217,0.00290667,0.00957937
4.218,0.00294311,0.00958228
4.219,0.00297918,0.00958523
4.22,0.00301488,0.00958822
4.221,0.00305021,0.00959124
4.222,0.00308518,0.0095943
4.223,0.00311976,0.0095974
4.224,0.00315397,0.00960053
4.225,0.00318781,0.00960369
4.226,0.00322125,0.00960688
4.227,0.00325432,0.00961011
4.228,0.00328699,0.00961338
4.229,0.00331928,0.00961667
4.23,0.00335117,0.00962
4.231,0.00338267,0.00962336
4.232,0.00341377,0.00962675
4.233,0.00344447,0.00963017
4.234,0.00347476,0.00963362
4.235,0.00350465,0.0096371
4.236,0.00353414,0.00964061
4.237,0.00356322,0.00964416
4.238,0.00359188,0.00964773
4.239,0.00362013,0.00965133
4.24,0.00364797,0.00965495
4.241,0.00367539,0.00965861
4.242,0.00370239,0.00966229
4.243,0.00372896,0.009666
4.244,0.00375512,0.00966973
4.245,0.00378085,0.0096735
4.246,0.00380615,0.00967728
4.247,0.00383103,0.00968109
4.248,0.00385547,0.00968493
4.249,0.00387948,0.00968879
4.25,0.00390306,0.00969268
4.251,0.00392621,0.00969659
4.252,0.00394892,0.00970052
4.253,0.00397119,0.00970447
4.254,0.00399302,0.00970845
4.255,0.00401441,0.00971245
4.256,0.00403536,0.00971647
4.257,0.00405586,0.00972051
4.258,0.00407592,0.00972457
4.259,0.00409554,0.00972865
4.26,0.0041147,0.00973275
4.261,0.00413343,0.00973687
4.262,0.0041517,0.00974101
4.263,0.00416952,0.00974516
4.264,0.00418689,0.00974934
4.265,0.00420381,0.00975353
4.266,0.00422027,0.00975774
4.267,0.00423629,0.00976196
4.268,0.00425185,0.0097662
4.269,0.00426695,0.00977046
4.27,0.0042816,0.00977473
4.271,0.00429579,0.00977901
4.272,0.00430953,0.00978331
4.273,0.00432281,0.00978762
4.274,0.00433563,0.00979195
4.275,0.00434799,0.00979629
4.276,0.0043599,0.00980064
4.277,0.00437134,0.009805
4.278,0.00438233,0.00980938
4.279,0.00439286,0.00981376
4.28,0.00440293,0.00981816
4.281,0.00441253,0.00982256
4.282,0.00442168,0.00982698
4.283,0.00443037,0.0098314
4.284,0.0044386,0.00983583
4.285,0.00444637,0.00984027
4.286,0.00445368,0.00984472
4.287,0.00446053,0.00984918
4.288,0.00446692,0.00985364
4.289,0.00447285,0.00985811
4.29,0.00447833,0.00986258
4.291,0.00448334,0.00986706
4.292,0.0044879,0.00987154
4.293,0.004492,0.00987603
4.294,0.00449564,0.00988053
4.295,0.00449882,0.00988502
4.296,0.00450155,0.00988952
4.297,0.00450382,0.00989402
4.298,0.00450564,0.00989853
4.299,0.004507,0.00990303
4.3,0.00450791,0.00990754
4.301,0.00450837,0.00991205
4.302,0.00450837,0.00991656
4.303,0.00450793,0.00992107
4.304,0.00450703,0.00992557
4.305,0.00450568,0.00993008
4.306,0.00450389,0.00993458
4.307,0.00450164,0.00993909
4.308,0.00449895,0.00994359
4.309,0.00449582,0.00994809
4.31,0.00449224,0.00995258
4.311,0.00448822,0.00995707
4.312,0.00448376,0.00996156
4.313,0.00447885,0.00996604
4.314,0.00447351,0.00997052
4.315,0.00446773,0.00997499
4.316,0.00446151,0.00997946
4.317,0.00445486,0.00998392
4.318,0.00444777,0.00998837
4.319,0.00444026,0.00999282
4.32,0.00443231,0.00999725
4.321,0.00442393,0.0100017
4.322,0.00441513,0.0100061
4.323,0.0044059,0.0100105
4.324,0.00439625,0.0100149
4.325,0.00438617,0.0100193
4.326,0.00437568,0.0100237
4.327,0.00436477,0.0100281
4.328,0.00435344,0.0100324
4.329,0.00434169,0.0100368
4.33,0.00432954,0.0100411
4.331,0.00431697,0.0100455
4.332,0.00430399,0.0100498
4.333,0.00429061,0.0100541
4.334,0.00427682,0.0100584
4.335,0.00426264,0.0100626
4.336,0.00424805,0.0100669
4.337,0.00423306,0.0100711
4.338,0.00421768,0.0100754
4.339,0.0042019,0.0100796
4.34,0.00418574,0.0100838
4.341,0.00416918,0.0100879
4.342,0.00415224,0.0100921
4.343,0.00413491,0.0100963
4.344,0.00411721,0.0101004
4.345,0.00409912,0.0101045
4.346,0.00408066,0.0101086
4.347,0.00406182,0.0101127
4.348,0.00404262,0.0101167
4.349,0.00402304,0.0101208
4.35,0.0040031,0.0101248
4.351,0.0039828,0.0101288
4.352,0.00396213,0.0101328
4.353,0.00394111,0.0101367
4.354,0.00391973,0.0101407
4.355,0.003898,0.0101446
4.356,0.00387592,0.0101485
4.357,0.00385349,0.0101523
4.358,0.00383072,0.0101562
4.359,0.00380761,0.01016
4.36,0.00378416,0.0101638
4.361,0.00376038,0.0101676
4.362,0.00373627,0.0101713
4.363,0.00371182,0.0101751
4.364,0.00368705,0.0101788
4.365,0.00366196,0.0101825
4.366,0.00363655,0.0101861
4.367,0.00361082,0.0101897
4.368,0.00358478,0.0101933
4.369,0.00355843,0.0101969
4.37,0.00353177,0.0102005
4.371,0.00350481,0.010204
4.372,0.00347755,0.0102075
4.373,0.00344999,0.010211
4.374,0.00342214,0.0102144
4.375,0.003394,0.0102178
4.376,0.00336557,0.0102212
4.377,0.00333686,0.0102246
4.378,0.00330786,0.0102279
4.379,0.00327859,0.0102312
4.38,0.00324905,0.0102345
4.381,0.00321924,0.0102377
4.382,0.00318916,0.0102409
4.383,0.00315882,0.0102441
4.384,0.00312822,0.0102473
4.385,0.00309736,0.0102504
4.386,0.00306625,0.0102535
4.387,0.0030349,0.0102565
4.388,0.00300329,0.0102596
4.389,0.00297145,0.0102626
4.39,0.00293937,0.0102655
4.391,0.00290705,0.0102684
4.392,0.00287451,0.0102713
4.393,0.00284174,0.0102742
4.394,0.00280874,0.010277
4.395,0.00277553,0.0102798
4.396,0.0027421,0.0102826
4.397,0.00270846,0.0102853
4.398,0.00267461,0.010288
4.399,0.00264055,0.0102907
4.4,0.0026063,0.0102933
4.401,0.00257185,0.0102959
4.402,0.0025372,0.0102985
4.403,0.00250237,0.010301
4.404,0.00246736,0.0103035
4.405,0.00243216,0.010306
4.406,0.00239678,0.0103084
4.407,0.00236123,0.0103108
4.408,0.00232551,0.0103131
4.409,0.00228963,0.0103155
4.41,0.00225358,0.0103177
4.411,0.00221737,0.01032
4.412,0.00218102,0.0103222
4.413,0.00214451,0.0103244
4.414,0.00210785,0.0103265
4.415,0.00207105,0.0103286
4.416,0.00203412,0.0103307
4.417,0.00199705,0.0103327
4.418,0.00195985,0.0103347
4.419,0.00192252,0.0103366
4.42,0.00188507,0.0103385
4.421,0.00184751,0.0103404
4.422,0.00180983,0.0103423
4.423,0.00177203,0.0103441
4.424,0.00173413,0.0103458
4.425,0.00169613,0.0103475
4.426,0.00165803,0.0103492
4.427,0.00161984,0.0103509
4.428,0.00158156,0.0103525
4.429,0.00154319,0.0103541
4.43,0.00150473,0.0103556
4.431,0.0014662,0.0103571
4.432,0.00142759,0.0103585
4.433,0.00138892,0.01036
4.434,0.00135017,0.0103613
4.435,0.00131137,0.0103627
4.436,0.0012725,0.010364
4.437,0.00123359,0.0103652
4.438,0.00119462,0.0103665
4.439,0.0011556,0.0103677
4.44,0.00111654,0.0103688
4.441,0.00107745,0.0103699
4.442,0.00103832,0.010371
4.443,0.000999156,0.010372
4.444,0.000959968,0.010373
4.445,0.000920758,0.0103739
4.446,0.000881529,0.0103749
4.447,0.000842286,0.0103757
4.448,0.000803032,0.0103766
4.449,0.000763771,0.0103774
4.45,0.000724507,0.0103781
4.451,0.000685245,0.0103788
4.452,0.000645988,0.0103795
4.453,0.000606739,0.0103801
4.454,0.000567504,0.0103807
4.455,0.000528286,0.0103813
4.456,0.000489088,0.0103818
4.457,0.000449914,0.0103823
4.458,0.00041077,0.0103827
4.459,0.000371657,0.0103831
4.46,0.000332581,0.0103835
4.461,0.000293545,0.0103838
4.462,0.000254553,0.0103841
4.463,0.000215608,0.0103843
4.464,0.000176715,0.0103845
4.465,0.000137877,0.0103847
4.466,9.90988e-05,0.0103848
4.467,6.0383e-05,0.0103849
4.468,2.17338e-05,0.010385
4.469,-1.6845e-05,0.010385
4.47,-5.53498e-05,0.010385
4.471,-9.37767e-05,0.0103849
4.472,-0.000132122,0.0103848
4.473,-0.000170382,0.0103847
4.474,-0.000208554,0.0103845
4.475,-0.000246633,0.0103843
4.476,-0.000284615,0.010384
4.477,-0.000322498,0.0103837
4.478,-0.000360278,0.0103834
4.479,-0.00039795,0.010383
4.48,-0.000435512,0.0103826
4.481,-0.00047296,0.0103822
4.482,-0.000510291,0.0103817
4.483,-0.0005475,0.0103812
4.484,-0.000584585,0.0103806
4.485,-0.000621541,0.01038
4.486,-0.000658366,0.0103794
4.487,-0.000695056,0.0103787
4.488,-0.000731607,0.010378
4.489,-0.000768017,0.0103773
4.49,-0.000804281,0.0103765
4.491,-0.000840397,0.0103757
4.492,-0.000876361,0.0103748
4.493,-0.00091217,0.0103739
4.494,-0.00094782,0.010373
4.495,-0.000983308,0.0103721
4.496,-0.00101863,0.0103711
4.497,-0.00105379,0.01037
4.498,-0.00108877,0.010369
4.499,-0.00112358,0.0103679
4.5,-0.00115821,0.0103667
4.501,-0.00119266,0.0103656
4.502,-0.00122693,0.0103644
4.503,-0.00126101,0.0103631
4.504,-0.0012949,0.0103619
4.505,-0.00132859,0.0103606
4.506,-0.00136209,0.0103592
4.507,-0.00139539,0.0103579
4.508,-0.00142849,0.0103565
4.509,-0.00146138,0.010355
4.51,-0.00149407,0.0103536
4.511,-0.00152654,0.010352
4.512,-0.0015588,0.0103505
4.513,-0.00159085,0.0103489
4.514,-0.00162267,0.0103473
4.515,-0.00165427,0.0103457
4.516,-0.00168565,0.0103441
4.517,-0.0017168,0.0103424
4.518,-0.00174772,0.0103406
4.519,-0.00177841,0.0103389
4.52,-0.00180886,0.0103371
4.521,-0.00183907,0.0103353
4.522,-0.00186904,0.0103334
4.523,-0.00189877,0.0103316
4.524,-0.00192825,0.0103297
4.525,-0.00195749,0.0103277
4.526,-0.00198647,0.0103258
4.527,-0.0020152,0.0103238
4.528,-0.00204368,0.0103217
4.529,-0.00207189,0.0103197
4.53,-0.00209985,0.0103176
4.531,-0.00212754,0.0103155
4.532,-0.00215497,0.0103134
4.533,-0.00218213,0.0103112
4.534,-0.00220902,0.010309
4.535,-0.00223564,0.0103068
4.536,-0.00226199,0.0103046
4.537,-0.00228806,0.0103023
4.538,-0.00231386,0.0103
4.539,-0.00233937,0.0102977
4.54,-0.0023646,0.0102953
4.541,-0.00238955,0.010293
4.542,-0.00241421,0.0102906
4.543,-0.00243858,0.0102881
4.544,-0.00246266,0.0102857
4.545,-0.00248645,0.0102832
4.546,-0.00250995,0.0102807
4.547,-0.00253315,0.0102782
4.548,-0.00255606,0.0102757
4.549,-0.00257867,0.0102731
4.55,-0.00260097,0.0102705
4.551,-0.00262298,0.0102679
4.552,-0.00264468,0.0102653
4.553,-0.00266607,0.0102627
4.554,-0.00268716,0.01026
4.555,-0.00270794,0.0102573
4.556,-0.00272841,0.0102546
4.557,-0.00274856,0.0102518
4.558,-0.00276841,0.0102491
4.559,-0.00278794,0.0102463
4.56,-0.00280715,0.0102435
4.561,-0.00282605,0.0102407
4.562,-0.00284463,0.0102379
4.563,-0.00286289,0.010235
4.564,-0.00288083,0.0102322
4.565,-0.00289844,0.0102293
4.566,-0.00291574,0.0102264
4.567,-0.0029327,0.0102235
4.568,-0.00294935,0.0102205
4.569,-0.00296566,0.0102176
4.57,-0.00298165,0.0102146
4.571,-0.00299732,0.0102116
4.572,-0.00301265,0.0102086
4.573,-0.00302765,0.0102056
4.574,-0.00304232,0.0102026
4.575,-0.00305666,0.0101995
4.576,-0.00307066,0.0101965
4.577,-0.00308433,0.0101934
4.578,-0.00309767,0.0101903
4.579,-0.00311067,0.0101872
4.58,-0.00312334,0.0101841
4.581,-0.00313567,0.010181
4.582,-0.00314766,0.0101778
4.583,-0.00315932,0.0101747
4.584,-0.00317063,0.0101715
4.585,-0.00318161,0.0101683
4.586,-0.00319225,0.0101651
4.587,-0.00320255,0.0101619
4.588,-0.00321251,0.0101587
4.589,-0.00322213,0.0101555
4.59,-0.00323141,0.0101523
4.591,-0.00324035,0.0101491
4.592,-0.00324895,0.0101458
4.593,-0.0032572,0.0101426
4.594,-0.00326512,0.0101393
4.595,-0.00327269,0.0101361
4.596,-0.00327992,0.0101328
4.597,-0.00328681,0.0101295
4.598,-0.00329336,0.0101262
4.599,-0.00329956,0.0101229
4.6,-0.00330543,0.0101196
4.601,-0.00331095,0.0101163
4.602,-0.00331613,0.010113
4.603,-0.00332096,0.0101097
4.604,-0.00332546,0.0101064
4.605,-0.00332962,0.010103
4.606,-0.00333343,0.0100997
4.607,-0.0033369,0.0100964
4.608,-0.00334004,0.010093
4.609,-0.00334283,0.0100897
4.61,-0.00334528,0.0100863
4.611,-0.00334739,0.010083
4.612,-0.00334917,0.0100796
4.613,-0.0033506,0.0100763
4.614,-0.0033517,0.0100729
4.615,-0.00335246,0.0100696
4.616,-0.00335288,0.0100662
4.617,-0.00335297,0.0100629
4.618,-0.00335272,0.0100595
4.619,-0.00335214,0.0100562
4.62,-0.00335122,0.0100528
4.621,-0.00334996,0.0100495
4.622,-0.00334838,0.0100461
4.623,-0.00334646,0.0100428
4.624,-0.00334421,0.0100394
4.625,-0.00334163,0.0100361
4.626,-0.00333872,0.0100328
4.627,-0.00333549,0.0100294
4.628,-0.00333192,0.0100261
4.629,-0.00332803,0.0100228
4.63,-0.00332381,0.0100194
4.631,-0.00331926,0.0100161
4.632,-0.0033144,0.0100128
4.633,-0.00330921,0.0100095
4.634,-0.0033037,0.0100062
4.635,-0.00329787,0.0100029
4.636,-0.00329171,0.00999956
4.637,-0.00328525,0.00999627
4.638,-0.00327846,0.00999299
4.639,-0.00327136,0.00998971
4.64,-0.00326394,0.00998644
4.641,-0.00325622,0.00998318
4.642,-0.00324818,0.00997993
4.643,-0.00323983,0.00997668
4.644,-0.00323117,0.00997344
4.645,-0.00322221,0.00997022
4.646,-0.00321294,0.009967
4.647,-0.00320336,0.00996378
4.648,-0.00319348,0.00996058
4.649,-0.0031833,0.00995739
4.65,-0.00317283,0.00995421
4.651,-0.00316205,0.00995104
4.652,-0.00315098,0.00994788
4.653,-0.00313961,0.00994474
4.654,-0.00312795,0.0099416
4.655,-0.003116,0.00993847
4.656,-0.00310376,0.00993536
4.657,-0.00309123,0.00993226
4.658,-0.00307842,0.00992917
4.659,-0.00306532,0.0099261
4.66,-0.00305194,0.00992304
4.661,-0.00303828,0.00991999
4.662,-0.00302434,0.00991695
4.663,-0.00301012,0.00991393
4.664,-0.00299563,0.00991092
4.665,-0.00298087,0.00990793
4.666,-0.00296583,0.00990496
4.667,-0.00295053,0.00990199
4.668,-0.00293496,0.00989905
4.669,-0.00291913,0.00989612
4.67,-0.00290303,0.0098932
4.671,-0.00288667,0.0098903
4.672,-0.00287006,0.00988742
4.673,-0.00285319,0.00988455
4.674,-0.00283606,0.00988171
4.675,-0.00281868,0.00987887
4.676,-0.00280106,0.00987606
4.677,-0.00278318,0.00987326
4.678,-0.00276507,0.00987048
4.679,-0.0027467,0.00986772
4.68,-0.0027281,0.00986498
4.681,-0.00270926,0.00986226
4.682,-0.00269019,0.00985955
4.683,-0.00267088,0.00985687
4.684,-0.00265134,0.0098542
4.685,-0.00263157,0.00985156
4.686,-0.00261157,0.00984893
4.687,-0.00259135,0.00984632
4.688,-0.00257091,0.00984374
4.689,-0.00255025,0.00984117
4.69,-0.00252937,0.00983863
4.691,-0.00250828,0.0098361
4.692,-0.00248698,0.0098336
4.693,-0.00246547,0.00983112
4.694,-0.00244375,0.00982866
4.695,-0.00242183,0.00982622
4.696,-0.00239971,0.0098238
4.697,-0.00237739,0.00982141
4.698,-0.00235487,0.00981904
4.699,-0.00233216,0.00981669
4.7,-0.00230926,0.00981436
4.701,-0.00228617,0.00981206
4.702,-0.0022629,0.00980978
4.703,-0.00223944,0.00980752
4.704,-0.0022158,0.00980529
4.705,-0.00219198,0.00980308
4.706,-0.00216799,0.00980089
4.707,-0.00214383,0.00979873
4.708,-0.0021195,0.00979659
4.709,-0.002095,0.00979448
4.71,-0.00207034,0.00979239
4.711,-0.00204552,0.00979033
4.712,-0.00202054,0.00978829
4.713,-0.0019954,0.00978627
4.714,-0.00197011,0.00978428
4.715,-0.00194467,0.00978232
4.716,-0.00191909,0.00978038
4.717,-0.00189336,0.00977847
4.718,-0.00186749,0.00977658
4.719,-0.00184148,0.00977472
4.72,-0.00181533,0.00977289
4.721,-0.00178906,0.00977108
4.722,-0.00176265,0.00976929
4.723,-0.00173612,0.00976754
4.724,-0.00170946,0.00976581
4.725,-0.00168268,0.00976411
4.726,-0.00165578,0.00976243
4.727,-0.00162877,0.00976078
4.728,-0.00160165,0.00975916
4.729,-0.00157441,0.00975757
4.73,-0.00154707,0.009756
4.731,-0.00151963,0.00975446
4.732,-0.00149208,0.00975294
4.733,-0.00146444,0.00975146
4.734,-0.0014367,0.00975
4.735,-0.00140887,0.00974857
4.736,-0.00138096,0.00974717
4.737,-0.00135295,0.0097458
4.738,-0.00132487,0.00974445
4.739,-0.0012967,0.00974313
4.74,-0.00126846,0.00974184
4.741,-0.00124014,0.00974058
4.742,-0.00121175,0.00973935
4.743,-0.00118329,0.00973814
4.744,-0.00115477,0.00973697
4.745,-0.00112619,0.00973582
4.746,-0.00109755,0.0097347
4.747,-0.00106885,0.00973361
4.748,-0.0010401,0.00973255
4.749,-0.0010113,0.00973152
4.75,-0.000982446,0.00973051
4.751,-0.000953553,0.00972954
4.752,-0.000924619,0.00972859
4.753,-0.000895646,0.00972767
4.754,-0.000866638,0.00972678
4.755,-0.000837598,0.00972593
4.756,-0.000808529,0.0097251
4.757,-0.000779433,0.00972429
4.758,-0.000750313,0.00972352
4.759,-0.000721173,0.00972278
4.76,-0.000692016,0.00972206
4.761,-0.000662844,0.00972138
4.762,-0.000633661,0.00972072
4.763,-0.000604469,0.0097201
4.764,-0.000575271,0.0097195
4.765,-0.00054607,0.00971893
4.766,-0.00051687,0.00971839
4.767,-0.000487672,0.00971788
4.768,-0.000458481,0.0097174
4.769,-0.000429298,0.00971695
4.77,-0.000400128,0.00971653
4.771,-0.000370972,0.00971614
4.772,-0.000341833,0.00971577
4.773,-0.000312715,0.00971544
4.774,-0.00028362,0.00971513
4.775,-0.000254552,0.00971486
4.776,-0.000225513,0.00971461
4.777,-0.000196505,0.00971439
4.778,-0.000167533,0.0097142
4.779,-0.000138598,0.00971404
4.78,-0.000109703,0.00971391
4.781,-8.08515e-05,0.00971381
4.782,-5.20462e-05,0.00971374
4.783,-2.32897e-05,0.00971369
4.784,5.41515e-06,0.00971367
4.785,3.40656e-05,0.00971369
4.786,6.26588e-05,0.00971373
4.787,9.11921e-05,0.0097138
4.788,0.000119663,0.0097139
4.789,0.000148068,0.00971402
4.79,0.000176405,0.00971418
4.791,0.000204671,0.00971436
4.792,0.000232864,0.00971457
4.793,0.000260981,0.00971481
4.794,0.000289018,0.00971508
4.795,0.000316974,0.00971538
4.796,0.000344846,0.0097157
4.797,0.000372631,0.00971605
4.798,0.000400327,0.00971643
4.799,0.00042793,0.00971684
4.8,0.000455439,0.00971727
4.801,0.000482851,0.00971774
4.802,0.000510163,0.00971823
4.803,0.000537372,0.00971874
4.804,0.000564477,0.00971929
4.805,0.000591474,0.00971986
4.806,0.000618362,0.00972046
4.807,0.000645137,0.00972108
4.808,0.000671797,0.00972173
4.809,0.00069834,0.00972241
4.81,0.000724764,0.00972312
4.811,0.000751065,0.00972385
4.812,0.000777241,0.00972461
4.813,0.000803291,0.00972539
4.814,0.000829212,0.0097262
4.815,0.000855,0.00972704
4.816,0.000880655,0.0097279
4.817,0.000906174,0.00972878
4.818,0.000931553,0.0097297
4.819,0.000956792,0.00973063
4.82,0.000981888,0.0097316
4.821,0.00100684,0.00973259
4.822,0.00103164,0.0097336
4.823,0.00105629,0.00973464
4.824,0.0010808,0.0097357
4.825,0.00110514,0.00973679
4.826,0.00112933,0.0097379
4.827,0.00115337,0.00973903
4.828,0.00117724,0.00974019
4.829,0.00120095,0.00974137
4.83,0.00122449,0.00974258
4.831,0.00124787,0.00974381
4.832,0.00127108,0.00974506
4.833,0.00129411,0.00974634
4.834,0.00131698,0.00974764
4.835,0.00133967,0.00974896
4.836,0.00136218,0.00975031
4.837,0.00138452,0.00975168
4.838,0.00140667,0.00975307
4.839,0.00142865,0.00975448
4.84,0.00145043,0.00975591
4.841,0.00147204,0.00975737
4.842,0.00149345,0.00975885
4.843,0.00151467,0.00976035
4.844,0.00153571,0.00976187
4.845,0.00155655,0.00976341
4.846,0.00157719,0.00976497
4.847,0.00159764,0.00976655
4.848,0.00161789,0.00976815
4.849,0.00163794,0.00976978
4.85,0.00165779,0.00977142
4.851,0.00167743,0.00977308
4.852,0.00169687,0.00977476
4.853,0.00171611,0.00977646
4.854,0.00173513,0.00977819
4.855,0.00175395,0.00977993
4.856,0.00177256,0.00978168
4.857,0.00179095,0.00978346
4.858,0.00180913,0.00978526
4.859,0.00182709,0.00978707
4.86,0.00184484,0.0097889
4.861,0.00186237,0.00979075
4.862,0.00187968,0.00979262
4.863,0.00189677,0.0097945
4.864,0.00191364,0.0097964
4.865,0.00193028,0.00979832
4.866,0.0019467,0.00980025
4.867,0.0019629,0.00980221
4.868,0.00197887,0.00980417
4.869,0.00199461,0.00980616
4.87,0.00201012,0.00980815
4.871,0.0020254,0.00981017
4.872,0.00204045,0.0098122
4.873,0.00205526,0.00981424
4.874,0.00206985,0.0098163
4.875,0.00208419,0.00981837
4.876,0.00209831,0.00982046
4.877,0.00211218,0.00982256
4.878,0.00212582,0.00982468
4.879,0.00213922,0.00982681
4.88,0.00215238,0.00982895
4.881,0.0021653,0.0098311
4.882,0.00217798,0.00983327
4.883,0.00219042,0.00983545
4.884,0.00220262,0.00983765
4.885,0.00221457,0.00983985
4.886,0.00222628,0.00984207
4.887,0.00223774,0.0098443
4.888,0.00224896,0.00984654
4.889,0.00225993,0.00984879
4.89,0.00227066,0.00985105
4.891,0.00228113,0.00985333
4.892,0.00229136,0.00985561
4.893,0.00230134,0.00985791
4.894,0.00231107,0.00986021
4.895,0.00232056,0.00986252
4.896,0.00232979,0.00986485
4.897,0.00233877,0.00986718
4.898,0.0023475,0.00986952
4.899,0.00235598,0.00987187
4.9,0.00236421,0.00987423
4.901,0.00237218,0.00987659
4.902,0.00237991,0.00987897
4.903,0.00238738,0.00988135
4.904,0.00239459,0.00988374
4.905,0.00240156,0.00988613
4.906,0.00240827,0.00988854
4.907,0.00241472,0.00989095
4.908,0.00242093,0.00989336
4.909,0.00242688,0.00989578
4.91,0.00243257,0.00989821
4.911,0.00243801,0.00990065
4.912,0.0024432,0.00990309
4.913,0.00244813,0.00990553
4.914,0.00245281,0.00990798
4.915,0.00245723,0.00991043
4.916,0.0024614,0.00991289
4.917,0.00246532,0.00991535
4.918,0.00246898,0.00991782
4.919,0.00247238,0.00992029
4.92,0.00247554,0.00992276
4.921,0.00247844,0.00992524
4.922,0.00248108,0.00992772
4.923,0.00248348,0.0099302
4.924,0.00248562,0.00993268
4.925,0.0024875,0.00993517
4.926,0.00248914,0.00993766
4.927,0.00249052,0.00994015
4.928,0.00249165,0.00994264
4.929,0.00249253,0.00994513
4.93,0.00249315,0.00994762
4.931,0.00249353,0.00995012
4.932,0.00249366,0.00995261
4.933,0.00249353,0.0099551
4.934,0.00249316,0.0099576
4.935,0.00249254,0.00996009
4.936,0.00249167,0.00996258
4.937,0.00249055,0.00996507
4.938,0.00248919,0.00996756
4.939,0.00248757,0.00997005
4.94,0.00248572,0.00997254
4.941,0.00248361,0.00997502
4.942,0.00248127,0.00997751
4.943,0.00247867,0.00997999
4.944,0.00247584,0.00998247
4.945,0.00247276,0.00998494
4.946,0.00246944,0.00998741
4.947,0.00246588,0.00998988
4.948,0.00246208,0.00999235
4.949,0.00245804,0.00999481
4.95,0.00245377,0.00999726
4.951,0.00244925,0.00999972
4.952,0.0024445,0.0100022
4.953,0.00243951,0.0100046
4.954,0.00243429,0.010007
4.955,0.00242883,0.0100095
4.956,0.00242314,0.0100119
4.957,0.00241722,0.0100143
4.958,0.00241107,0.0100167
4.959,0.00240468,0.0100192
4.96,0.00239807,0.0100216
4.961,0.00239124,0.010024
4.962,0.00238417,0.0100263
4.963,0.00237688,0.0100287
4.964,0.00236937,0.0100311
4.965,0.00236163,0.0100335
4.966,0.00235367,0.0100358
4.967,0.00234549,0.0100382
4.968,0.00233709,0.0100405
4.969,0.00232847,0.0100429
4.97,0.00231964,0.0100452
4.971,0.00231059,0.0100475
4.972,0.00230132,0.0100498
4.973,0.00229184,0.0100521
4.974,0.00228215,0.0100544
4.975,0.00227226,0.0100567
4.976,0.00226215,0.0100589
4.977,0.00225183,0.0100612
4.978,0.00224131,0.0100635
4.979,0.00223058,0.0100657
4.98,0.00221965,0.0100679
4.981,0.00220852,0.0100701
4.982,0.00219719,0.0100723
4.983,0.00218566,0.0100745
4.984,0.00217393,0.0100767
4.985,0.00216201,0.0100789
4.986,0.00214989,0.010081
4.987,0.00213758,0.0100832
4.988,0.00212508,0.0100853
4.989,0.00211239,0.0100875
4.99,0.00209952,0.0100896
4.991,0.00208645,0.0100917
4.992,0.00207321,0.0100937
4.993,0.00205978,0.0100958
4.994,0.00204617,0.0100979
4.995,0.00203238,0.0100999
4.996,0.00201841,0.0101019
4.997,0.00200426,0.010104
4.998,0.00198995,0.010106
4.999,0.00197546,0.0101079
