time,Step_Input,Underdamped,Critical,Overdamped
0.0,0,0.0,0.0,0.0
0.01,0,0.0,0.0,0.0
0.02,0,0.0,0.0,0.0
0.03,0,0.0,0.0,0.0
0.04,0,0.0,0.0,0.0
0.05,0,0.0,0.0,0.0
0.060000000000000005,0,0.0,0.0,0.0
0.07,0,0.0,0.0,0.0
0.08,0,0.0,0.0,0.0
0.09,0,0.0,0.0,0.0
0.09999999999999999,0,0.0,0.0,0.0
0.10999999999999999,0,0.0,0.0,0.0
0.11999999999999998,0,0.0,0.0,0.0
0.12999999999999998,0,0.0,0.0,0.0
0.13999999999999999,0,0.0,0.0,0.0
0.15,0,0.0,0.0,0.0
0.16,0,0.0,0.0,0.0
0.17,0,0.0,0.0,0.0
0.18000000000000002,0,0.0,0.0,0.0
0.19000000000000003,0,0.0,0.0,0.0
0.20000000000000004,0,0.0,0.0,0.0
0.21000000000000005,0,0.0,0.0,0.0
0.22000000000000006,0,0.0,0.0,0.0
0.23000000000000007,0,0.0,0.0,0.0
0.24000000000000007,0,0.0,0.0,0.0
0.25000000000000006,0,0.0,0.0,0.0
0.26000000000000006,0,0.0,0.0,0.0
0.2700000000000001,0,0.0,0.0,0.0
0.2800000000000001,0,0.0,0.0,0.0
0.2900000000000001,0,0.0,0.0,0.0
0.3000000000000001,0,0.0,0.0,0.0
0.3100000000000001,0,0.0,0.0,0.0
0.3200000000000001,0,0.0,0.0,0.0
0.3300000000000001,0,0.0,0.0,0.0
0.34000000000000014,0,0.0,0.0,0.0
0.35000000000000014,0,0.0,0.0,0.0
0.36000000000000015,0,0.0,0.0,0.0
0.37000000000000016,0,0.0,0.0,0.0
0.38000000000000017,0,0.0,0.0,0.0
0.3900000000000002,0,0.0,0.0,0.0
0.4000000000000002,0,0.0,0.0,0.0
0.4100000000000002,0,0.0,0.0,0.0
0.4200000000000002,0,0.0,0.0,0.0
0.4300000000000002,0,0.0,0.0,0.0
0.4400000000000002,0,0.0,0.0,0.0
0.45000000000000023,0,0.0,0.0,0.0
0.46000000000000024,0,0.0,0.0,0.0
0.47000000000000025,0,0.0,0.0,0.0
0.48000000000000026,0,0.0,0.0,0.0
0.49000000000000027,0,0.0,0.0,0.0
0.5000000000000002,0,0.0,0.0,0.0
0.5100000000000002,0,0.0,0.0,0.0
0.5200000000000002,0,0.0,0.0,0.0
0.5300000000000002,0,0.0,0.0,0.0
0.5400000000000003,0,0.0,0.0,0.0
0.5500000000000003,0,0.0,0.0,0.0
0.5600000000000003,0,0.0,0.0,0.0
0.5700000000000003,0,0.0,0.0,0.0
0.5800000000000003,0,0.0,0.0,0.0
0.5900000000000003,0,0.0,0.0,0.0
0.6000000000000003,0,0.0,0.0,0.0
0.6100000000000003,0,0.0,0.0,0.0
0.6200000000000003,0,0.0,0.0,0.0
0.6300000000000003,0,0.0,0.0,0.0
0.6400000000000003,0,0.0,0.0,0.0
0.6500000000000004,0,0.0,0.0,0.0
0.6600000000000004,0,0.0,0.0,0.0
0.6700000000000004,0,0.0,0.0,0.0
0.6800000000000004,0,0.0,0.0,0.0
0.6900000000000004,0,0.0,0.0,0.0
0.7000000000000004,0,0.0,0.0,0.0
0.7100000000000004,0,0.0,0.0,0.0
0.7200000000000004,0,0.0,0.0,0.0
0.7300000000000004,0,0.0,0.0,0.0
0.7400000000000004,0,0.0,0.0,0.0
0.7500000000000004,0,0.0,0.0,0.0
0.7600000000000005,0,0.0,0.0,0.0
0.7700000000000005,0,0.0,0.0,0.0
0.7800000000000005,0,0.0,0.0,0.0
0.7900000000000005,0,0.0,0.0,0.0
0.8000000000000005,0,0.0,0.0,0.0
0.8100000000000005,0,0.0,0.0,0.0
0.8200000000000005,0,0.0,0.0,0.0
0.8300000000000005,0,0.0,0.0,0.0
0.8400000000000005,0,0.0,0.0,0.0
0.8500000000000005,0,0.0,0.0,0.0
0.8600000000000005,0,0.0,0.0,0.0
0.8700000000000006,0,0.0,0.0,0.0
0.8800000000000006,0,0.0,0.0,0.0
0.8900000000000006,0,0.0,0.0,0.0
0.9000000000000006,0,0.0,0.0,0.0
0.9100000000000006,0,0.0,0.0,0.0
0.9200000000000006,0,0.0,0.0,0.0
0.9300000000000006,0,0.0,0.0,0.0
0.9400000000000006,0,0.0,0.0,0.0
0.9500000000000006,0,0.0,0.0,0.0
0.9600000000000006,0,0.0,0.0,0.0
0.9700000000000006,0,0.0,0.0,0.0
0.9800000000000006,0,0.0,0.0,0.0
0.9900000000000007,0,0.0,0.0,0.0
1.0000000000000007,1,0.0,0.0,0.0
1.0100000000000007,1,4.9932983333333334e-05,4.966791666666667e-05,4.9339583333333334e-05
1.0200000000000007,1,0.000199461085104423,0.00019735323367972346,0.0001947652810727276
1.0300000000000007,1,0.0004481717977192864,0.00044110045476925035,0.0004324952474012073
1.0400000000000007,1,0.0007956443619501546,0.0007789832943993424,0.0007588868766152563
1.0500000000000007,1,0.0012414498418676155,0.0012091042900702793,0.00117043170051051
1.0600000000000007,1,0.0017851512002896573,0.0017295944194439783,0.001663750472694907
1.0700000000000007,1,0.0024263033747380187,0.0023386127222351305,0.002235588432981631
1.0800000000000007,1,0.003164453353892241,0.003034345926811086,0.0028828107452650285
1.0900000000000007,1,0.0039991402545318045,0.0038150080814442233,0.003602398102524336
1.1000000000000008,1,0.004929895398956722,0.004678840190161176,0.00439144249283287
1.1100000000000008,1,0.005956242392876954,0.005624109853133959,0.005247143120474602
1.1200000000000008,1,0.007077697203760997,0.006649110911558646,0.0061668024764861065
1.1300000000000008,1,0.008293768239634004,0.007752163096967914,0.007147822553150012
1.1400000000000008,1,0.009603956428315755,0.008931611684924368,0.008187701197166624
1.1500000000000008,1,0.011007755297088846,0.010185827153042186,0.009284028596423542
1.1600000000000008,1,0.012504651052787398,0.011513204843285251,0.01043448389546921
1.1700000000000008,1,0.014094122662296638,0.012912164628490501,0.011636831934975618
1.1800000000000008,1,0.015775641933453655,0.014381150583065862,0.012888920110648083
1.1900000000000008,1,0.017548673596339683,0.01591863065781271,0.014188675347206432
1.2000000000000008,1,0.01941267538495421,0.017523096358823372,0.015534101183222206
1.2100000000000009,1,0.02136709811926125,0.019193062430404778,0.016923274962750905
1.2200000000000009,1,0.023411385787598108,0.02092706654197991,0.018354345129847082
1.2300000000000009,1,0.025544975629436945,0.022723668978919326,0.0198255286221934
1.2400000000000009,1,0.027767298218489517,0.02458145233725549,0.021335108360212827
1.2500000000000009,1,0.03007777754614538,0.026499021222233306,0.022881430828166148
1.260000000000001,1,0.03247583110523391,0.028475001950650686,0.024462903743865113
1.270000000000001,1,0.03496086997410053,0.03050804225694362,0.026077993813754998
1.280000000000001,1,0.03753229890098743,0.032596811002970676,0.027725224570239227
1.290000000000001,1,0.04018951638870921,0.03473999789145239,0.02940317428823331
1.300000000000001,1,0.042931914779613764,0.036936313183021624,0.03111047397804571
1.310000000000001,1,0.04575888034081882,0.03918448741684128,0.032845805451789556
1.320000000000001,1,0.04866979334971452,0.041483271134746535,0.03460789946063155
1.330000000000001,1,0.05166402817972243,0.043831434608868985,0.036395533900283134
1.340000000000001,1,0.054740953386301465,0.0462277675727008,0.03820753208223393
1.350000000000001,1,0.05789993179319101,0.04867107895555739,0.040042761068319256
1.360000000000001,1,0.061140320578881864,0.05116019662039755,0.04190013006630144
1.370000000000001,1,0.06446147136330538,0.053693967104960584,0.04377858888422999
1.380000000000001,1,0.0678627302947312,0.05627125536618033,0.04567712644142725
1.390000000000001,1,0.07134343813686427,0.05889094452783652,0.047594769334025254
1.400000000000001,1,0.07490293035613146,0.06155193563140438,0.049530580453055396
1.410000000000001,1,0.07854053720914848,0.06425314739006377,0.051483657653165746
1.420000000000001,1,0.08225558383035743,0.06699351594582963,0.053453132470111374
1.430000000000001,1,0.08604739031982582,0.06977199462976608,0.055438168885230996
1.440000000000001,1,0.08991527183119749,0.07258755372524671,0.057437962135188654
1.450000000000001,1,0.09385853865978605,0.07543918023422434,0.059451737565322335
1.460000000000001,1,0.09787649633080152,0.0783258776464736,0.06147874952500193
1.470000000000001,1,0.1019684456877008,0.08124666571177053,0.06351828030345777
1.480000000000001,1,0.10613368298065279,0.08420058021497343,0.06556963910459704
1.490000000000001,1,0.11037149995510856,0.08718667275396984,0.06763216105937991
1.500000000000001,1,0.11468118394046775,0.09020401052045493,0.06970520627437946
1.5100000000000011,1,0.11906201793883153,0.09325167608350686,0.07178815891519978
1.5200000000000011,1,0.12351328071383327,0.09632876717592516,0.0738804263234755
1.5300000000000011,1,0.1280342468795375,0.09943439648329863,0.07598143816622221
1.5400000000000011,1,0.1326241869893981,0.10256769143576959,0.07809064561635312
1.5500000000000012,1,0.13728236762526677,0.10572779400246159,0.08020752056321975
1.5600000000000012,1,0.1420080514864423,0.10891386048853835,0.0823315548520772
1.5700000000000012,1,0.146800497478752,0.11212506133486189,0.08446225955141412
1.5800000000000012,1,0.15165896080365612,0.11536058092021802,0.08659916424712678
1.5900000000000012,1,0.1565826930473661,0.11861961736607829,0.08874181636255374
1.6000000000000012,1,0.161570942269968,0.12190138234386716,0.0908897805034238
1.6100000000000012,1,0.16662295309454198,0.12520510088470407,0.09304263782680475
1.6200000000000012,1,0.17173796679626915,0.1285300111915902,0.09519998543317325
1.6300000000000012,1,0.1769152213915166,0.13187536445401002,0.09736143578075944
1.6400000000000012,1,0.18215395172689222,0.13524042466491834,0.09952661612134975
1.6500000000000012,1,0.18745338956826027,0.13862446844008355,0.10169516795676216
1.6600000000000013,1,0.19281276368970912,0.1420267848397584,0.10386674651523647
1.6700000000000013,1,0.19823129996246228,0.14544667519264984,0.10604102024701008
1.6800000000000013,1,0.20370822144372436,0.14888345292215996,0.10821767033837636
1.6900000000000013,1,0.20924274846545304,0.15233644337486996,0.11039639024354872
1.7000000000000013,1,0.21483409872304884,0.15580498365124,0.11257688523367788
1.7100000000000013,1,0.22048148736395368,0.15928842243849775,0.11475887196239415
1.7200000000000013,1,0.2261841270761503,0.16278611984568878,0.11694207804726917
1.7300000000000013,1,0.2319412281765537,0.16629744724086223,0.1191262416666141
1.7400000000000013,1,0.23775199869928643,0.16982178709036597,0.12131111117105235
1.7500000000000013,1,0.24361564448382927,0.17335853280022484,0.12349644470932557
1.7600000000000013,1,0.249531369263039,0.17690708855957696,0.12568200986781153
1.7700000000000014,1,0.2554983747510251,0.18046686918614244,0.12786758332325165
1.7800000000000014,1,0.26151586073087707,0.18403729997369986,0.13005295050820415
1.7900000000000014,1,0.26758302514223425,0.1876178165415456,0.1322379052887566
1.8000000000000014,1,0.27369906416869016,0.19120786468591197,0.13442224965404895
1.8100000000000014,1,0.27986317232502306,0.19480690023331965,0.13660579341717424
1.8200000000000014,1,0.2860745425442447,0.19841438889584107,0.13878835392704017
1.8300000000000014,1,0.29233236626445974,0.20202980612825094,0.14096975579079005
1.8400000000000014,1,0.29863583351552736,0.20565263698704092,0.14314983060639636
1.8500000000000014,1,0.3049841330055177,0.2092823759912752,0.14532841670505406
1.8600000000000014,1,0.3113764522069547,0.2129185269852646,0.14750535890301492
1.8700000000000014,1,0.31781197744283846,0.2165606030030366,0.14968050826251672
1.8800000000000014,1,0.32428989397243835,0.2202081261345792,0.1518537218614744
1.8900000000000015,1,0.3308093860768504,0.22386062739383686,0.15402486257161194
1.9000000000000015,1,0.3373696371443103,0.22751764658843648,0.15619379884472603
1.9100000000000015,1,0.3439698297552551,0.23117873219112267,0.1583604045067833
1.9200000000000015,1,0.35060914576712604,0.23484344121288073,0.16052455855956443
1.9300000000000015,1,0.35728676639890483,0.23851133907772662,0.16268614498957856
1.9400000000000015,1,0.36400187231537634,0.24218199949914332,0.16484505258398144
1.9500000000000015,1,0.3707536437111101,0.2458550043581433,0.16700117475324122
1.9600000000000015,1,0.3775412603941536,0.24952994358293673,0.16915440936030424
1.9700000000000015,1,0.38436390186942987,0.2532064150301858,0.17130465855602287
1.9800000000000015,1,0.3912207474218326,0.2568840243678254,0.1734518286206161
1.9900000000000015,1,0.39811097619901137,0.26056238495943074,0.17559582981094166
2.0000000000000013,1,0.40503376729384005,0.2642411177501126,0.17773657621336691
2.010000000000001,1,0.41198829982656177,0.26791985115392164,0.17987398560203338
2.020000000000001,1,0.41897375302660267,0.2715982209427426,0.18200797930231727
2.0300000000000007,1,0.42598930631404874,0.2752758701366601,0.1841384820592957
2.0400000000000005,1,0.43303413938077806,0.27895244889577775,0.18626542191103526
2.0500000000000003,1,0.44010743227124194,0.28262761441347256,0.18838873006652615
2.06,1,0.44720836546288867,0.2863010308110665,0.1905083407880917
2.07,1,0.45433611994622297,0.2899723690338981,0.1926241912781095
2.0799999999999996,1,0.4614898773044943,0.2936413067487761,0.19473622156988601
2.0899999999999994,1,0.46866881979300845,0.2973075282427982,0.1968443744225325
2.099999999999999,1,0.4758721304180548,0.30097072432351824,0.19894859521969577
2.109999999999999,1,0.48309899301544423,0.304630592220444,0.20104883187200248
2.1199999999999988,1,0.49034859232865013,0.3082868354878503,0.20314503472308093
2.1299999999999986,1,0.4976201140865473,0.31193916390889004,0.2052371564590293
2.1399999999999983,1,0.504912745080742,0.3155872934009871,0.207325152021204
2.149999999999998,1,0.5122256732424871,0.31923094592249585,0.20940897852220677
2.159999999999998,1,0.5195580877191768,0.32286984938061,0.2114885951649529
2.1699999999999977,1,0.5269091789504142,0.32650373754050666,0.21356396316470797
2.1799999999999975,1,0.5342781387436468,0.33013234993570945,0.21563504567398453
2.1899999999999973,1,0.5416641603493628,0.33375543177965505,0.21770180771019343
2.199999999999997,1,0.549066438535844,0.3373727338784488,0.2197642160859493
2.209999999999997,1,0.556484169663468,0.3409840125447941,0.22182223934193288
2.2199999999999966,1,0.5639165517585557,0.344589029513081,0.22387584768221638
2.2299999999999964,1,0.571362784586757,0.3481875518556191,0.2259250129119617
2.239999999999996,1,0.5788220697259708,0.35177935190000104,0.22796970837740466
2.249999999999996,1,0.5862936106387922,0.3553642071475817,0.23000990890804132
2.259999999999996,1,0.5937766127444826,0.35894190019305955,0.23204559076093595
2.2699999999999956,1,0.6012702834904579,0.3625122186451461,0.23407673156707265
2.2799999999999954,1,0.608773832423288,0.36607495504830967,0.2361033102796759
2.289999999999995,1,0.6162864712592037,0.3696299068055803,0.23812530712442795
2.299999999999995,1,0.623807413954106,0.37317687610240186,0.24014270355151338
2.3099999999999947,1,0.6313358767730718,0.37671566983151894,0.24215548218942406
2.3199999999999945,1,0.6388710783593521,0.38024609951888466,0.24416362680045992
2.3299999999999943,1,0.646412239802857,0.38376798125057693,0.24616712223786336
2.339999999999994,1,0.653958584708124,0.3872811356007107,0.2481659544045276
2.349999999999994,1,0.6615093392617625,0.3907853875603329,0.25016011021322115
2.3599999999999937,1,0.6690637322993731,0.39428056646728815,0.25214957754827294
2.3699999999999934,1,0.6766209953719343,0.3977665059370433,0.2541343452286645
2.3799999999999932,1,0.6841803628116532,0.40124304379445763,0.2561144029724778
2.389999999999993,1,0.6917410717972763,0.40471002200648737,0.25808974136264873
2.399999999999993,1,0.6993023624188553,0.4081672866158133,0.2600603518139791
2.4099999999999926,1,0.7068634777419635,0.4116146876753784,0.26202622654135993
2.4199999999999924,1,0.7144236638713589,0.41505207918382503,0.26398735852916305
2.429999999999992,1,0.7219821700140908,0.41847931902181984,0.26594374150175665
2.439999999999992,1,0.7295382485420435,0.42189626888925513,0.26789536989510493
2.4499999999999917,1,0.7370911550539151,0.42530279424331574,0.2698422388294116
2.4599999999999915,1,0.7446401484366273,0.42869876423740005,0.2717843440827686
2.4699999999999913,1,0.752184490926161,0.43208405166088476,0.27372168206577374
2.479999999999991,1,0.7597234481678156,0.43545853287972214,0.2756542497970819
2.489999999999991,1,0.7672562892758867,0.43882208777785975,0.27758204487985494
2.4999999999999907,1,0.7747822868927606,0.4421745996994715,0.2795050654790775
2.5099999999999905,1,0.782300717247419,0.4455159553919902,0.28142331029970796
2.5199999999999902,1,0.7898108602133539,0.44884604494993124,0.28333677856563244
2.52999999999999,1,0.7973119993658867,0.45216476175949727,0.2852454699993934
2.53999999999999,1,0.8048034220388892,0.45547200244395364,0.2871493848026644
2.5499999999999896,1,0.8122844193809032,0.4587676668097653,0.2890485236374432
2.5599999999999894,1,0.8197542864106553,0.4620516577934848,0.2909428876079375
2.569999999999989,1,0.8272123220719635,0.4653238814093824,0.2928324782431171
2.579999999999989,1,0.8346578292880336,0.4685842466978083,0.29471729747990905
2.5899999999999888,1,0.842090115015141,0.47183266567427773,0.29659734764701157
2.5999999999999885,1,0.8495084902956963,0.4750690532792697,0.2984726314493041
2.6099999999999883,1,0.8569122703106907,0.4782933273287302,0.30034315195283195
2.619999999999988,1,0.8643007744315198,0.48150540846527096,0.30220891257034427
2.629999999999988,1,0.8716733262711808,0.48470522011005446,0.30406991704736497
2.6399999999999877,1,0.8790292537348442,0.4878926884153567,0.30592616944877726
2.6499999999999875,1,0.8863678890697934,0.4910677422177989,0.30777767414590307
2.6599999999999873,1,0.8936885689147324,0.49423031299223946,0.3096244358040588
2.669999999999987,1,0.9009906343484582,0.49738033480631777,0.3114664593705703
2.679999999999987,1,0.9082734309378963,0.5005177442756414,0.31330375006323036
2.6899999999999866,1,0.9155363087854953,0.5036424805196085,0.3151363133591817
2.6999999999999864,1,0.9227786225759814,0.5067544851178565,0.31696415498421115
2.709999999999986,1,0.9299997316224673,0.5098537020673307,0.3187872809024388
2.719999999999986,1,0.937198999911916,0.5129400777399626,0.32060569730638805
2.7299999999999858,1,0.9443757961499567,0.5160135608409517,0.32241941060742296
2.7399999999999856,1,0.9515294938050504,0.5190741023676418,0.3242284274265388
2.7499999999999853,1,0.958659471152004,0.5221216555689856,0.3260327545854933
2.759999999999985,1,0.9657651113148316,0.525156175905588,0.3278323990982659
2.769999999999985,1,0.9728458023089599,0.5281776210103226,0.3296273681628331
2.7799999999999847,1,0.9799009370827776,0.5311859506495119,0.33141766915324833
2.7899999999999845,1,0.9869299135585261,0.5341811266846661,0.3332033096120148
2.7999999999999843,1,0.993932134672531,0.5371631130347712,0.33498429724274137
2.809999999999984,1,1.0009070084147726,0.5401318756391205,0.33676063990307026
2.819999999999984,1,1.0078539478677935,0.5430873824206822,0.33853234559786705
2.8299999999999836,1,1.0147723712449435,0.5460296032499958,0.3402994224726633
2.8399999999999834,1,1.021661701927959,0.5489585099095905,0.34206187880734257
2.849999999999983,1,1.0285213685038772,0.5518740760589188,0.3438197230100606
2.859999999999983,1,1.0353508048012832,0.5547762771997993,0.3455729636113916
2.869999999999983,1,1.0421494499258885,0.5576650906423604,0.34732160925869193
2.8799999999999826,1,1.0489167482954431,0.5605404954714799,0.34906566871067324
2.8899999999999824,1,1.0556521496739752,0.5634024725137134,0.35080515083217767
2.899999999999982,1,1.0623551092053627,0.5662510043047052,0.3525400645891475
2.909999999999982,1,1.0690250874462326,0.5690860750570749,0.3542704190437819
2.9199999999999817,1,1.0756615503981901,0.571907670628774,0.3559962233498745
2.9299999999999815,1,1.0822639695393745,0.5747157784919067,0.35771748674832443
2.9399999999999813,1,1.088831821855343,0.5775103877020076,0.35943421856281516
2.949999999999981,1,1.0953645898692816,0.5802914888677712,0.36114642819565446
2.959999999999981,1,1.101861761671543,0.5830590741212271,0.3628541251237698
2.9699999999999807,1,1.10832283094851,0.5858131370883554,0.3645573188948536
2.9799999999999804,1,1.1147472970107872,0.5885536728601346,0.3662560191236525
2.9899999999999802,1,1.1211346648207159,0.5912806779640196,0.3679502354883956
2.99999999999998,1,1.127484445019218,0.5939941503358409,0.36963997772735663
3.00999999999998,1,1.1337961539519645,0.5966940892921213,0.3713252556355449
3.0199999999999796,1,1.14006931369487,0.5993804955028043,0.37300607906152067
3.0299999999999794,1,1.1463034520789153,0.6020533709643877,0.37468245790432964
3.039999999999979,1,1.1524981027142935,0.6047127189734592,0.37635440211055343
3.049999999999979,1,1.1586528050138865,0.6073585441006257,0.3780219216714704
3.0599999999999787,1,1.1647671042160659,0.6099908521648341,0.3796850266203238
3.0699999999999785,1,1.1708405514068232,0.612609650208076,0.3813437270296925
3.0799999999999783,1,1.1768727035412265,0.6152149464704729,0.3829980330089617
3.089999999999978,1,1.182863123464208,0.6178067503657356,0.3846479547018884
3.099999999999978,1,1.1888113799306779,0.6203850724569938,0.38629350228425946
3.1099999999999777,1,1.1947170476249709,0.6229499244329899,0.38793468596163816
3.1199999999999775,1,1.2005797071796218,0.6255013190846335,0.38957151596719625
3.1299999999999772,1,1.206398945193473,0.6280392702819104,0.39120400255962834
3.139999999999977,1,1.2121743542491132,0.6305637929511425,0.39283215602114546
3.149999999999977,1,1.217905532929652,0.6330749030525928,0.3944559866555451
3.1599999999999766,1,1.2235920858348253,0.6355726175584123,0.3960755047863547
3.1699999999999764,1,1.2292336235964383,0.6380569544309224,0.39769072075504613
3.179999999999976,1,1.2348297628931442,0.6405279326012302,0.39930164491931824
3.189999999999976,1,1.2403801264645602,0.642985571948171,0.40090828765144537
3.1999999999999758,1,1.2458843431247224,0.6454298932775735,0.40251065933668906
3.2099999999999755,1,1.251342047774881,0.6478609183018448,0.4041087703717708
3.2199999999999753,1,1.2567528814156363,0.6502786696198687,0.4057026311634035
3.229999999999975,1,1.2621164911584188,0.6526831706972153,0.40729225212687964
3.239999999999975,1,1.2674325302363119,0.655074445846656,0.40887764368471385
3.2499999999999747,1,1.2727006580142215,0.6574525202089808,0.4104588162653381
3.2599999999999745,1,1.2779205399983935,0.6598174197341133,0.4120357803018474
3.2699999999999743,1,1.2830918478452793,0.6621691711625196,0.4136085462307943
3.279999999999974,1,1.2882142593697523,0.664507802006907,0.4151771244910301
3.289999999999974,1,1.2932874585526783,0.6668333405342086,0.41674152552259175
3.2999999999999736,1,1.2983111355478383,0.6691458157478505,0.41830175976563155
3.3099999999999734,1,1.303284986688209,0.6714452573702961,0.41985783765938967
3.319999999999973,1,1.3082087144916015,0.673731695825866,0.42140976964120624
3.329999999999973,1,1.3130820276656596,0.6760051622238279,0.42295756614557295
3.3399999999999728,1,1.3179046411122208,0.6782656883417536,0.4245012376032218
3.3499999999999726,1,1.3226762759310415,0.68051330660914,0.42604079444025
3.3599999999999723,1,1.3273966594228892,0.6827480500912889,0.4275762470772798
3.369999999999972,1,1.332065525092003,0.6849699524734439,0.42910760592865166
3.379999999999972,1,1.3366826126479256,0.6871790480451796,0.4306348814016495
3.3899999999999717,1,1.3412476680067085,0.6893753716850399,0.4321580838957575
3.3999999999999715,1,1.3457604432914927,0.691558958845423,0.4336772238019463
3.4099999999999713,1,1.3502206968324681,0.6937298455377077,0.4351923115019883
3.419999999999971,1,1.3546281931662139,0.6958880683176202,0.43670335736780064
3.429999999999971,1,1.3589827030344204,0.6980336642708355,0.43821037176081507
3.4399999999999706,1,1.3632840033819993,0.7001666709988122,0.43971336503137315
3.4499999999999704,1,1.3675318773545806,0.7022871266048568,0.44121234751814664
3.45999999999997,1,1.3717261142954014,0.7043950696804134,0.44270732954758163
3.46999999999997,1,1.375866509741588,0.7064905392915778,0.44419832143336563
3.47999999999997,1,1.3799528654198359,0.7085735749658304,0.4456853334759168
3.4899999999999696,1,1.3839849892414873,0.7106442166789873,0.44716837596189474
3.4999999999999694,1,1.3879626952970137,0.7127025048423643,0.4486474591637313
3.509999999999969,1,1.3918858038499013,0.714748480290153,0.4501225933391817
3.519999999999969,1,1.3957541413299466,0.7167821842670041,0.4515937887308945
3.5299999999999687,1,1.399567540325962,0.7188036584158162,0.4530610555659998
3.5399999999999685,1,1.403325839577897,0.7208129447657274,0.45452440405571526
3.5499999999999683,1,1.407028883968376,0.7228100857203061,0.4559838443949691
3.559999999999968,1,1.4106765245136579,0.7247951240459384,0.4574393867620394
3.569999999999968,1,1.4142686183540185,0.7267681028604096,0.4588910413182092
3.5799999999999677,1,1.4178050287435608,0.7287290656216776,0.46033881820743694
3.5899999999999674,1,1.421285625039456,0.7306780561168339,0.4617827275560414
3.5999999999999672,1,1.424710282690618,0.7326151184512515,0.4632227794724004
3.609999999999967,1,1.4280788832258147,0.7345402970379157,0.464658984046664
3.619999999999967,1,1.431391314241221,0.7364536365869357,0.4660913513504795
3.6299999999999666,1,1.4346474693874154,0.738355182095235,0.46751989143673006
3.6399999999999664,1,1.4378472483558247,0.7402449788364165,0.46894461433928486
3.649999999999966,1,1.4409905568646189,0.7421230723508021,0.47036553007276116
3.659999999999966,1,1.4440773066440622,0.7439895084356423,0.47178264863229735
3.6699999999999657,1,1.4471074154213215,0.7458443331354945,0.4731959799933371
3.6799999999999655,1,1.450080806904738,0.7476875927327673,0.4746055341114237
3.6899999999999653,1,1.4529974107675636,0.7495193337384286,0.4760113209220044
3.699999999999965,1,1.455857162631168,0.7513396028828748,0.4774133503402445
3.709999999999965,1,1.4586600040477187,0.7531484471069596,0.47881163226085083
3.7199999999999647,1,1.4614058824823373,0.7549459135531786,0.48020617655790365
3.7299999999999645,1,1.464094751294739,0.75673204955701,0.48159699308469794
3.7399999999999642,1,1.466726569720356,0.7585069026384059,0.4829840916735922
3.749999999999964,1,1.4693013028509487,0.7602705204934355,0.48436748213586567
3.759999999999964,1,1.4718189216147122,0.7620229509860749,0.4857471742615832
3.7699999999999636,1,1.4742794027558777,0.7637642421401442,0.48712317781946723
3.7799999999999634,1,1.4766827288138165,0.7654944421313871,0.48849550255677715
3.789999999999963,1,1.4790288881016478,0.7672135992796932,0.4898641581991954
3.799999999999963,1,1.4813178746843563,0.7689217620414601,0.4912291544507201
3.8099999999999627,1,1.483549688356423,0.7706189790020921,0.49259050099356416
3.8199999999999625,1,1.4857243346189732,0.7723052988686362,0.4939482074880603
3.8299999999999623,1,1.4878418246564473,0.7739807704625509,0.49530228357257194
3.839999999999962,1,1.489902175312796,0.7756454427126068,0.4966527388634101
3.849999999999962,1,1.4919054090672066,0.777299364647918,0.49799958295475516
3.8599999999999617,1,1.493851554009364,0.7789425853911006,0.49934282541858427
3.8699999999999615,1,1.4957406438142498,0.7805751541515578,0.5006824758046036
3.8799999999999613,1,1.4975727177164853,0.7821971202188894,0.5020185436401856
3.889999999999961,1,1.4993478204842214,0.7838085329564244,0.5033510384303107
3.899999999999961,1,1.5010660023925813,0.7854094417948728,0.5046799696575135
3.9099999999999606,1,1.5027273191966588,0.7869998962260983,0.5060053467818334
3.9199999999999604,1,1.5043318321040784,0.788579945797007,0.5073271792407695
3.92999999999996,1,1.5058796077471193,0.790149640103552,0.5086454764492392
3.93999999999996,1,1.5073707181544114,0.7917090287848524,0.5099602477995405
3.9499999999999598,1,1.5088052407222037,0.7932581615174232,0.5112715026613187
3.9599999999999596,1,1.510183258185213,0.7947970880095174,0.5125792503815357
3.9699999999999593,1,1.5115048585870559,0.7963258579955755,0.5138835002844435
3.979999999999959,1,1.5127701352502685,0.7978445212307832,0.5151842616715604
3.989999999999959,1,1.5139791867459198,0.7993531274857346,0.5164815438216508
3.9999999999999587,1,1.515132116862822,0.8008517265411995,0.5177753559907079
4.009999999999959,1,1.5162290345763432,0.8023403681829931,0.519065707411939
4.019999999999959,1,1.5172700540168265,0.8038191021969475,0.5203526072957542
4.0299999999999585,1,1.5182552944376217,0.8052879783639818,0.5216360648297569
4.039999999999958,1,1.519184880182733,0.806747046455271,0.5229160891787381
4.049999999999958,1,1.5200589406540865,0.8081963562275111,0.524192689484672
4.059999999999958,1,1.5208776102784258,0.80963595741828,0.5254658748667147
4.069999999999958,1,1.5216410284738366,0.8110658997414915,0.526735654421205
4.079999999999957,1,1.5223493396159076,0.8124862328829419,0.5280020372216674
4.089999999999957,1,1.5230026930035312,0.8138970064959475,0.5292650323188173
4.099999999999957,1,1.52360124282435,0.8152982701970722,0.5305246487405679
4.109999999999957,1,1.5241451481198527,0.8166900735619423,0.5317808954920397
4.119999999999957,1,1.5246345727501256,0.8180724661211495,0.533033781555571
4.129999999999956,1,1.5250696853582633,0.8194454973562381,0.5342833158907313
4.139999999999956,1,1.5254506593344446,0.8208092166957779,0.5355295074343353
4.149999999999956,1,1.5257776727796775,0.8221636735115191,0.5367723651004592
4.159999999999956,1,1.5260509084692195,0.8235089171146295,0.5380118977804589
4.1699999999999555,1,1.5262705538156771,0.8248449967520118,0.5392481143429885
4.179999999999955,1,1.5264368008317895,0.8261719616027008,0.5404810236340218
4.189999999999955,1,1.526549846092902,0.8274898607743375,0.5417106344768745
4.199999999999955,1,1.526609890699134,0.8287987432997218,0.5429369556722269
4.209999999999955,1,1.5266171402372473,0.8300986581334392,0.5441599959981497
4.2199999999999545,1,1.526571804742216,0.831389654148563,0.5453797642101296
4.229999999999954,1,1.52647409865851,0.8326717801334299,0.5465962690410965
4.239999999999954,1,1.5263242408010886,0.8339450847884872,0.5478095192014523
4.249999999999954,1,1.526122454316118,0.8352096167232115,0.5490195233790999
4.259999999999954,1,1.5258689666414096,0.8364654244530976,0.5502262902394741
4.269999999999953,1,1.5255640094665905,0.8377125563967162,0.5514298284255731
4.279999999999953,1,1.5252078186930071,0.8389510608728392,0.5526301465579909
4.289999999999953,1,1.5248006343933693,0.8401809860976323,0.553827253234951
4.299999999999953,1,1.5243427007711394,0.8414023801819124,0.5550211570323403
4.3099999999999525,1,1.5238342661196707,0.8426152911284713,0.5562118665037448
4.319999999999952,1,1.5232755827811006,0.8438197668294617,0.5573993901804848
4.329999999999952,1,1.522666907105005,0.8450158550638462,0.5585837365716526
4.339999999999952,1,1.5220084994068162,0.8462036034949088,0.5597649141641493
4.349999999999952,1,1.5213006239260123,0.8473830596678258,0.5609429314227232
4.3599999999999515,1,1.5205435487840815,0.848554271007298,0.5621177967900087
4.369999999999951,1,1.5197375459422664,0.8497172848152404,0.5632895186865657
4.379999999999951,1,1.5188828911590941,0.8508721482685307,0.5644581055109198
4.389999999999951,1,1.5179798639476973,0.8520189084168144,0.5656235656396029
4.399999999999951,1,1.5170287475329303,0.8531576121803653,0.5667859074271948
4.40999999999995,1,1.5160298288082854,0.8542883063480032,0.5679451392063646
4.41999999999995,1,1.5149833982926173,0.8554110375750631,0.569101269287913
4.42999999999995,1,1.513889750086676,0.8565258523814201,0.5702543059608156
4.43999999999995,1,1.5127491818294565,0.8576327971495656,0.5714042574922656
4.4499999999999496,1,1.511561994654371,0.8587319181227359,0.5725511321277178
4.459999999999949,1,1.5103284931452454,0.8598232614030905,0.5736949380909325
4.469999999999949,1,1.5090489852921478,0.8609068729499422,0.5748356835840204
4.479999999999949,1,1.5077237824470542,0.8619827985780347,0.5759733767874868
4.489999999999949,1,1.5063531992793542,0.8630510839558697,0.5771080258602777
4.4999999999999485,1,1.5049375537312044,0.8641117746040812,0.5782396389398246
4.509999999999948,1,1.5034771669727334,0.8651649158938565,0.579368224142091
4.519999999999948,1,1.5019723633571023,0.8662105530454034,0.5804937895616183
4.529999999999948,1,1.5004234703754284,0.8672487311264632,0.5816163432715724
4.539999999999948,1,1.4988308186115749,0.8682794950508671,0.5827358933237903
4.549999999999947,1,1.4971947416968119,0.8693028895771377,0.5838524477488274
4.559999999999947,1,1.495515576264356,0.8703189593071327,0.5849660145560045
4.569999999999947,1,1.4937936619037897,0.8713277486847307,0.5860766017334554
4.579999999999947,1,1.4920293411153696,0.8723293019945604,0.5871842172481749
4.589999999999947,1,1.4902229592642247,0.8733236633607685,0.5882888690460663
4.599999999999946,1,1.4883748645344532,0.8743108767458292,0.5893905650519895
4.609999999999946,1,1.4864854078831204,0.8752909859493933,0.5904893131698096
4.619999999999946,1,1.4845549429941636,0.8762640346071753,0.5915851212824451
4.629999999999946,1,1.4825838262322089,0.8772300661898799,0.5926779972519167
4.6399999999999455,1,1.480572416596305,0.8781891240021653,0.5937679489193959
4.649999999999945,1,1.4785210756735787,0.879141251181644,0.5948549841052536
4.659999999999945,1,1.476430167592817,0.8800864906979192,0.5959391106091098
4.669999999999945,1,1.474300058977981,0.8810248853516577,0.5970203362098818
4.679999999999945,1,1.472131118901656,0.8819564777736973,0.5980986686658344
4.689999999999944,1,1.4699237188384433,0.8828813104241895,0.5991741157146284
4.699999999999944,1,1.467678232618299,0.8837994255917747,0.6002466850733705
4.709999999999944,1,1.4653950363798232,0.8847108653927922,0.6013163844386624
4.719999999999944,1,1.4630745085235042,0.8856156717705219,0.6023832214866506
4.729999999999944,1,1.4607170296649268,0.8865138864944585,0.6034472038730758
4.739999999999943,1,1.4583229825879431,0.8874055511596173,0.6045083392333228
4.749999999999943,1,1.4558927521978158,0.888290707185871,0.6055666351824702
4.759999999999943,1,1.4534267254743354,0.8891693958173169,0.6066220993153398
4.769999999999943,1,1.450925291424919,0.8900416581216742,0.6076747392065468
4.7799999999999425,1,1.4483888410376935,0.8909075349897105,0.6087245624105493
4.789999999999942,1,1.4458177672345671,0.8917670671346971,0.6097715764616982
4.799999999999942,1,1.4432124648242972,0.892620295091893,0.6108157888742874
4.809999999999942,1,1.4405733304555561,0.8934672592180566,0.6118572071426034
4.819999999999942,1,1.4379007625700007,0.8943079996909844,0.6128958387409748
4.8299999999999415,1,1.4351951613553502,0.8951425565090771,0.6139316911238227
4.839999999999941,1,1.4324569286984785,0.895970969490932,0.6149647717257105
4.849999999999941,1,1.4296864681385217,0.8967932782749605,0.6159950879613936
4.859999999999941,1,1.4268841848200102,0.897609522319032,0.6170226472258692
4.869999999999941,1,1.4240504854460263,0.8984197409001423,0.6180474568944263
4.87999999999994,1,1.421185778231394,0.8992239731141064,0.6190695243226955
4.88999999999994,1,1.418290472855904,0.9000222578752753,0.6200888568466986
4.89999999999994,1,1.4153649804175805,0.9008146339162768,0.6211054617828985
4.90999999999994,1,1.4124097133859914,0.9016011397877787,0.622119346428249
4.9199999999999395,1,1.4094250855556096,0.9023818138582752,0.623130518060244
4.929999999999939,1,1.4064115119992269,0.903156694313896,0.6241389839369679
4.939999999999939,1,1.4033694090214273,0.9039258191582359,0.6251447512971445
4.949999999999939,1,1.4002991941121228,0.9046892262122073,0.6261478273601871
4.959999999999939,1,1.397201285900156,0.9054469531139127,0.6271482193262475
4.9699999999999385,1,1.394076104106974,0.9061990373185382,0.6281459343762659
4.979999999999938,1,1.3909240695003806,0.9069455160982677,0.6291409796720198
4.989999999999938,1,1.3877456038483647,0.9076864265422155,0.6301333623561738
4.999999999999938,1,1.3845411298730166,0.9084218055563803,0.6311230895523287
5.009999999999938,1,1.3813110712045316,0.9091516898636164,0.6321101683650705
5.019999999999937,1,1.3780558523353064,0.9098761160036248,0.63309460588002
5.029999999999937,1,1.3747758985741336,0.9105951203329625,0.6340764091638814
5.039999999999937,1,1.3714716360004966,0.9113087390250689,0.6350555852644916
5.049999999999937,1,1.368143491418971,0.9120170080703107,0.6360321412108688
5.0599999999999365,1,1.3647918923137343,0.9127199632760438,0.6370060840132621
5.069999999999936,1,1.3614172668031914,0.9134176402666918,0.6379774206631993
5.079999999999936,1,1.3580200435947158,0.9141100744838416,0.6389461581335363
5.089999999999936,1,1.3546006519395144,0.9147973011863546,0.6399123033785054
5.099999999999936,1,1.351159521587617,0.9154793554504941,0.6408758633337641
5.1099999999999355,1,1.3476970827429964,0.9161562721700682,0.6418368449164434
5.119999999999935,1,1.3442137660188218,0.9168280860565884,0.6427952550251961
5.129999999999935,1,1.340710002392851,0.917494831639442,0.6437511005402452
5.139999999999935,1,1.3371862231629634,0.9181565432660803,0.6447043883234322
5.149999999999935,1,1.3336428599028378,0.9188132551022203,0.6456551252182651
5.159999999999934,1,1.3300803444177822,0.9194650011320609,0.6466033180499662
5.169999999999934,1,1.3264991087007143,0.9201118151585123,0.6475489736255206
5.179999999999934,1,1.3228995848882998,0.9207537308034391,0.6484920987337235
5.189999999999934,1,1.319282205217252,0.9213907815079171,0.6494327001452284
5.199999999999934,1,1.3156474019807949,0.9220230005325013,0.6503707846125942
5.209999999999933,1,1.3119956074852959,0.9226504209575082,0.6513063588703335
5.219999999999933,1,1.3083272540070683,0.9232730756833092,0.6522394296349593
5.229999999999933,1,1.3046427737493511,0.9238909974306367,0.6531700036050329
5.239999999999933,1,1.300942598799467,0.9245042187409017,0.6540980874612109
5.2499999999999325,1,1.2972271610861623,0.9251127719765224,0.6550236878662926
5.259999999999932,1,1.2934968923371353,0.9257166893212649,0.6559468114652669
5.269999999999932,1,1.2897522240367507,0.926316002780594,0.6568674648853594
5.279999999999932,1,1.2859935873839508,0.9269107441820353,0.6577856547360791
5.289999999999932,1,1.2822214132503602,0.9275009451755475,0.6587013876092652
5.299999999999931,1,1.278436132138593,0.9280866372339047,0.659614670079134
5.309999999999931,1,1.2746381741407609,0.9286678516530894,0.6605255087023253
5.319999999999931,1,1.2708279688971893,0.9292446195526941,0.6614339100179488
5.329999999999931,1,1.2670059455553433,0.9298169718763335,0.6623398805476306
5.339999999999931,1,1.263172532728966,0.9303849393920653,0.6632434267955594
5.34999999999993,1,1.2593281584574343,0.9309485526928205,0.6641445552485326
5.35999999999993,1,1.2554732501653332,0.9315078421968417,0.6650432723760024
5.36999999999993,1,1.2516082346222532,0.9320628381481311,0.6659395846301217
5.37999999999993,1,1.2477335379028147,0.9326135706169062,0.6668334984457902
5.3899999999999295,1,1.243849585346919,0.9331600695000639,0.6677250202406998
5.399999999999929,1,1.2399568015202334,0.9337023645216523,0.6686141564153801
5.409999999999929,1,1.2360556101749103,0.9342404852333508,0.6695009133532446
5.419999999999929,1,1.232146434210545,0.934774461014957,0.6703852974206352
5.429999999999929,1,1.228229695635373,0.9353043210748819,0.6712673149668684
5.4399999999999284,1,1.2243058155277131,0.9358300944506516,0.6721469723242798
5.449999999999928,1,1.2203752139976558,0.9363518100094159,0.6730242758082694
5.459999999999928,1,1.2164383101490015,0.9368694964484645,0.6738992317173469
5.469999999999928,1,1.212495522041452,0.9373831822957486,0.6747718463331761
5.479999999999928,1,1.208547266653056,0.9378928959104101,0.67564212592062
5.489999999999927,1,1.2045939598429125,0.9383986654833166,0.6765100767277853
5.499999999999927,1,1.200636016314136,0.9389005190376019,0.6773757049860669
5.509999999999927,1,1.1966738495770837,0.9393984844292129,0.6782390169101926
5.519999999999927,1,1.1927078719128483,0.9398925893474631,0.6791000186982671
5.5299999999999265,1,1.1887384943370212,0.9403828613155898,0.6799587165318164
5.539999999999926,1,1.1847661265637235,0.9408693276913179,0.6808151165758319
5.549999999999926,1,1.180791176969914,0.9413520156674291,0.6816692249788144
5.559999999999926,1,1.17681405255997,0.9418309522723353,0.6825210478728181
5.569999999999926,1,1.1728351589305486,0.9423061643706574,0.683370591373494
5.5799999999999255,1,1.168854900235728,0.9427776786638091,0.6842178615801341
5.589999999999925,1,1.1648736791524317,0.9432455216905851,0.6850628645757145
5.599999999999925,1,1.1608918968461381,0.9437097198277529,0.6859056064269394
5.609999999999925,1,1.156909952936879,0.9441702992906507,0.6867460931842839
5.619999999999925,1,1.152928245465526,0.9446272861337878,0.6875843308820375
5.629999999999924,1,1.1489471708603718,0.9450807062514499,0.6884203255383473
5.639999999999924,1,1.1449671239040027,0.9455305853783081,0.6892540831552608
5.649999999999924,1,1.14098849770047,0.9459769490900316,0.6900856097187691
5.659999999999924,1,1.13701168364276,0.9464198228039037,0.6909149111988493
5.6699999999999235,1,1.1330370713805615,0.9468592317794419,0.6917419935495077
5.679999999999923,1,1.129065048788341,0.9472952011190211,0.6925668627088221
5.689999999999923,1,1.125096001933717,0.9477277557684997,0.6933895245989841
5.699999999999923,1,1.1211303150461465,0.9481569205178491,0.6942099851263419
5.709999999999923,1,1.1171683704859146,0.9485827200017863,0.6950282501814424
5.7199999999999225,1,1.1132105487134383,0.9490051787004091,0.6958443256390732
5.729999999999922,1,1.1092572282588804,0.9494243209398339,0.6966582173583047
5.739999999999922,1,1.1053087856920787,0.9498401708928363,0.6974699311825322
5.749999999999922,1,1.1013655955927892,0.9502527525794949,0.6982794729395175
5.759999999999922,1,1.097428030521249,0.9506620898678356,0.6990868484414311
5.769999999999921,1,1.0934964609890552,0.9510682064744804,0.699892063484893
5.779999999999921,1,1.089571255430368,0.9514711259652967,0.7006951238510148
5.789999999999921,1,1.0856527801734335,0.9518708717560496,0.7014960353054414
5.799999999999921,1,1.0817413994124305,0.9522674671130557,0.7022948035983911
5.809999999999921,1,1.077837475179645,0.9526609351538389,0.7030914344646984
5.81999999999992,1,1.0739413673179683,0.9530512988477879,0.7038859336238534
5.82999999999992,1,1.070053433453726,0.9534385810168157,0.7046783067800444
5.83999999999992,1,1.0661740289698352,0.9538228043360194,0.7054685596221975
5.84999999999992,1,1.062303506979293,0.9542039913343435,0.7062566978240179
5.8599999999999195,1,1.0584422182989983,0.9545821643952428,0.7070427270440306
5.869999999999919,1,1.0545905114239056,0.9549573457573473,0.7078266529256206
5.879999999999919,1,1.0507487325015155,0.9553295575151279,0.7086084810970741
5.889999999999919,1,1.0469172253066996,0.9556988216195643,0.7093882171716176
5.899999999999919,1,1.0430963312168642,0.956065159878812,0.7101658667474595
5.909999999999918,1,1.0392863891874515,0.9564285939588719,0.7109414354078292
5.919999999999918,1,1.0354877357277805,0.9567891453842601,0.7117149287210176
5.929999999999918,1,1.0317007048772284,0.957146835538678,0.7124863522404169
5.939999999999918,1,1.0279256281817541,0.9575016856656839,0.7132557115045605
5.949999999999918,1,1.0241628346707632,0.9578537168693649,0.7140230120371625
5.959999999999917,1,1.0204126508343179,0.9582029501150088,0.7147882593471575
5.969999999999917,1,1.01667540060069,0.9585494062297767,0.7155514589287402
5.979999999999917,1,1.0129514053142599,0.9588931059033768,0.7163126162614042
5.989999999999917,1,1.0092409837137617,0.9592340696887371,0.7170717368099822
5.9999999999999165,1,1.005544451910875,0.9595723180026793,0.7178288260246843
6.009999999999916,1,1.0018621233691638,0.9599078711265921,0.7185838893411379
6.019999999999916,1,0.9981943088833654,0.9602407492071058,0.7193369321804259
6.029999999999916,1,0.994541316559026,0.9605709722567649,0.7200879599491261
6.039999999999916,1,0.9909034517924884,0.9608985601547029,0.7208369780393499
6.0499999999999154,1,0.9872810172512279,0.9612235326473152,0.7215839918287807
6.059999999999915,1,0.9836743128545403,0.9615459093489327,0.722329006680713
6.069999999999915,1,0.9800836357545809,0.9618657097424951,0.7230720279440901
6.079999999999915,1,0.9765092803177552,0.9621829531802232,0.7238130609535433
6.089999999999915,1,0.9729515381064622,0.9624976588842918,0.7245521110294294
6.099999999999914,1,0.9694106978611902,0.9628098459475017,0.7252891834778697
6.109999999999914,1,0.9658870454829656,0.9631195333339507,0.7260242835907873
6.119999999999914,1,0.9623808640161555,0.9634267398797048,0.7267574166459454
6.129999999999914,1,0.9588924336316239,0.9637314842934689,0.7274885879069852
6.1399999999999135,1,0.9554220316102415,0.9640337851572556,0.7282178026234636
6.149999999999913,1,0.9519699323267508,0.964333660927055,0.7289450660308907
6.159999999999913,1,0.9485364072339839,0.9646311299335024,0.7296703833507677
6.169999999999913,1,0.9451217248474371,0.9649262103825458,0.7303937597906242
6.179999999999913,1,0.9417261507301983,0.9652189203561121,0.7311152005440553
6.1899999999999125,1,0.9383499474782302,0.9655092778127733,0.7318347107907595
6.199999999999912,1,0.9349933747060084,0.9657973005884103,0.732552295696575
6.209999999999912,1,0.931656689032514,0.966083006396877,0.7332679604135176
6.219999999999912,1,0.9283401440675808,0.9663664128306629,0.7339817100798173
6.229999999999912,1,0.9250439903985985,0.9666475373615541,0.734693549819955
6.239999999999911,1,0.9217684755775694,0.9669263973412938,0.7354034847446996
6.249999999999911,1,0.9185138441085199,0.9672030100022415,0.7361115199511445
6.259999999999911,1,0.9152803374352674,0.9674773924580307,0.7368176605227442
6.269999999999911,1,0.9120681939295402,0.9677495617042253,0.7375219115293506
6.2799999999999105,1,0.908877648879452,0.9680195346189755,0.73822427802725
6.28999999999991,1,0.9057089344783301,0.968287327963671,0.7389247650591986
6.29999999999991,1,0.9025622798138975,0.9685529583835939,0.7396233776544591
6.30999999999991,1,0.8994379108578069,0.9688164424085698,0.7403201208288368
6.31999999999991,1,0.8963360504555289,0.9690777964536172,0.7410149995847156
6.3299999999999095,1,0.8932569183165915,0.9693370368195963,0.7417080189110937
6.339999999999909,1,0.8902007310051723,0.9695941796938546,0.7423991837836197
6.349999999999909,1,0.8871677019310413,0.9698492411508729,0.743088499164628
6.359999999999909,1,0.8841580413408558,0.9701022371529081,0.7437759700031747
6.369999999999909,1,0.8811719563098045,0.9703531835506355,0.744461601235073
6.379999999999908,1,0.8782096507336022,0.9706020960837886,0.7451453977829283
6.389999999999908,1,0.8752713253208338,0.9708489903817976,0.7458273645561744
6.399999999999908,1,0.8723571775856466,0.9710938819644265,0.7465075064511076
6.409999999999908,1,0.8694674018407906,0.9713367862424076,0.747185828350923
6.419999999999908,1,0.8666021891910068,0.9715777185180751,0.7478623351257484
6.429999999999907,1,0.8637617275267607,0.9718166939859962,0.7485370316326803
6.439999999999907,1,0.8609462015183227,0.9720537277336012,0.749209922715818
6.449999999999907,1,0.8581557926101931,0.9722888347418105,0.749881013206299
6.459999999999907,1,0.8553906790158718,0.9725220298856609,0.750550307922333
6.4699999999999065,1,0.8526510357129701,0.9727533279349295,0.7512178116692371
6.479999999999906,1,0.8499370344386662,0.9729827435547556,0.7518835292394697
6.489999999999906,1,0.8472488436855018,0.9732102913062604,0.7525474654126655
6.499999999999906,1,0.8445866286975191,0.9734359856471658,0.7532096249556695
6.509999999999906,1,0.8419505514667376,0.97365984093241,0.7538700126225711
6.519999999999905,1,0.8393407707299696,0.9738818714147613,0.7545286331547387
6.529999999999905,1,0.8367574419659731,0.9741020912454307,0.755185491280853
6.539999999999905,1,0.8342007173929414,0.9743205144746812,0.7558405917169416
6.549999999999905,1,0.8316707459663278,0.974537155052436,0.7564939391664126
6.559999999999905,1,0.8291676733770049,0.9747520268288843,0.7571455383200882
6.569999999999904,1,0.8266916420497572,0.9749651435550847,0.7577953938562388
6.579999999999904,1,0.8242427911421052,0.9751765188835667,0.7584435104406162
6.589999999999904,1,0.8218212565434606,0.9753861663689303,0.7590898927264871
6.599999999999904,1,0.8194271708746108,0.9755940994684426,0.7597345453546668
6.6099999999999035,1,0.8170606634875321,0.9758003315426333,0.7603774729535523
6.619999999999903,1,0.8147218604655294,0.9760048758558875,0.7610186801391555
6.629999999999903,1,0.8124108846237016,0.9762077455770356,0.7616581715151365
6.639999999999903,1,0.8101278555097315,0.9764089537799423,0.7622959516728365
6.649999999999903,1,0.807872889404999,0.9766085134440923,0.7629320251913108
6.659999999999902,1,0.8056460993260146,0.9768064374551741,0.7635663966373616
6.669999999999902,1,0.8034475950261746,0.977002738605662,0.764199070565571
6.679999999999902,1,0.8012774829978335,0.9771974295953945,0.7648300515183336
6.689999999999902,1,0.7991358664746948,0.9773905230321519,0.765459344025889
6.699999999999902,1,0.7970228454345164,0.9775820314322309,0.7660869526063543
6.709999999999901,1,0.7949385166021311,0.9777719672210164,0.7667128817657567
6.719999999999901,1,0.7928829734527789,0.9779603427335524,0.7673371359980659
6.729999999999901,1,0.7908563062157508,0.9781471702151084,0.767959719785226
6.739999999999901,1,0.7888586018783417,0.978332461821746,0.7685806375971882
6.7499999999999005,1,0.7868899441901114,0.9785162296208808,0.7691998938919423
6.7599999999999,1,0.7849504136674513,0.9786984855918435,0.7698174931155494
6.7699999999999,1,0.7830400875984561,0.9788792416264378,0.7704334397021729
6.7799999999999,1,0.7811590400480972,0.9790585095294965,0.7710477380741114
6.7899999999999,1,0.7793073418636987,0.9792363010194345,0.7716603926418295
6.7999999999998995,1,0.7774850606807108,0.9794126277288003,0.7722714078039902
6.809999999999899,1,0.7756922609287825,0.9795875012048242,0.7728807879474858
6.819999999999899,1,0.7739290038381288,0.9797609329099642,0.7734885374474701
6.829999999999899,1,0.7721953474461919,0.9799329342224508,0.7740946606673893
6.839999999999899,1,0.7704913466045952,0.9801035164368269,0.7746991619590133
6.849999999999898,1,0.7688170529863864,0.980272690764488,0.7753020456624675
6.859999999999898,1,0.7671725150935699,0.9804404683342176,0.7759033161062633
6.869999999999898,1,0.765557778264925,0.980606860192722,0.7765029776073296
6.879999999999898,1,0.7639728846841087,0.9807718773051615,0.7771010344710435
6.8899999999998975,1,0.7624178733880413,0.9809355305556793,0.7776974909912616
6.899999999999897,1,0.760892780275572,0.9810978307479286,0.7782923514503504
6.909999999999897,1,0.7593976381164235,0.9812587886055963,0.7788856201192171
6.919999999999897,1,0.7579324765604134,0.9814184147729255,0.7794773012573408
6.929999999999897,1,0.7564973221469496,0.9815767198152335,0.7800673991128024
6.9399999999998965,1,0.7550921983147987,0.9817337142194301,0.7806559179223154
6.949999999999896,1,0.7537171254121241,0.9818894083945306,0.7812428619112562
6.959999999999896,1,0.7523721207067936,0.9820438126721686,0.7818282352936949
6.969999999999896,1,0.7510571983969524,0.9821969373071047,0.7824120422724248
6.979999999999896,1,0.7497723696218603,0.9823487924777338,0.7829942870389929
6.989999999999895,1,0.7485176424729915,0.9824993882865894,0.7835749737737303
6.999999999999895,1,0.7472930220053935,0.9826487347608458,0.784154106645782
7.009999999999895,1,0.7460985102493044,0.982796841852817,0.7847316898131366
7.019999999999895,1,0.744934106222025,0.9829437194404542,0.7853077274226563
7.0299999999998946,1,0.7437998059400449,0.9830893773278401,0.7858822236101071
7.039999999999894,1,0.7426956024314191,0.9832338252456808,0.7864551825001875
7.049999999999894,1,0.7416214857483935,0.9833770728517959,0.7870266082065592
7.059999999999894,1,0.7405774429802777,0.9835191297316048,0.787596504831876
7.069999999999894,1,0.739563458266561,0.983660005398612,0.7881648764678135
7.0799999999998935,1,0.7385795128102712,0.9837997092948886,0.7887317271950982
7.089999999999893,1,0.7376255848915729,0.9839382507915526,0.789297061083537
7.099999999999893,1,0.7367016498816034,0.9840756391892456,0.7898608821920466
7.109999999999893,1,0.735807680256543,0.9842118837186075,0.7904231945686824
7.119999999999893,1,0.7349436456119193,0.9843469935407492,0.7909840022506673
7.129999999999892,1,0.7341095126771404,0.9844809777477218,0.7915433092644214
7.139999999999892,1,0.7333052453302575,0.9846138453629844,0.7921011196255902
7.149999999999892,1,0.7325308046129522,0.9847456053418684,0.7926574373390739
7.159999999999892,1,0.731786148745747,0.9848762665720405,0.793212266399056
7.169999999999892,1,0.7310712331434377,0.9850058378739622,0.7937656107890317
7.179999999999891,1,0.730386010430743,0.9851343280013474,0.7943174744818371
7.189999999999891,1,0.7297304304581705,0.9852617456416172,0.7948678614396771
7.199999999999891,1,0.7291044403180965,0.9853880994163529,0.7954167756141545
7.209999999999891,1,0.7285079843610566,0.9855133978817459,0.7959642209462975
7.2199999999998905,1,0.7279410042122446,0.9856376495290454,0.7965102013665888
7.22999999999989,1,0.7274034387882186,0.9857608627850037,0.7970547207949935
7.23999999999989,1,0.726895224313809,0.985883046012319,0.7975977831409873
7.24999999999989,1,0.7264162943392297,0.9860042075100758,0.7981393923035842
7.25999999999989,1,0.725966579757386,0.9861243555141826,0.7986795521713653
7.269999999999889,1,0.7255460088213799,0.9862434981978083,0.799218266622506
7.279999999999889,1,0.7251545071622084,0.9863616436718143,0.7997555395248038
7.289999999999889,1,0.7247919978066529,0.986478799985186,0.8002913747357069
7.299999999999889,1,0.7244584011953573,0.9865949751254606,0.8008257761023408
7.309999999999889,1,0.7241536352010917,0.9867101770191535,0.801358747461537
7.319999999999888,1,0.7238776151471995,0.9868244135321818,0.8018902926398597
7.329999999999888,1,0.723630253826226,0.9869376924702848,0.8024204154536334
7.339999999999888,1,0.723411461518724,0.9870500215794438,0.802949119708971
7.349999999999888,1,0.723221146012236,0.9871614085462976,0.8034764092018001
7.3599999999998875,1,0.7230592126204487,0.9872718609985572,0.8040022877178911
7.369999999999887,1,0.7229255642025189,0.9873813865054171,0.8045267590328838
7.379999999999887,1,0.7228201011825661,0.9874899925779644,0.8050498269123152
7.389999999999887,1,0.7227427215693312,0.9875976866695866,0.8055714951116455
7.399999999999887,1,0.7226933209759969,0.9877044761763751,0.806091767376286
7.4099999999998865,1,0.722671792640169,0.9878103684375283,0.8066106474416255
7.419999999999886,1,0.7226780274440143,0.9879153707357513,0.8071281390330574
7.429999999999886,1,0.7227119139345535,0.9880194902976533,0.8076442458660061
7.439999999999886,1,0.7227733383441061,0.9881227342941434,0.8081589716459542
7.449999999999886,1,0.7228621846108846,0.9882251098408229,0.8086723200684685
7.459999999999885,1,0.7229783343997357,0.9883266239983763,0.8091842948192267
7.469999999999885,1,0.723121667123025,0.9884272837729601,0.8096948995740445
7.479999999999885,1,0.7232920599616638,0.9885270961165881,0.810204137998901
7.489999999999885,1,0.7234893878862745,0.9886260679275157,0.8107120137499657
7.4999999999998845,1,0.7237135236784914,0.9887242060506215,0.8112185304736246
7.509999999999884,1,0.7239643379523962,0.9888215172777861,0.811723691806506
7.519999999999884,1,0.7242416991760829,0.9889180083482695,0.8122275013755074
7.529999999999884,1,0.7245454736933519,0.9890136859490856,0.8127299627978205
7.539999999999884,1,0.7248755257455285,0.9891085567153748,0.8132310796809583
7.5499999999998835,1,0.7252317174934052,0.9892026272307743,0.8137308556227801
7.559999999999883,1,0.7256139090393032,0.989295904027786,0.8142292942115178
7.569999999999883,1,0.7260219584492515,0.9893883935881422,0.8147263990258015
7.579999999999883,1,0.726455721775281,0.9894801023431696,0.8152221736346852
7.589999999999883,1,0.7269150530778298,0.98957103667415,0.8157166215976724
7.599999999999882,1,0.7273998044482589,0.9896612029126801,0.816209746464742
7.609999999999882,1,0.7279098260314739,0.989750607341028,0.8167015517763732
7.619999999999882,1,0.7284449660486503,0.9898392561924884,0.8171920410635712
7.629999999999882,1,0.7290050708200608,0.9899271556517347,0.8176812178478928
7.6399999999998816,1,0.7295899847880011,0.9900143118551702,0.8181690856414713
7.649999999999881,1,0.7301995505398108,0.9901007308912755,0.8186556479470418
7.659999999999881,1,0.7308336088309887,0.9901864188009551,0.8191409082579667
7.669999999999881,1,0.7314919986083976,0.9902713815778816,0.8196248700582601
7.679999999999881,1,0.7321745570335576,0.9903556251688371,0.8201075368226135
7.6899999999998805,1,0.7328811195060244,0.9904391554740531,0.8205889120164204
7.69999999999988,1,0.73361151968685,0.9905219783475482,0.8210689990958011
7.70999999999988,1,0.7343655895221236,0.9906040995974634,0.8215478015076279
7.71999999999988,1,0.735143159266589,0.9906855249863958,0.8220253226895492
7.72999999999988,1,0.7359440575073375,0.9907662602317295,0.8225015660700151
7.739999999999879,1,0.7367681111875716,0.9908463110059652,0.8229765350683012
7.749999999999879,1,0.7376151456304387,0.990925682937047,0.8234502330945332
7.759999999999879,1,0.738484984562931,0.9910043816086878,0.8239226635497122
7.769999999999879,1,0.7393774501398491,0.9910824125606922,0.8243938298257382
7.779999999999879,1,0.7402923629678273,0.9911597812892773,0.8248637353054347
7.789999999999878,1,0.7412295421294172,0.9912364932473919,0.8253323833625733
7.799999999999878,1,0.7421888052072271,0.9913125538450333,0.8257997773618977
7.809999999999878,1,0.7431699683081153,0.9913879684495619,0.8262659206591477
7.819999999999878,1,0.7441728460874336,0.9914627423860145,0.8267308166010836
7.8299999999998775,1,0.7451972517733187,0.9915368809374151,0.82719446852551
7.839999999999877,1,0.74624299719103,0.9916103893450833,0.8276568797613001
7.849999999999877,1,0.7473098927873291,0.9916832728089418,0.828118053628419
7.859999999999877,1,0.7483977476549002,0.9917555364878208,0.828577993437948
7.869999999999877,1,0.7495063695568084,0.9918271854997612,0.8290367024921084
7.879999999999876,1,0.750635564950992,0.9918982249223156,0.8294941840842849
7.889999999999876,1,0.7517851390147888,0.9919686597928471,0.8299504414990495
7.899999999999876,1,0.7529548956694908,0.9920384951088265,0.8304054780121851
7.909999999999876,1,0.7541446376049271,0.9921077358281274,0.8308592968907087
7.919999999999876,1,0.7553541663040715,0.9921763868693195,0.8313119013928951
7.929999999999875,1,0.756583282067672,0.99224445311196,0.8317632947683006
7.939999999999875,1,0.7578317840389002,0.9923119393968824,0.8322134802577854
7.949999999999875,1,0.7590994702280176,0.992378850526485,0.832662461093538
7.959999999999875,1,0.7603861375370571,0.9924451912650156,0.8331102404990978
7.9699999999998745,1,0.7616915817845155,0.9925109663388557,0.833556821689378
7.979999999999874,1,0.7630155977300566,0.9925761804368024,0.8340022078706891
7.989999999999874,1,0.7643579790992208,0.992640838210348,0.834446402240762
7.999999999999874,1,0.7657185186081396,0.9927049442739586,0.8348894079887709
8.009999999999874,1,0.7670970079882516,0.9927685032053503,0.8353312282953556
8.019999999999873,1,0.7684932380110191,0.9928315195457633,0.835771866332645
8.029999999999873,1,0.7699069985126403,0.9928939978002354,0.8362113252642799
8.039999999999873,1,0.7713380784187581,0.9929559424378718,0.8366496082454353
8.049999999999873,1,0.7727862657691595,0.993017357892115,0.8370867184228433
8.059999999999873,1,0.7742513477424657,0.9930782485610115,0.8375226589348157
8.069999999999872,1,0.7757331106808094,0.9931386188074774,0.8379574329112663
8.079999999999872,1,0.7772313401144967,0.9931984729595624,0.8383910434737337
8.089999999999872,1,0.7787458207866521,0.9932578153107111,0.8388234937354035
8.099999999999872,1,0.7802763366778437,0.9933166501200237,0.8392547868011309
8.109999999999872,1,0.7818226710306853,0.9933749816125139,0.8396849257674623
8.119999999999871,1,0.7833846063744152,0.993432813979366,0.8401139137226588
8.129999999999871,1,0.7849619245494472,0.9934901513781896,0.8405417537467168
8.139999999999871,1,0.7865544067318927,0.993546997933273,0.8409684489113914
8.14999999999987,1,0.7881618334580507,0.993603357735834,0.841394002280218
8.15999999999987,1,0.789783984648865,0.9936592348442707,0.841818416908534
8.16999999999987,1,0.791420639634344,0.9937146332844087,0.8422416958435012
8.17999999999987,1,0.7930715771779422,0.9937695570497481,0.8426638421241274
8.18999999999987,1,0.794736575500902,0.993824010101708,0.8430848587812884
8.19999999999987,1,0.796415412306551,0.9938779963698692,0.8435047488377495
8.20999999999987,1,0.7981078648045545,0.993931519752216,0.8439235153081875
8.21999999999987,1,0.7998137097351211,0.9939845841153762,0.8443411611992122
8.229999999999869,1,0.8015327233931574,0.9940371932948582,0.844757689509388
8.239999999999869,1,0.8032646816523717,0.9940893510952885,0.8451731032292553
8.249999999999869,1,0.805009359989323,0.994141061290646,0.8455874053413523
8.259999999999868,1,0.8067665335074136,0.9941923276244953,0.846000598820236
8.269999999999868,1,0.8085359769608234,0.9942431538102181,0.846412686632504
8.279999999999868,1,0.8103174647783835,0.9942935435312439,0.8468236717368154
8.289999999999868,1,0.8121107710873868,0.9943435004412775,0.8472335570839121
8.299999999999867,1,0.8139156697373335,0.9943930281645266,0.8476423456166404
8.309999999999867,1,0.8157319343236101,0.9944421302959265,0.8480500402699717
8.319999999999867,1,0.8175593382110987,0.9944908104013644,0.8484566439710235
8.329999999999867,1,0.8193976545577152,0.9945390720179011,0.848862159639081
8.339999999999867,1,0.8212466563378741,0.9945869186539916,0.8492665901856172
8.349999999999866,1,0.8231061163658785,0.9946343537897043,0.8496699385143147
8.359999999999866,1,0.8249758073192319,0.9946813808769388,0.8500722075210858
8.369999999999866,1,0.8268555017618711,0.9947280033396415,0.8504734000940938
8.379999999999866,1,0.8287449721673172,0.9947742245740203,0.8508735191137735
8.389999999999866,1,0.8306439909417445,0.9948200479487577,0.851272567452852
8.399999999999865,1,0.8325523304469618,0.9948654768052221,0.851670547976369
8.409999999999865,1,0.8344697630233087,0.9949105144576781,0.8520674635416979
8.419999999999865,1,0.8363960610124611,0.9949551641934948,0.852463316998566
8.429999999999865,1,0.8383309967801463,0.9949994292733533,0.852858111189075
8.439999999999864,1,0.8402743427387644,0.9950433129314517,0.8532518489477211
8.449999999999864,1,0.8422258713699156,0.9950868183757098,0.8536445331014161
8.459999999999864,1,0.8441853552468295,0.9951299487879719,0.854036166469507
8.469999999999864,1,0.8461525670566972,0.9951727073242076,0.8544267518637966
8.479999999999864,1,0.8481272796229012,0.9952150971147122,0.8548162920885635
8.489999999999863,1,0.8501092659271446,0.995257121264305,0.8552047899405822
8.499999999999863,1,0.852098299131475,0.9952987828525262,0.8555922482091438
8.509999999999863,1,0.8540941526002024,0.9953400849338325,0.8559786696760749
8.519999999999863,1,0.8560965999217108,0.9953810305377921,0.8563640571157586
8.529999999999863,1,0.858105414930159,0.9954216226692768,0.8567484132951537
8.539999999999862,1,0.8601203717270706,0.9954618643086536,0.8571317409738153
8.549999999999862,1,0.8621412447028111,0.9955017584119753,0.8575140429039138
8.559999999999862,1,0.8641678085579511,0.9955413079111688,0.8578953218302552
8.569999999999862,1,0.8661998383245122,0.995580515714223,0.8582755804903007
8.579999999999862,1,0.8682371093870958,0.9956193847053745,0.8586548216141863
8.589999999999861,1,0.8702793975038917,0.9956579177452926,0.8590330479247423
8.599999999999861,1,0.8723264788275666,0.9956961176712625,0.8594102621375131
8.60999999999986,1,0.8743781299260287,0.9957339872973681,0.8597864669607767
8.61999999999986,1,0.8764341278030683,0.9957715294146716,0.8601616650955635
8.62999999999986,1,0.8784942499188731,0.9958087467913944,0.8605358592356767
8.63999999999986,1,0.8805582742104157,0.9958456421730942,0.860909052067711
8.64999999999986,1,0.882625979111711,0.9958822182828426,0.8612812462710718
8.65999999999986,1,0.8846971435739457,0.9959184778214005,0.861652444517995
8.66999999999986,1,0.8867715470854728,0.9959544234673926,0.8620226494735658
8.67999999999986,1,0.8888489696916754,0.9959900578774803,0.8623918637957375
8.68999999999986,1,0.8909291920146934,0.9960253836865338,0.8627600901353515
8.699999999999859,1,0.8930119952730158,0.9960604035078029,0.8631273311361554
8.709999999999859,1,0.8950971613009333,0.9960951199330859,0.8634935894348226
8.719999999999859,1,0.8971844725678537,0.996129535532898,0.8638588676609709
8.729999999999858,1,0.8992737121974755,0.9961636528566383,0.8642231684371815
8.739999999999858,1,0.9013646639868204,0.9961974744327557,0.8645864943790179
8.749999999999858,1,0.9034571124251216,0.996231002768913,0.8649488480950447
8.759999999999858,1,0.9055508427125694,0.9962642403521502,0.8653102321868459
8.769999999999857,1,0.9076456407789091,0.9962971896490473,0.8656706492490441
8.779999999999857,1,0.9097412933018932,0.9963298531058845,0.8660301018693191
8.789999999999857,1,0.9118375877255845,0.9963622331488021,0.8663885926284259
8.799999999999857,1,0.9139343122785101,0.9963943321839596,0.8667461241002141
8.809999999999857,1,0.9160312559916641,0.9964261525976923,0.8671026988516456
8.819999999999856,1,0.9181282087163596,0.9964576967566684,0.8674583194428135
8.829999999999856,1,0.9202249611419256,0.9964889670080437,0.8678129884269603
8.839999999999856,1,0.9223213048132518,0.9965199656796154,0.8681667083504963
8.849999999999856,1,0.9244170321481759,0.9965506950799755,0.8685194817530176
8.859999999999856,1,0.9265119364547162,0.996581157498662,0.8688713111673251
8.869999999999855,1,0.9286058119481451,0.9966113552063101,0.8692221991194417
8.879999999999855,1,0.9306984537679047,0.9966412904548008,0.8695721481286309
8.889999999999855,1,0.9327896579943631,0.9966709654774102,0.8699211607074153
8.899999999999855,1,0.934879221665408,0.9967003824889564,0.8702692393615938
8.909999999999854,1,0.9369669427928813,0.9967295436859459,0.8706163865902604
8.919999999999854,1,0.9390526203788478,0.9967584512467182,0.8709626048858213
8.929999999999854,1,0.9411360544317032,0.9967871073315907,0.8713078967340138
8.939999999999854,1,0.9432170459821146,0.9968155140830008,0.871652264613923
8.949999999999854,1,0.9452953970987976,0.9968436736256486,0.8719957109980007
8.959999999999853,1,0.947370910904125,0.9968715880666372,0.8723382383520824
8.969999999999853,1,0.9494433915895694,0.9968992594956129,0.8726798491354053
8.979999999999853,1,0.9515126444309769,0.9969266899849036,0.873020545800626
8.989999999999853,1,0.9535784758036715,0.9969538815896571,0.8733603307938381
8.999999999999853,1,0.9556406931973894,0.9969808363479774,0.8736992065545894
9.009999999999852,1,0.9576991052310431,0.9970075562810603,0.8740371755158999
9.019999999999852,1,0.959753521667313,0.9970340433933286,0.8743742401042789
9.029999999999852,1,0.9618037534270675,0.9970602996725653,0.8747104027397428
9.039999999999852,1,0.9638496126036091,0.9970863270900464,0.8750456658358321
9.049999999999851,1,0.9658909124767474,0.9971121276006729,0.8753800317996291
9.059999999999851,1,0.9679274675266966,0.9971377031431011,0.8757135030317748
9.069999999999851,1,0.9699590934477986,0.9971630556398726,0.8760460819264864
9.07999999999985,1,0.9719856071620698,0.9971881869975429,0.8763777708715742
9.08999999999985,1,0.9740068268325713,0.9972130991068091,0.8767085722484593
9.09999999999985,1,0.9760225718766017,0.9972377938426371,0.8770384884321901
9.10999999999985,1,0.978032662978712,0.997262273064387,0.8773675217914596
9.11999999999985,1,0.9800369221035432,0.9972865386159382,0.8776956746886224
9.12999999999985,1,0.9820351725084828,0.9973105923258138,0.8780229494797118
9.13999999999985,1,0.9840272387561438,0.9973344360073029,0.8783493485144565
9.14999999999985,1,0.9860129467266626,0.9973580714585831,0.8786748741362974
9.15999999999985,1,0.9879921236298163,0.9973815004628421,0.8789995286824048
9.169999999999849,1,0.9899645980169591,0.9974047247883973,0.8793233144836949
9.179999999999849,1,0.9919301997927776,0.9974277461888151,0.8796462338648465
9.189999999999849,1,0.9938887602268633,0.9974505664030304,0.8799682891443179
9.199999999999848,1,0.9958401119651034,0.9974731871554632,0.8802894826343632
9.209999999999848,1,0.9977840890408878,0.9974956101561353,0.8806098166410494
9.219999999999848,1,0.9997205268861346,0.9975178371007868,0.8809292934642726
9.229999999999848,1,1.0016492623421298,0.9975398696709903,0.8812479153977745
9.239999999999847,1,1.0035701336701854,0.9975617095342654,0.881565684729159
9.249999999999847,1,1.005482980562111,0.9975833583441915,0.8818826037399087
9.259999999999847,1,1.0073876441505027,0.9976048177405206,0.882198674705401
9.269999999999847,1,1.009283967018846,0.9976260893492882,0.8825138998949248
9.279999999999847,1,1.011171793211434,0.9976471747829244,0.8828282815716963
9.289999999999846,1,1.0130509682430995,0.9976680756403634,0.8831418219928759
9.299999999999846,1,1.0149213391087635,0.9976887935071524,0.8834545234095839
9.309999999999846,1,1.0167827542927954,0.99770932995556,0.8837663880669167
9.319999999999846,1,1.0186350637781885,0.9977296865446832,0.8840774182039631
9.329999999999846,1,1.0204781190555492,0.9977498648205537,0.8843876160538205
9.339999999999845,1,1.0223117731318998,0.9977698663162442,0.8846969838436106
9.349999999999845,1,1.0241358805392944,0.9977896925519724,0.8850055237944954
9.359999999999845,1,1.0259502973432493,0.9978093450352055,0.8853132381216934
9.369999999999845,1,1.0277548811509851,0.9978288252607636,0.8856201290344955
9.379999999999844,1,1.0295494911194836,0.9978481347109216,0.8859261987362805
9.389999999999844,1,1.031333987963357,0.9978672748555113,0.8862314494245315
9.399999999999844,1,1.03310823396253,0.9978862471520221,0.886535883290851
9.409999999999844,1,1.0348720929697364,0.9979050530457011,0.8868395025209771
9.419999999999844,1,1.0366254304178268,0.9979236939696524,0.8871423092947992
9.429999999999843,1,1.0383681133268912,0.9979421713449357,0.8874443057863735
9.439999999999843,1,1.0401000103111935,0.9979604865806642,0.8877454941639383
9.449999999999843,1,1.0418209915859202,0.9979786410741014,0.8880458765899304
9.459999999999843,1,1.0435309289737422,0.9979966362107576,0.8883454552209997
9.469999999999843,1,1.0452296959111886,0.9980144733644856,0.8886442322080254
9.479999999999842,1,1.0469171674548365,0.9980321538975749,0.8889422096961309
9.489999999999842,1,1.048593220287312,0.9980496791608467,0.8892393898246997
9.499999999999842,1,1.0502577327231066,0.9980670504937464,0.8895357747273904
9.509999999999842,1,1.0519105847142065,0.9980842692244368,0.8898313665321522
9.519999999999841,1,1.0535516578555368,0.9981013366698896,0.89012616736124
9.529999999999841,1,1.0551808353902195,0.9981182541359772,0.8904201793312296
9.539999999999841,1,1.056798002214646,0.9981350229175624,0.8907134045530335
9.54999999999984,1,1.0584030448833646,0.9981516442985889,0.8910058451319152
9.55999999999984,1,1.0599958516137833,0.9981681195521701,0.8912975031675048
9.56999999999984,1,1.0615763122906865,0.9981844499406775,0.8915883807538141
9.57999999999984,1,1.0631443184705696,0.9982006367158283,0.8918784799792515
9.58999999999984,1,1.0646997633857866,0.9982166811187728,0.8921678029266369
9.59999999999984,1,1.0662425419485169,0.9982325843801806,0.8924563516732169
9.60999999999984,1,1.067772550754546,0.998248347720326,0.8927441282906795
9.61999999999984,1,1.0692896880868648,0.9982639723491734,0.8930311348451692
9.62999999999984,1,1.070793853919085,0.9982794594664616,0.8933173733973013
9.639999999999839,1,1.072284949918674,0.9982948102617872,0.8936028460021777
9.649999999999839,1,1.0737628794500047,0.9983100259146881,0.8938875547094004
9.659999999999838,1,1.075227547577227,0.9983251075947256,0.8941715015630874
9.669999999999838,1,1.0766788610669562,0.9983400564615662,0.8944546886018866
9.679999999999838,1,1.0781167283907815,0.9983548736650627,0.8947371178589906
9.689999999999838,1,1.0795410597275943,0.9983695603453349,0.8950187913621515
9.699999999999838,1,1.080951766965737,0.998384117632849,0.8952997111336951
9.709999999999837,1,1.0823487637049714,0.9983985466484973,0.895579879190536
9.719999999999837,1,1.0837319652582704,0.9984128485036766,0.8958592975441917
9.729999999999837,1,1.0851012886534301,0.9984270243003662,0.8961379682007966
9.739999999999837,1,1.086456652634505,0.9984410751312052,0.8964158931611174
9.749999999999837,1,1.0877979776630655,0.9984550020795693,0.8966930744205666
9.759999999999836,1,1.0891251859192803,0.9984688062196471,0.8969695139692173
9.769999999999836,1,1.090438201302821,0.9984824886165156,0.8972452137918174
9.779999999999836,1,1.0917369494335938,0.998496050326215,0.8975201758678039
9.789999999999836,1,1.093021357652294,0.9985094923958234,0.8977944021713166
9.799999999999836,1,1.0942913550207896,0.9985228158635304,0.8980678946712131
9.809999999999835,1,1.0955468723223283,0.9985360217587103,0.8983406553310823
9.819999999999835,1,1.096787842061575,0.9985491111019946,0.8986126861092589
9.829999999999835,1,1.098014198464475,0.9985620849053447,0.8988839889588371
9.839999999999835,1,1.0992258774779464,0.9985749441721227,0.899154565827685
9.849999999999834,1,1.1004228167694041,0.9985876898971624,0.8994244186584582
9.859999999999834,1,1.1016049557261105,0.9986003230668401,0.899693549388614
9.869999999999834,1,1.1027722354543599,0.9986128446591441,0.8999619599504253
9.879999999999834,1,1.1039245987784936,0.9986252556437442,0.9002296522709943
9.889999999999834,1,1.1050619902397476,0.9986375569820599,0.9004966282722666
9.899999999999833,1,1.1061843560949332,0.9986497496273293,0.9007628898710448
9.909999999999833,1,1.1072916443149516,0.9986618345246762,0.9010284389790023
9.919999999999833,1,1.108383804583145,0.9986738126111773,0.9012932775026972
9.929999999999833,1,1.1094607882934806,0.998685684815929,0.9015574073435855
9.939999999999833,1,1.1105225485485737,0.9986974520601132,0.9018208303980353
9.949999999999832,1,1.1115690401575467,0.9987091152570627,0.9020835485573402
9.959999999999832,1,1.1126002196337264,0.9987206753123268,0.9023455637077328
9.969999999999832,1,1.1136160451921813,0.9987321331237349,0.9026068777303984
9.979999999999832,1,1.1146164767470979,0.9987434895814612,0.9028674925014883
9.989999999999831,1,1.1156014759089987,0.9987547455680877,0.9031274098921338
9.999999999999831,1,1.1165710059818017,0.9987659019586675,0.9033866317684586
10.009999999999831,1,1.117525031959722,0.998776959620787,0.9036451599915932
10.01999999999983,1,1.1184635205240185,0.9987879194146279,0.903902996417688
10.02999999999983,1,1.1193864400395834,0.9987987821930285,0.9041601428979262
10.03999999999983,1,1.1202937605513794,0.9988095488015454,0.9044166012785377
10.04999999999983,1,1.1211854537807213,0.9988202200785129,0.9046723734008119
10.05999999999983,1,1.1220614931214072,0.9988307968551039,0.904927461101111
10.06999999999983,1,1.1229218536356964,0.9988412799553887,0.9051818662108835
10.07999999999983,1,1.1237665120501377,0.9988516701963949,0.9054355905566769
10.08999999999983,1,1.124595446751249,0.998861968388165,0.9056886359601511
10.09999999999983,1,1.1254086377810464,0.9988721753338152,0.9059410042380917
10.109999999999829,1,1.1262060668324287,0.9988822918295929,0.9061926972024222
10.119999999999829,1,1.1269877172444134,0.9988923186649337,0.9064437166602182
10.129999999999828,1,1.1277535739972273,0.9989022566225182,0.906694064413719
10.139999999999828,1,1.1285036237072554,0.9989121064783285,0.9069437422603419
10.149999999999828,1,1.1292378546218438,0.9989218690017037,0.9071927519926942
10.159999999999828,1,1.1299562566139623,0.9989315449553952,0.9074410953985865
10.169999999999828,1,1.130658821176725,0.998941135095622,0.9076887742610453
10.179999999999827,1,1.1313455414177727,0.998950640172125,0.9079357903583258
10.189999999999827,1,1.1320164120535146,0.998960060928221,0.9081821454639248
10.199999999999827,1,1.1326714294032336,0.9989693981008563,0.9084278413465936
10.209999999999827,1,1.1333105913830555,0.9989786524206601,0.9086728797703502
10.219999999999827,1,1.1339338974997812,0.9989878246119969,0.9089172624944923
10.229999999999826,1,1.1345413488445872,0.998996915393019,0.9091609912736103
10.239999999999826,1,1.135132948086591,0.9990059254757188,0.9094040678575989
10.249999999999826,1,1.135708699466286,0.9990148555659792,0.9096464939916704
10.259999999999826,1,1.1362686087888452,0.9990237063636263,0.9098882714163674
10.269999999999825,1,1.1368126834172954,0.9990324785624782,0.9101294018675746
10.279999999999825,1,1.137340932265564,0.9990411728503971,0.9103698870765319
10.289999999999825,1,1.1378533657913978,0.9990497899093375,0.9106097287698464
10.299999999999825,1,1.138349995989156,0.9990583304153968,0.910848928669505
10.309999999999825,1,1.1388308363824797,0.9990667950388641,0.9110874884928867
10.319999999999824,1,1.1392959020168372,0.9990751844442683,0.911325409952775
10.329999999999824,1,1.1397452094519467,0.9990834992904272,0.9115626947573702
10.339999999999824,1,1.1401787767540794,0.9990917402304945,0.9117993446103015
10.349999999999824,1,1.1405966234882423,0.999099907912008,0.9120353612106396
10.359999999999824,1,1.1409987707102425,0.9991080029769364,0.9122707462529082
10.369999999999823,1,1.1413852409586343,0.9991160260617258,0.912505501427097
10.379999999999823,1,1.141756058246551,0.9991239777973466,0.9127396284186734
10.389999999999823,1,1.1421112480534217,0.9991318588093391,0.9129731289085945
10.399999999999823,1,1.1424508373165756,0.9991396697178587,0.9132060045733194
10.409999999999823,1,1.1427748544227327,0.9991474111377221,0.9134382570848211
10.419999999999822,1,1.1430833291993858,0.9991550836784513,0.9136698881105987
10.429999999999822,1,1.1433762929060716,0.9991626879443184,0.9139008993136891
10.439999999999822,1,1.143653778225534,0.9991702245343898,0.9141312923526791
10.449999999999822,1,1.143915819254782,0.9991776940425697,0.9143610688817173
10.459999999999821,1,1.14416245149604,0.9991850970576441,0.9145902305505259
10.469999999999821,1,1.1443937118475958,0.999192434163323,0.9148187790044127
10.479999999999821,1,1.1446096385945441,0.999199705938284,0.9150467158842827
10.48999999999982,1,1.1448102713994308,0.9992069129562138,0.91527404282665
10.49999999999982,1,1.144995651292795,0.999214055785851,0.9155007614636498
10.50999999999982,1,1.1451658206636135,0.9992211349910274,0.9157268734230495
10.51999999999982,1,1.1453208232496472,0.9992281511307092,0.9159523803282609
10.52999999999982,1,1.1454607041276923,0.9992351047590383,0.9161772837983517
10.53999999999982,1,1.1455855097037355,0.9992419964253729,0.9164015854480572
10.54999999999982,1,1.145695287703017,0.9992488266743276,0.9166252868877917
10.55999999999982,1,1.1457900871600015,0.9992555960458137,0.9168483897236601
10.569999999999819,1,1.1458699584082568,0.9992623050750788,0.9170708955574699
10.579999999999819,1,1.1459349530702458,0.9992689542927461,0.9172928059867419
10.589999999999819,1,1.1459851240470291,0.9992755442248533,0.9175141226047223
10.599999999999818,1,1.1460205255078806,0.9992820753928916,0.917734847000394
10.609999999999818,1,1.1460412128798196,0.9992885483138441,0.9179549807584876
10.619999999999818,1,1.1460472428370578,0.9992949635002234,0.9181745254594934
10.629999999999818,1,1.1460386732903645,0.9993013214601101,0.9183934826796725
10.639999999999818,1,1.146015563376351,0.9993076226971895,0.9186118539910677
10.649999999999817,1,1.1459779734466746,0.9993138677107897,0.9188296409615156
10.659999999999817,1,1.145925965057166,0.9993200569959172,0.9190468451546573
10.669999999999817,1,1.1458596009568784,0.9993261910432948,0.9192634681299494
10.679999999999817,1,1.145778945077062,0.9993322703393968,0.919479511442676
10.689999999999817,1,1.1456840625200637,0.9993382953664854,0.9196949766439593
10.699999999999816,1,1.1455750195481564,0.9993442666026465,0.9199098652807706
10.709999999999816,1,1.1454518835722942,0.9993501845218248,0.9201241788959419
10.719999999999816,1,1.1453147231407996,0.9993560495938587,0.9203379190281766
10.729999999999816,1,1.1451636079279828,0.9993618622845157,0.9205510872120609
10.739999999999815,1,1.144998608722692,0.9993676230555265,0.9207636849780743
10.749999999999815,1,1.1448197974168006,0.9993733323646191,0.9209757138526009
10.759999999999815,1,1.1446272469936287,0.999378990665553,0.9211871753579406
10.769999999999815,1,1.1444210315163021,0.9993845984081529,0.9213980710123194
10.779999999999815,1,1.1442012261160508,0.9993901560383416,0.921608402329901
10.789999999999814,1,1.1439679069804465,0.9993956639981737,0.9218181708207973
10.799999999999814,1,1.1437211513415826,0.9994011227258682,0.9220273779910791
10.809999999999814,1,1.1434610374641965,0.999406532655841,0.9222360253427874
10.819999999999814,1,1.1431876446337366,0.9994118942187371,0.9224441143739434
10.829999999999814,1,1.142901053144375,0.999417207841463,0.9226516465785601
10.839999999999813,1,1.1426013442869676,0.9994224739472183,0.9228586234466527
10.849999999999813,1,1.1422886003369617,0.9994276929555268,0.923065046464249
10.859999999999813,1,1.1419629045422552,0.9994328652822684,0.9232709171134006
10.869999999999813,1,1.1416243411110065,0.9994379913397096,0.923476236872193
10.879999999999812,1,1.1412729951993967,0.9994430715365344,0.9236810072147568
10.889999999999812,1,1.140908952899347,0.9994481062778752,0.9238852296112776
10.899999999999812,1,1.140532301226191,0.9994530959653419,0.9240889055280073
10.909999999999812,1,1.1401431281063046,0.999458040997053,0.9242920364272739
10.919999999999812,1,1.139741522364694,0.999462941767665,0.9244946237674926
10.929999999999811,1,1.1393275737125437,0.9994677986684015,0.9246966690031759
10.939999999999811,1,1.1389013727347252,0.9994726120870828,0.9248981735849443
10.949999999999811,1,1.1384630108772702,0.999477382408155,0.9250991389595363
10.95999999999981,1,1.1380125804348051,0.9994821100127184,0.9252995665698194
10.96999999999981,1,1.1375501745379535,0.9994867952785562,0.9254994578547998
10.97999999999981,1,1.137075887140704,0.9994914385801629,0.9256988142496334
10.98999999999981,1,1.136589813007747,0.9994960402887719,0.9258976371856354
10.99999999999981,1,1.1360920477017806,0.9995006007723841,0.9260959280902913
11.00999999999981,1,1.1355826875707882,0.9995051203957946,0.9262936883872664
11.01999999999981,1,1.135061829735288,0.9995095995206208,0.9264909194964167
11.02999999999981,1,1.1345295720755564,0.9995140385053289,0.9266876228337987
11.039999999999809,1,1.1339860132188269,0.9995184377052613,0.9268837998116796
11.049999999999809,1,1.1334312525264647,0.9995227974726628,0.9270794518385476
11.059999999999809,1,1.1328653900811207,0.9995271181567078,0.9272745803191219
11.069999999999808,1,1.1322885266738634,0.9995314001035256,0.9274691866543628
11.079999999999808,1,1.1317007637912917,0.9995356436562272,0.9276632722414818
11.089999999999808,1,1.1311022036026306,0.9995398491549305,0.9278568384739515
11.099999999999808,1,1.1304929489468096,0.9995440169367866,0.9280498867415158
11.109999999999808,1,1.129873103319526,0.9995481473360044,0.9282424184301996
11.119999999999807,1,1.1292427708602937,0.9995522406838762,0.9284344349223193
11.129999999999807,1,1.1286020563394807,0.9995562973088025,0.9286259375964918
11.139999999999807,1,1.1279510651453346,0.999560317536317,0.9288169278276456
11.149999999999807,1,1.1272899032709978,0.9995643016891109,0.9290074069870294
11.159999999999807,1,1.1266186773015154,0.9995682500870573,0.9291973764422231
11.169999999999806,1,1.125937494400835,0.9995721630472352,0.9293868375571467
11.179999999999806,1,1.1252464622987999,0.9995760408839536,0.9295757916920705
11.189999999999806,1,1.1245456892781405,0.9995798839087753,0.9297642402036251
11.199999999999806,1,1.123835284161459,0.9995836924305402,0.9299521844448109
11.209999999999805,1,1.1231153562982141,0.999587466755389,0.9301396257650073
11.219999999999805,1,1.1223860155517058,0.9995912071867857,0.9303265655099835
11.229999999999805,1,1.1216473722860583,0.9995949140255413,0.9305130050219073
11.239999999999805,1,1.1208995373532076,0.9995985875698362,0.9306989456393547
11.249999999999805,1,1.1201426220798907,0.9996022281152425,0.9308843886973204
11.259999999999804,1,1.1193767382546398,0.9996058359547468,0.9310693355272263
11.269999999999804,1,1.1186019981147826,0.9996094113787725,0.9312537874569315
11.279999999999804,1,1.1178185143334494,0.9996129546752011,0.9314377458107425
11.289999999999804,1,1.1170264000065886,0.9996164661293948,0.9316212119094213
11.299999999999804,1,1.1162257686399921,0.9996199460242178,0.9318041870701961
11.309999999999803,1,1.115416734136331,0.9996233946400577,0.9319866726067703
11.319999999999803,1,1.1145994107822041,0.9996268122548467,0.9321686698293318
11.329999999999803,1,1.1137739132351996,0.9996301991440832,0.9323501800445626
11.339999999999803,1,1.1129403565109708,0.9996335555808522,0.9325312045556483
11.349999999999802,1,1.1120988559703293,0.9996368818358462,0.9327117446622872
11.359999999999802,1,1.111249527306353,0.9996401781773858,0.9328918016606997
11.369999999999802,1,1.1103924865315142,0.9996434448714401,0.9330713768436377
11.379999999999802,1,1.1095278499648265,0.999646682181647,0.9332504715003936
11.389999999999802,1,1.1086557342190124,0.999649890369333,0.9334290869168101
11.399999999999801,1,1.1077762561876934,0.9996530696935337,0.933607224375289
11.409999999999801,1,1.1068895330326016,0.9996562204110127,0.9337848851548004
11.419999999999801,1,1.1059956821708183,0.9996593427762815,0.9339620705308921
11.4299999999998,1,1.1050948212620353,0.9996624370416196,0.9341387817756985
11.4399999999998,1,1.1041870681958441,0.9996655034570924,0.9343150201579502
11.4499999999998,1,1.1032725410790536,0.9996685422705712,0.9344907869429825
11.4599999999998,1,1.102351358223035,0.9996715537277521,0.9346660833927449
11.4699999999998,1,1.101423638131099,0.9996745380721742,0.9348409107658101
11.4799999999998,1,1.1004894994859011,0.9996774955452388,0.935015270317383
11.4899999999998,1,1.0995490611368837,0.9996804263862272,0.9351891632993093
11.4999999999998,1,1.098602442087747,0.9996833308323197,0.9353625909600854
11.509999999999799,1,1.0976497614839575,0.9996862091186133,0.9355355545448667
11.519999999999799,1,1.096691138600292,0.9996890614781395,0.9357080552954765
11.529999999999799,1,1.0957266928284168,0.9996918881418826,0.9358800944504152
11.539999999999798,1,1.0947565436645066,0.999694689338797,0.936051673244869
11.549999999999798,1,1.0937808106969011,0.999697465295825,0.9362227929107192
11.559999999999798,1,1.0927996135938032,0.999700216237914,0.9363934546765503
11.569999999999798,1,1.091813072091016,0.9997029423880338,0.9365636597676594
11.579999999999798,1,1.0908213059797243,0.9997056439671934,0.9367334094060649
11.589999999999797,1,1.089824435094318,0.9997083211944585,0.936902704810515
11.599999999999797,1,1.0888225793002608,0.9997109742869679,0.9370715471964967
11.609999999999797,1,1.0878158584820032,0.99971360345995,0.9372399377762446
11.619999999999797,1,1.086804392530942,0.99971620892674,0.9374078777587493
11.629999999999797,1,1.0857883013334284,0.9997187908987955,0.9375753683497665
11.639999999999796,1,1.0847677047588222,0.9997213495857131,0.9377424107518252
11.649999999999796,1,1.0837427226475984,0.9997238851952448,0.9379090061642364
11.659999999999796,1,1.0827134747995009,0.9997263979333132,0.9380751557831024
11.669999999999796,1,1.0816800809617502,0.999728888004028,0.9382408608013243
11.679999999999795,1,1.080642660817302,0.9997313556097015,0.9384061224086113
11.689999999999795,1,1.07960133397316,0.999733800950864,0.9385709417914893
11.699999999999795,1,1.078556219948741,0.9997362242262792,0.9387353201333086
11.709999999999795,1,1.077507438164298,0.99973862563296,0.9388992586142535
11.719999999999795,1,1.0764551079293971,0.9997410053661832,0.93906275841135
11.729999999999794,1,1.075399348431453,0.9997433636195043,0.9392258206984746
11.739999999999794,1,1.0743402787243215,0.9997457005847734,0.9393884466463625
11.749999999999794,1,1.073278017716951,0.999748016452149,0.939550637422616
11.759999999999794,1,1.0722126841620943,0.9997503114101128,0.9397123941917135
11.769999999999794,1,1.07114439664508,0.9997525856454851,0.9398737181150169
11.779999999999793,1,1.070073273572647,0.9997548393434379,0.9400346103507804
11.789999999999793,1,1.0689994331618398,0.9997570726875102,0.9401950720541592
11.799999999999793,1,1.067922993428968,0.9997592858596219,0.940355104377217
11.809999999999793,1,1.06684407217863,0.9997614790400877,0.940514708468935
11.819999999999792,1,1.065762786992801,0.9997636524076311,0.9406738854752197
11.829999999999792,1,1.0646792552199869,0.9997658061393981,0.9408326365389111
11.839999999999792,1,1.0635935939644452,0.9997679404109714,0.9409909627997916
11.849999999999792,1,1.0625059200754732,0.9997700553963831,0.9411488653945929
11.859999999999792,1,1.0614163501367644,0.9997721512681291,0.9413063454570054
11.869999999999791,1,1.0603250004558336,0.9997742281971819,0.9414634041176859
11.879999999999791,1,1.0592319870535116,0.9997762863530038,0.9416200425042655
11.889999999999791,1,1.0581374256535119,0.9997783259035603,0.9417762617413578
11.89999999999979,1,1.0570414316720667,0.9997803470153331,0.9419320629505672
11.90999999999979,1,1.055944120207636,0.9997823498533328,0.9420874472504966
11.91999999999979,1,1.05484560603069,0.9997843345811116,0.9422424157567559
11.92999999999979,1,1.053746003573564,0.9997863013607764,0.9423969695819696
11.93999999999979,1,1.0526454269203873,0.9997882503530011,0.9425511098357847
11.94999999999979,1,1.0515439897970889,0.999790181717039,0.9427048376248793
11.95999999999979,1,1.050441805561477,0.9997920956107355,0.9428581540529698
11.96999999999979,1,1.0493389871933956,0.9997939921905397,0.9430110602208194
11.979999999999789,1,1.0482356472849579,0.9997958716115173,0.9431635572262455
11.989999999999789,1,1.047131898030858,0.9997977340273622,0.943315646164128
11.999999999999789,1,1.0460278512187593,0.9997995795904087,0.9434673281264172
12.009999999999788,1,1.0449236182197648,0.999801408451643,0.943618604202141
12.019999999999788,1,1.0438193099789632,0.9998032207607154,0.9437694754774136
12.029999999999788,1,1.0427150370060592,0.9998050166659513,0.9439199430354426
12.039999999999788,1,1.0416109093660813,0.9998067963143636,0.9440700079565371
12.049999999999788,1,1.040507036670173,0.9998085598516634,0.9442196713181154
12.059999999999787,1,1.0394035280664662,0.9998103074222716,0.9443689341947127
12.069999999999787,1,1.0383004922310357,0.9998120391693304,0.9445177976579889
12.079999999999787,1,1.0371980373589385,0.9998137552347138,0.9446662627767363
12.089999999999787,1,1.0360962711553356,0.9998154557590395,0.944814330616887
12.099999999999786,1,1.0349953008266997,0.9998171408816793,0.944962002241521
12.109999999999786,1,1.0338952330721054,0.99981881074077,0.9451092787108735
12.119999999999786,1,1.0327961740746079,0.9998204654732243,0.9452561610823424
12.129999999999786,1,1.0316982294927048,0.9998221052147418,0.9454026504104966
12.139999999999786,1,1.030601504451886,0.9998237300998187,0.9455487477470828
12.149999999999785,1,1.0295061035362691,0.9998253402617594,0.945694454141033
12.159999999999785,1,1.0284121307803247,0.9998269358326861,0.9458397706384729
12.169999999999785,1,1.0273196896606867,0.9998285169435494,0.9459846982827286
12.179999999999785,1,1.0262288830880528,0.9998300837241385,0.9461292381143344
12.189999999999785,1,1.0251398133991736,0.9998316363030916,0.94627339117104
12.199999999999784,1,1.0240525823489297,0.9998331748079056,0.9464171584878187
12.209999999999784,1,1.0229672911025003,0.9998346993649461,0.9465605410968739
12.219999999999784,1,1.0218840402276208,0.9998362100994576,0.9467035400276471
12.229999999999784,1,1.0208029296869312,0.999837707135573,0.946846156306825
12.239999999999783,1,1.0197240588304155,0.9998391905963234,0.946988390958347
12.249999999999783,1,1.0186475263879324,0.999840660603648,0.9471302450034125
12.259999999999783,1,1.0175734304618371,0.999842117278403,0.9472717194604884
12.269999999999783,1,1.0165018685196967,0.9998435607403717,0.9474128153453162
12.279999999999783,1,1.0154329373870963,0.9998449911082739,0.9475535336709194
12.289999999999782,1,1.0143667332405388,0.9998464084997745,0.9476938754476107
12.299999999999782,1,1.0133033516004382,0.9998478130314936,0.9478338416829994
12.309999999999782,1,1.012242887324205,0.9998492048190152,0.9479734333819985
12.319999999999782,1,1.0111854345994273,0.9998505839768962,0.9481126515468317
12.329999999999782,1,1.0101310869371434,0.9998519506186756,0.9482514971770412
12.339999999999781,1,1.0090799371652115,0.9998533048568833,0.9483899712694942
12.349999999999781,1,1.0080320774217724,0.999854646803049,0.9485280748183907
12.359999999999781,1,1.0069875991488073,0.9998559765677111,0.9486658088152703
12.36999999999978,1,1.0059465930857914,0.999857294260425,0.9488031742490189
12.37999999999978,1,1.0049091492634419,0.9998585999897722,0.9489401721058768
12.38999999999978,1,1.0038753569975634,0.9998598938633683,0.9490768033694448
12.39999999999978,1,1.0028453048829873,0.9998611759878719,0.9492130690206918
12.40999999999978,1,1.0018190807876084,0.999862446468993,0.9493489700379618
12.41999999999978,1,1.0007967718465178,0.9998637054115008,0.9494845073969808
12.42999999999978,1,0.9997784644562326,0.9998649529192327,0.9496196820708637
12.43999999999978,1,0.9987642442690211,0.9998661890951018,0.9497544950301217
12.449999999999779,1,0.9977541961873265,0.9998674140411056,0.9498889472426688
12.459999999999779,1,0.9967484043582867,0.9998686278583333,0.9500230396738292
12.469999999999779,1,0.9957469521683517,0.9998698306469747,0.9501567732863436
12.479999999999778,1,0.9947499222379985,0.9998710225063272,0.9502901490403769
12.489999999999778,1,0.9937573964165431,0.9998722035348043,0.9504231678935244
12.499999999999778,1,0.9927694557770508,0.9998733738299431,0.9505558308008192
12.509999999999778,1,0.9917861806113436,0.9998745334884119,0.9506881387147385
12.519999999999778,1,0.9908076504251062,0.9998756826060179,0.950820092585211
12.529999999999777,1,0.9898339439330895,0.9998768212777148,0.9509516933596236
12.539999999999777,1,0.9888651390544123,0.9998779495976104,0.9510829419828277
12.549999999999777,1,0.987901312907961,0.999879067658974,0.9512138393971467
12.559999999999777,1,0.9869425418078882,0.9998801755542435,0.9513443865423822
12.569999999999776,1,0.9859889012592088,0.9998812733750329,0.9514745843558212
12.579999999999776,1,0.9850404659534945,0.9998823612121396,0.9516044337722425
12.589999999999776,1,0.9840973097646674,0.9998834391555517,0.9517339357239235
12.599999999999776,1,0.9831595057448911,0.9998845072944548,0.9518630911406469
12.609999999999776,1,0.9822271261205608,0.9998855657172392,0.9519919009497075
12.619999999999775,1,0.9813002422883916,0.999886614511507,0.9521203660759187
12.629999999999775,1,0.980378924811605,0.9998876537640787,0.9522484874416189
12.639999999999775,1,0.9794632434162145,0.9998886835610007,0.952376265966679
12.649999999999775,1,0.9785532669874087,0.9998897039875514,0.9525037025685079
12.659999999999775,1,0.9776490635660335,0.9998907151282485,0.9526307981620599
12.669999999999774,1,0.976750700345172,0.9998917170668553,0.9527575536598407
12.679999999999774,1,0.975858243666823,0.9998927098863879,0.9528839699719145
12.689999999999774,1,0.9749717590186782,0.999893693669121,0.95301004800591
12.699999999999774,1,0.9740913110309959,0.9998946684965949,0.9531357886670275
12.709999999999773,1,0.9732169634735748,0.9998956344496223,0.9532611928580447
12.719999999999773,1,0.9723487792528241,0.9998965916082939,0.9533862614793237
12.729999999999773,1,0.971486820408933,0.9998975400519854,0.9535109954288175
12.739999999999773,1,0.9706311481131358,0.9998984798593634,0.9536353956020759
12.749999999999773,1,0.969781822665077,0.9998994111083922,0.9537594628922527
12.759999999999772,1,0.9689389034902725,0.9999003338763393,0.9538831981901114
12.769999999999772,1,0.9681024491376683,0.9999012482397819,0.9540066023840319
12.779999999999772,1,0.9672725172772969,0.999902154274613,0.9541296763600171
12.789999999999772,1,0.9664491646980303,0.9999030520560477,0.9542524210016989
12.799999999999772,1,0.9656324473054303,0.9999039416586284,0.9543748371903448
12.809999999999771,1,0.9648224201196951,0.9999048231562315,0.9544969258048639
12.819999999999771,1,0.9640191372737028,0.999905696622073,0.9546186877218136
12.829999999999771,1,0.9632226520111513,0.9999065621287141,0.9547401238154055
12.83999999999977,1,0.9624330166847941,0.9999074197480675,0.9548612349575122
12.84999999999977,1,0.9616502827547719,0.9999082695514026,0.954982022017673
12.85999999999977,1,0.9608745007870411,0.9999091116093514,0.9551024858631006
12.86999999999977,1,0.9601057204518957,0.9999099459919143,0.955222627358687
12.87999999999977,1,0.9593439905225869,0.9999107727684653,0.9553424473670098
12.88999999999977,1,0.9585893588740357,0.9999115920077579,0.9554619467483385
12.89999999999977,1,0.9578418724816418,0.9999124037779304,0.9555811263606405
12.90999999999977,1,0.9571015774201858,0.9999132081465114,0.9556999870595876
12.919999999999769,1,0.9563685188628266,0.999914005180425,0.9558185296985615
12.929999999999769,1,0.9556427410801924,0.9999147949459961,0.9559367551286607
12.939999999999769,1,0.9549242874395655,0.9999155775089564,0.9560546641987061
12.949999999999768,1,0.95421320040416,0.9999163529344489,0.9561722577552473
12.959999999999768,1,0.9535095215324937,0.9999171212870333,0.9562895366425684
12.969999999999768,1,0.9528132914778515,0.999917882630691,0.9564065017026946
12.979999999999768,1,0.9521245499878425,0.9999186370288309,0.9565231537753975
12.989999999999768,1,0.9514433359040482,0.9999193845442934,0.9566394936982021
12.999999999999767,1,0.9507696871617632,0.9999201252393565,0.9567555223063918
13.009999999999767,1,0.9501036407898275,0.9999208591757398,0.9568712404330151
13.019999999999767,1,0.9494452329105487,0.9999215864146104,0.9569866489088912
13.029999999999767,1,0.9487944987397172,0.9999223070165869,0.9571017485626161
13.039999999999766,1,0.9481514725867095,0.9999230210417449,0.9572165402205688
13.049999999999766,1,0.9475161878546828,0.9999237285496214,0.9573310247069167
13.059999999999766,1,0.9468886770408593,0.99992442959922,0.957445202843622
13.069999999999766,1,0.9462689717368992,0.999925124249015,0.9575590754504473
13.079999999999766,1,0.9456571026293629,0.9999258125569568,0.9576726433449616
13.089999999999765,1,0.9450530995002618,0.9999264945804759,0.9577859073425462
13.099999999999765,1,0.9444569912276973,0.9999271703764879,0.9578988682564005
13.109999999999765,1,0.9438688057865865,0.9999278400013981,0.9580115268975478
13.119999999999765,1,0.9432885702494762,0.9999285035111057,0.9581238840748413
13.129999999999765,1,0.9427163107874437,0.9999291609610086,0.9582359405949697
13.139999999999764,1,0.942152052671083,0.9999298124060074,0.9583476972624632
13.149999999999764,1,0.9415958202715782,0.9999304579005105,0.9584591548796989
13.159999999999764,1,0.9410476370618609,0.9999310974984378,0.9585703142469071
13.169999999999764,1,0.9405075256178543,0.9999317312532254,0.9586811761621765
13.179999999999763,1,0.9399755076198004,0.99993235921783,0.9587917414214604
13.189999999999763,1,0.9394516038536723,0.9999329814447325,0.9589020108185821
13.199999999999763,1,0.9389358342126694,0.9999335979859432,0.9590119851452407
13.209999999999763,1,0.938428217698796,0.999934208893005,0.9591216651910167
13.219999999999763,1,0.937928772424523,0.9999348142169983,0.9592310517433781
13.229999999999762,1,0.9374375156145308,0.9999354140085445,0.9593401455876853
13.239999999999762,1,0.9369544636075349,0.9999360083178106,0.9594489475071976
13.249999999999762,1,0.9364796318581913,0.999936597194513,0.9595574582830778
13.259999999999762,1,0.9360130349390842,0.9999371806879215,0.9596656786943988
13.269999999999762,1,0.9355546865427923,0.9999377588468631,0.9597736095181486
13.279999999999761,1,0.9351045994840355,0.9999383317197263,0.9598812515292363
13.289999999999761,1,0.9346627857019003,0.9999388993544648,0.959988605500497
13.299999999999761,1,0.9342292562621441,0.9999394617986012,0.9600956722026982
13.30999999999976,1,0.9338040213595769,0.999940019099231,0.9602024524045446
13.31999999999976,1,0.9333870903205206,0.9999405713030266,0.960308946872684
13.32999999999976,1,0.9329784716053456,0.9999411184562407,0.9604151563717127
13.33999999999976,1,0.9325781728110835,0.99994166060471,0.9605210816641812
13.34999999999976,1,0.9321862006741144,0.9999421977938594,0.9606267235105991
13.35999999999976,1,0.9318025610729316,0.999942730068705,0.9607320826694413
13.36999999999976,1,0.9314272590309787,0.9999432574738585,0.9608371598971531
13.37999999999976,1,0.931060298719562,0.9999437800535298,0.9609419559481555
13.389999999999759,1,0.930701683460836,0.9999442978515316,0.9610464715748505
13.399999999999759,1,0.9303514157308617,0.9999448109112823,0.9611507075276271
13.409999999999759,1,0.9300094971627366,0.9999453192758095,0.9612546645548663
13.419999999999758,1,0.9296759285497977,0.999945822987754,0.9613583434029465
13.429999999999758,1,0.9293507098488939,0.9999463220893726,0.9614617448162486
13.439999999999758,1,0.9290338401837297,0.9999468166225419,0.9615648695371618
13.449999999999758,1,0.928725317848279,0.9999473066287616,0.9616677183060889
13.459999999999757,1,0.9284251403102676,0.999947792149158,0.961770291861451
13.469999999999757,1,0.9281333042147235,0.9999482732244868,0.9618725909396938
13.479999999999757,1,0.927849805387597,0.999948749895137,0.9619746162752919
13.489999999999757,1,0.9275746388394464,0.9999492222011341,0.9620763686007548
13.499999999999757,1,0.9273077987691911,0.9999496901821429,0.9621778486466318
13.509999999999756,1,0.9270492785679311,0.999950153877471,0.9622790571415172
13.519999999999756,1,0.9267990708228304,0.999950613326072,0.9623799948120557
13.529999999999756,1,0.9265571673210671,0.9999510685665489,0.9624806623829476
13.539999999999756,1,0.926323559053846,0.9999515196371564,0.962581060576954
13.549999999999756,1,0.9260982362204755,0.9999519665758051,0.962681190114902
13.559999999999755,1,0.9258811882325068,0.9999524094200635,0.9627810517156897
13.569999999999755,1,0.9256724037179352,0.9999528482071619,0.9628806460962916
13.579999999999755,1,0.9254718705254636,0.999953282973995,0.9629799739717636
13.589999999999755,1,0.9252795757288256,0.9999537137571249,0.9630790360552481
13.599999999999755,1,0.9250955056311689,0.9999541405927843,0.9631778330579794
13.609999999999754,1,0.9249196457694996,0.999954563516879,0.9632763656892885
13.619999999999754,1,0.9247519809191828,0.9999549825649912,0.9633746346566083
13.629999999999754,1,0.924592495098503,0.9999553977723824,0.9634726406654786
13.639999999999754,1,0.9244411715732818,0.9999558091739961,0.9635703844195512
13.649999999999753,1,0.9242979928615508,0.9999562168044605,0.9636678666205953
13.659999999999753,1,0.9241629407382823,0.9999566206980914,0.963765087968502
13.669999999999753,1,0.9240359962401742,0.9999570208888956,0.9638620491612895
13.679999999999753,1,0.9239171396704896,0.9999574174105725,0.9639587508951083
13.689999999999753,1,0.9238063506039506,0.9999578102965179,0.964055193864246
13.699999999999752,1,0.9237036078916847,0.9999581995798259,0.9641513787611323
13.709999999999752,1,0.9236088896662247,0.9999585852932924,0.9642473062763444
13.719999999999752,1,0.9235221733465591,0.999958967469417,0.9643429770986109
13.729999999999752,1,0.9234434356432343,0.9999593461404063,0.9644383919148182
13.739999999999752,1,0.9233726525635072,0.9999597213381758,0.964533551410014
13.749999999999751,1,0.923309799416547,0.9999600930943532,0.9646284562674131
13.759999999999751,1,0.9232548508186862,0.9999604614402805,0.9647231071684023
13.76999999999975,1,0.9232077806987196,0.9999608264070168,0.9648175047925448
13.77999999999975,1,0.9231685623032507,0.9999611880253407,0.9649116498175855
13.78999999999975,1,0.9231371682020855,0.9999615463257531,0.9650055429194557
13.79999999999975,1,0.9231135702936711,0.999961901338479,0.965099184772278
13.80999999999975,1,0.9230977398105812,0.9999622530934708,0.9651925760483708
13.81999999999975,1,0.9230896473250443,0.99996260162041,0.965285717418254
13.82999999999975,1,0.9230892627545171,0.9999629469487102,0.9653786095506527
13.83999999999975,1,0.9230965553673007,0.9999632891075193,0.9654712531125029
13.84999999999975,1,0.923111493788199,0.9999636281257216,0.965563648768956
13.859999999999749,1,0.9231340460042186,0.9999639640319405,0.9656557971833831
13.869999999999749,1,0.9231641793703097,0.9999642968545408,0.9657476990173807
13.879999999999749,1,0.9232018606151476,0.9999646266216309,0.9658393549307744
13.889999999999748,1,0.9232470558469531,0.999964953361065,0.9659307655816247
13.899999999999748,1,0.9232997305593514,0.9999652771004456,0.9660219316262308
13.909999999999748,1,0.9233598496372699,0.9999655978671257,0.9661128537191359
13.919999999999748,1,0.9234273773628721,0.9999659156882109,0.9662035325131316
13.929999999999747,1,0.9235022774215285,0.9999662305905619,0.9662939686592628
13.939999999999747,1,0.9235845129078236,0.9999665426007962,0.966384162806832
13.949999999999747,1,0.9236740463315971,0.9999668517452908,0.9664741156034047
13.959999999999747,1,0.9237708396240197,0.999967158050184,0.9665638276948132
13.969999999999747,1,0.9238748541437026,0.9999674615413777,0.9666532997251617
13.979999999999746,1,0.9239860506828395,0.9999677622445396,0.9667425323368308
13.989999999999746,1,0.9241043894733801,0.999968060185105,0.9668315261704824
13.999999999999746,1,0.9242298301932367,0.9999683553882791,0.9669202818650637
14.009999999999746,1,0.9243623319725185,0.999968647879039,0.9670088000578124
14.019999999999746,1,0.9245018533997986,0.999968937682136,0.9670970813842609
14.029999999999745,1,0.9246483525284078,0.999969224822097,0.9671851264782408
14.039999999999745,1,0.9248017868827578,0.9999695093232273,0.9672729359718881
14.049999999999745,1,0.9249621134646917,0.9999697912096118,0.9673605104956469
14.059999999999745,1,0.9251292887598613,0.9999700705051177,0.9674478506782742
14.069999999999744,1,0.9253032687441305,0.9999703472333958,0.9675349571468448
14.079999999999744,1,0.9254840088900037,0.9999706214178831,0.9676218305267553
14.089999999999744,1,0.9256714641730794,0.999970893081804,0.967708471441729
14.099999999999744,1,0.9258655890785272,0.9999711622481728,0.96779488051382
14.109999999999744,1,0.9260663376075876,0.9999714289397954,0.9678810583634179
14.119999999999743,1,0.9262736632840948,0.9999716931792709,0.9679670056092521
14.129999999999743,1,0.9264875191610208,0.9999719549889939,0.9680527228683966
14.139999999999743,1,0.9267078578270403,0.999972214391156,0.9681382107562739
14.149999999999743,1,0.926934631413116,0.9999724714077478,0.9682234698866599
14.159999999999743,1,0.9271677915991027,0.9999727260605606,0.9683085008716877
14.169999999999742,1,0.9274072896203707,0.9999729783711884,0.968393304321853
14.179999999999742,1,0.9276530762744469,0.9999732283610292,0.9684778808460173
14.189999999999742,1,0.9279051019276731,0.9999734760512873,0.9685622310514131
14.199999999999742,1,0.9281633165218803,0.9999737214629746,0.9686463555436482
14.209999999999742,1,0.9284276695810798,0.9999739646169127,0.9687302549267095
14.219999999999741,1,0.928698110218168,0.9999742055337344,0.9688139298029678
14.229999999999741,1,0.9289745871416463,0.9999744442338854,0.9688973807731821
14.23999999999974,1,0.9292570486623546,0.999974680737626,0.9689806084365037
14.24999999999974,1,0.9295454427002168,0.9999749150650328,0.9690636133904807
14.25999999999974,1,0.9298397167909993,0.9999751472360003,0.9691463962310624
14.26999999999974,1,0.9301398180930802,0.9999753772702427,0.969228957552603
14.27999999999974,1,0.9304456933942298,0.9999756051872951,0.9693112979478665
14.28999999999974,1,0.9307572891183999,0.9999758310065157,0.9693934180080308
14.29999999999974,1,0.9310745513325239,0.9999760547470868,0.9694753183226916
14.30999999999974,1,0.9313974257533238,0.999976276428017,0.9695569994798673
14.31999999999974,1,0.9317258577541262,0.9999764960681421,0.9696384620660023
14.329999999999739,1,0.9320597923716843,0.9999767136861271,0.9697197066659722
14.339999999999739,1,0.9323991743130075,0.9999769293004676,0.9698007338630872
14.349999999999739,1,0.9327439479621952,0.9999771429294912,0.9698815442390968
14.359999999999738,1,0.933094057387277,0.9999773545913596,0.9699621383741938
14.369999999999738,1,0.933449446347056,0.9999775643040691,0.9700425168470183
14.379999999999738,1,0.933810058297956,0.999977772085453,0.9701226802346622
14.389999999999738,1,0.9341758364008721,0.9999779779531826,0.9702026291126731
14.399999999999737,1,0.9345467235280224,0.9999781819247684,0.9702823640550583
14.409999999999737,1,0.934922662269802,0.9999783840175624,0.9703618856342894
14.419999999999737,1,0.9353035949416378,0.9999785842487589,0.9704411944213059
14.429999999999737,1,0.9356894635908424,0.9999787826353957,0.9705202909855198
14.439999999999737,1,0.9360802100034684,0.9999789791943563,0.9705991758948191
14.449999999999736,1,0.9364757757111613,0.9999791739423706,0.9706778497155724
14.459999999999736,1,0.9368761019980095,0.9999793668960164,0.9707563130126324
14.469999999999736,1,0.9372811299073935,0.9999795580717212,0.9708345663493407
14.479999999999736,1,0.9376908002488296,0.9999797474857631,0.9709126102875314
14.489999999999736,1,0.9381050536048109,0.9999799351542722,0.970990445387535
14.499999999999735,1,0.9385238303376439,0.9999801210932321,0.9710680722081828
14.509999999999735,1,0.9389470705962787,0.9999803053184811,0.9711454913068106
14.519999999999735,1,0.9393747143231342,0.9999804878457137,0.9712227032392629
14.529999999999735,1,0.9398067012609163,0.9999806686904815,0.9712997085598966
14.539999999999734,1,0.9402429709594282,0.999980847868195,0.9713765078215855
14.549999999999734,1,0.9406834627823745,0.9999810253941243,0.9714531015757237
14.559999999999734,1,0.9411281159141542,0.9999812012834008,0.9715294903722301
14.569999999999734,1,0.9415768693666472,0.9999813755510185,0.9716056747595518
14.579999999999734,1,0.9420296619859884,0.9999815482118347,0.9716816552846685
14.589999999999733,1,0.9424864324593333,0.9999817192805719,0.9717574324930961
14.599999999999733,1,0.9429471193216113,0.9999818887718186,0.9718330069288907
14.609999999999733,1,0.9434116609622678,0.9999820567000305,0.9719083791346529
14.619999999999733,1,0.9438799956319931,0.9999822230795319,0.9719835496515309
14.629999999999733,1,0.9443520614494395,0.9999823879245169,0.9720585190192251
14.639999999999732,1,0.9448277964079238,0.9999825512490502,0.9721332877759918
14.649999999999732,1,0.945307138382116,0.9999827130670688,0.9722078564586467
14.659999999999732,1,0.9457900251347129,0.9999828733923827,0.9722822256025693
14.669999999999732,1,0.9462763943230963,0.9999830322386764,0.9723563957417062
14.679999999999731,1,0.9467661835059754,0.9999831896195095,0.9724303674085754
14.689999999999731,1,0.9472593301500122,0.9999833455483187,0.9725041411342699
14.699999999999731,1,0.9477557716364297,0.9999835000384181,0.9725777174484616
14.70999999999973,1,0.9482554452676021,0.9999836531030005,0.9726510968794049
14.71999999999973,1,0.9487582882736274,0.9999838047551389,0.9727242799539407
14.72999999999973,1,0.9492642378188796,0.9999839550077871,0.9727972671975003
14.73999999999973,1,0.9497732310085423,0.999984103873781,0.9728700591341087
14.74999999999973,1,0.950285204895122,0.9999842513658395,0.972942656286389
14.75999999999973,1,0.9508000964849405,0.9999843974965658,0.9730150591755654
14.76999999999973,1,0.9513178427446056,0.9999845422784482,0.9730872683214676
14.77999999999973,1,0.951838380607461,0.9999846857238617,0.9731592842425344
14.78999999999973,1,0.9523616469800124,0.9999848278450679,0.973231107455817
14.799999999999729,1,0.9528875787483319,0.9999849686542172,0.9733027384769832
14.809999999999729,1,0.9534161127844379,0.999985108163349,0.973374177820321
14.819999999999729,1,0.9539471859526519,0.9999852463843932,0.973445425998742
14.829999999999728,1,0.9544807351159293,0.9999853833291711,0.9735164835237854
14.839999999999728,1,0.9550166971421666,0.9999855190093959,0.9735873509056217
14.849999999999728,1,0.9555550089104818,0.9999856534366744,0.973658028653056
14.859999999999728,1,0.9560956073174695,0.9999857866225077,0.973728517273532
14.869999999999727,1,0.956638429283428,0.9999859185782917,0.9737988172731358
14.879999999999727,1,0.9571834117585611,0.9999860493153185,0.9738689291565986
14.889999999999727,1,0.9577304917291503,0.9999861788447777,0.9739388534273016
14.899999999999727,1,0.9582796062236992,0.9999863071777564,0.9740085905872787
14.909999999999727,1,0.9588306923190507,0.9999864343252407,0.9740781411372206
14.919999999999726,1,0.9593836871464724,0.9999865602981167,0.9741475055764779
14.929999999999726,1,0.9599385278977144,0.9999866851071713,0.9742166844030653
14.939999999999726,1,0.9604951518310357,0.9999868087630926,0.9742856781136646
14.949999999999726,1,0.9610534962772007,0.9999869312764719,0.9743544872036288
14.959999999999726,1,0.9616134986454437,0.9999870526578032,0.9744231121669852
14.969999999999725,1,0.9621750964294021,0.9999871729174852,0.9744915534964391
14.979999999999725,1,0.9627382272130183,0.9999872920658216,0.9745598116833775
14.989999999999725,1,0.9633028286764072,0.9999874101130222,0.9746278872178723
14.999999999999725,1,0.9638688386016926,0.9999875270692035,0.9746957805886842
15.009999999999724,1,0.964436194878809,0.9999876429443898,0.9747634922832661
15.019999999999724,1,0.96500483551127,0.999987757748514,0.9748310227877662
15.029999999999724,1,0.9655746986219016,0.9999878714914182,0.9748983725870322
15.039999999999724,1,0.9661457224585416,0.9999879841828548,0.974965542164614
15.049999999999724,1,0.9667178453997032,0.9999880958324872,0.9750325320027677
15.059999999999723,1,0.9672910059602035,0.9999882064498904,0.9750993425824592
15.069999999999723,1,0.9678651427967548,0.9999883160445523,0.975165974383367
15.079999999999723,1,0.9684401947135214,0.9999884246258739,0.9752324278838864
15.089999999999723,1,0.9690161006676368,0.9999885322031705,0.9752987035611321
15.099999999999723,1,0.9695927997746862,0.9999886387856725,0.9753648018909425
15.109999999999722,1,0.9701702313141497,0.9999887443825257,0.9754307233478826
15.119999999999722,1,0.9707483347348081,0.9999888490027927,0.9754964684052473
15.129999999999722,1,0.97132704966011,0.9999889526554531,0.9755620375350652
15.139999999999722,1,0.9719063158934997,0.9999890553494045,0.9756274312081017
15.149999999999721,1,0.9724860734237071,0.9999891570934635,0.9756926498938626
15.159999999999721,1,0.973066262429996,0.9999892578963658,0.9757576940605973
15.169999999999721,1,0.9736468232873747,0.9999893577667677,0.9758225641753021
15.17999999999972,1,0.9742276965717641,0.9999894567132459,0.9758872607037239
15.18999999999972,1,0.974808823065127,0.9999895547442992,0.975951784110363
15.19999999999972,1,0.9753901437605547,0.9999896518683485,0.9760161348584769
15.20999999999972,1,0.9759715998673139,0.9999897480937381,0.9760803134100836
15.21999999999972,1,0.9765531328158502,0.9999898434287355,0.9761443202259645
15.22999999999972,1,0.977134684262751,0.999989937881533,0.9762081557656682
15.23999999999972,1,0.9777161960956648,0.999990031460248,0.9762718204875135
15.24999999999972,1,0.9782976104381791,0.9999901241729237,0.9763353148485928
15.25999999999972,1,0.9788788696546536,0.9999902160275296,0.9763986393047754
15.269999999999719,1,0.9794599163550121,0.9999903070319625,0.9764617943107108
15.279999999999719,1,0.9800406933994887,0.999990397194047,0.9765247803198317
15.289999999999718,1,0.9806211439033321,0.9999904865215362,0.9765875977843576
15.299999999999718,1,0.9812012112414638,0.9999905750221123,0.9766502471552978
15.309999999999718,1,0.9817808390530928,0.9999906627033871,0.976712728882455
15.319999999999718,1,0.9823599712462856,0.9999907495729029,0.9767750434144279
15.329999999999718,1,0.9829385520024909,0.9999908356381331,0.976837191198615
15.339999999999717,1,0.9835165257810187,0.9999909209064826,0.9768991726812177
15.349999999999717,1,0.9840938373234738,0.9999910053852886,0.9769609883072432
15.359999999999717,1,0.984670431658144,0.9999910890818213,0.9770226385205081
15.369999999999717,1,0.985246254104342,0.9999911720032844,0.9770841237636411
15.379999999999717,1,0.9858212502767,0.9999912541568153,0.9771454444780867
15.389999999999716,1,0.986395366089419,0.9999913355494866,0.9772066011041082
15.399999999999716,1,0.9869685477604706,0.999991416188306,0.9772675940807906
15.409999999999716,1,0.9875407418157515,0.999991496080217,0.977328423846044
15.419999999999716,1,0.988111895093191,0.9999915752320996,0.9773890908366069
15.429999999999715,1,0.9886819547468111,0.9999916536507709,0.9774495954880487
15.439999999999715,1,0.9892508682507387,0.9999917313429855,0.9775099382347736
15.449999999999715,1,0.9898185834031694,0.9999918083154362,0.9775701195100234
15.459999999999715,1,0.9903850483302838,0.9999918845747546,0.9776301397458804
15.469999999999715,1,0.9909502114901153,0.9999919601275117,0.9776899993732708
15.479999999999714,1,0.9915140216763688,0.9999920349802179,0.9777496988219676
15.489999999999714,1,0.9920764280221913,0.9999921091393246,0.9778092385205938
15.499999999999714,1,0.9926373800038935,0.9999921826112235,0.9778686188966255
15.509999999999714,1,0.9931968274446216,0.9999922554022482,0.9779278403763948
15.519999999999714,1,0.993754720517981,0.9999923275186743,0.9779869033850931
15.529999999999713,1,0.9943110097516094,0.9999923989667197,0.978045808346774
15.539999999999713,1,0.994865646030701,0.9999924697525454,0.9781045556843564
15.549999999999713,1,0.9954185806014809,0.9999925398822561,0.9781631458196274
15.559999999999713,1,0.9959697650746292,0.9999926093619005,0.9782215791732454
15.569999999999713,1,0.9965191514286553,0.9999926781974718,0.9782798561647433
15.579999999999712,1,0.9970666920132225,0.9999927463949085,0.9783379772125315
15.589999999999712,1,0.9976123395524212,0.9999928139600945,0.9783959427339004
15.599999999999712,1,0.9981560471479928,0.99999288089886,0.978453753145024
15.609999999999712,1,0.998697768282502,0.9999929472169813,0.9785114088609628
15.619999999999711,1,0.9992374568224598,0.9999930129201824,0.9785689102956662
15.629999999999711,1,0.999775067021394,0.9999930780141344,0.9786262578619763
15.639999999999711,1,1.00031055352287,0.9999931425044566,0.9786834519716304
15.64999999999971,1,1.0008438713634609,0.9999932063967167,0.9787404930352639
15.65999999999971,1,1.0013749759756647,0.9999932696964315,0.9787973814624135
15.66999999999971,1,1.0019038231907726,0.9999933324090672,0.9788541176615199
15.67999999999971,1,1.0024303692416852,0.9999933945400397,0.9789107020399309
15.68999999999971,1,1.0029545707656757,0.9999934560947153,0.9789671350039044
15.69999999999971,1,1.003476384807105,0.9999935170784114,0.9790234169586112
15.70999999999971,1,1.0039957688200827,0.9999935774963963,0.9790795483081376
15.71999999999971,1,1.0045126806710771,0.9999936373538901,0.9791355294554889
15.729999999999709,1,1.0050270786414748,0.9999936966560651,0.9791913608025918
15.739999999999709,1,1.0055389214300872,0.9999937554080459,0.9792470427502977
15.749999999999709,1,1.0060481681556064,0.9999938136149105,0.9793025756983852
15.759999999999708,1,1.0065547783590083,0.9999938712816899,0.9793579600455631
15.769999999999708,1,1.0070587120059056,0.9999939284133694,0.9794131961894734
15.779999999999708,1,1.007559929488847,0.9999939850148881,0.979468284526694
15.789999999999708,1,1.0080583916295671,0.9999940410911402,0.9795232254527416
15.799999999999708,1,1.008554059681181,0.9999940966469747,0.9795780193620746
15.809999999999707,1,1.0090468953303309,0.9999941516871962,0.9796326666480957
15.819999999999707,1,1.0095368606992785,0.9999942062165652,0.979687167703155
15.829999999999707,1,1.010023918347946,0.9999942602397985,0.9797415229185529
15.839999999999707,1,1.0105080312759058,0.9999943137615698,0.9797957326845423
15.849999999999707,1,1.0109891629243177,0.9999943667865095,0.9798497973903322
15.859999999999706,1,1.011467277177815,0.9999944193192061,0.9799037174240898
15.869999999999706,1,1.0119423383663382,0.9999944713642053,0.9799574931729438
15.879999999999706,1,1.0124143112669168,0.9999945229260115,0.980011125022987
15.889999999999706,1,1.0128831611054008,0.9999945740090878,0.980064613359279
15.899999999999705,1,1.0133488535581383,0.9999946246178559,0.9801179585658489
15.909999999999705,1,1.0138113547536034,0.9999946747566973,0.9801711610256985
15.919999999999705,1,1.0142706312739713,0.9999947244299533,0.9802242211208042
15.929999999999705,1,1.0147266501566423,0.9999947736419249,0.9802771392321208
15.939999999999705,1,1.015179378895714,0.999994822396874,0.9803299157395833
15.949999999999704,1,1.0156287854434023,0.9999948706990232,0.9803825510221104
15.959999999999704,1,1.0160748382114113,0.9999949185525563,0.9804350454576064
15.969999999999704,1,1.016517506072251,0.9999949659616189,0.9804873994229648
15.979999999999704,1,1.016956758360505,0.9999950129303181,0.9805396132940704
15.989999999999704,1,1.0173925648740452,0.9999950594627236,0.980591687445802
15.999999999999703,1,1.017824895875197,0.9999951055628676,0.9806436222520356
16.009999999999703,1,1.0182537220918535,0.9999951512347454,0.9806954180856464
16.019999999999705,1,1.0186790147185378,0.9999951964823153,0.9807470753185121
16.029999999999706,1,1.019100745417415,0.9999952413094995,0.9807985943215152
16.039999999999708,1,1.0195188863192535,0.9999952857201839,0.9808499754645456
16.04999999999971,1,1.0199334100243356,0.9999953297182189,0.9809012191165034
16.05999999999971,1,1.020344289603318,0.9999953733074195,0.980952325645302
16.069999999999713,1,1.0207514985980408,0.9999954164915655,0.9810032954178698
16.079999999999714,1,1.0211550110222885,0.9999954592744021,0.9810541288001535
16.089999999999716,1,1.0215548013624978,0.99999550165964,0.9811048261571207
16.099999999999717,1,1.0219508445784178,0.9999955436509558,0.9811553878527621
16.10999999999972,1,1.0223431161037195,0.9999955852519922,0.9812058142500948
16.11999999999972,1,1.0227315918465556,0.9999956264663586,0.9812561057111641
16.129999999999722,1,1.0231162481900706,0.9999956672976312,0.9813062625970466
16.139999999999723,1,1.0234970619928616,0.9999957077493531,0.9813562852678528
16.149999999999725,1,1.02387401058939,0.999995747825035,0.9814061740827297
16.159999999999727,1,1.0242470717903434,0.9999957875281552,0.9814559293998629
16.169999999999728,1,1.0246162238829495,0.9999958268621602,0.9815055515764798
16.17999999999973,1,1.02498144563124,0.9999958658304645,0.9815550409688517
16.18999999999973,1,1.0253427162762676,0.9999959044364515,0.9816043979322968
16.199999999999733,1,1.0257000155362723,0.9999959426834732,0.9816536228211824
16.209999999999734,1,1.0260533236068015,0.9999959805748512,0.9817027159889273
16.219999999999736,1,1.02640262116078,0.9999960181138761,0.9817516777880051
16.229999999999738,1,1.0267478893485344,0.9999960553038083,0.9818005085699456
16.23999999999974,1,1.0270891097977677,0.9999960921478783,0.9818492086853384
16.24999999999974,1,1.027426264613487,0.999996128649287,0.9818977784838349
16.259999999999742,1,1.0277593363778847,0.9999961648112055,0.9819462183141505
16.269999999999744,1,1.0280883081501715,0.999996200636776,0.981994528524068
16.279999999999745,1,1.0284131634663625,0.9999962361291117,0.9820427094604393
16.289999999999747,1,1.0287338863390174,0.9999962712912972,0.982090761469188
16.29999999999975,1,1.0290504612569333,0.9999963061263886,0.9821386848953123
16.30999999999975,1,1.0293628731847921,0.9999963406374138,0.9821864800828871
16.31999999999975,1,1.0296711075627607,0.9999963748273731,0.9822341473750666
16.329999999999753,1,1.029975150306046,0.9999964086992391,0.9822816871140869
16.339999999999755,1,1.0302749878044042,0.9999964422559569,0.982329099641268
16.349999999999756,1,1.0305706069216052,0.9999964755004443,0.9823763852970169
16.359999999999758,1,1.0308619949948508,0.9999965084355928,0.9824235444208294
16.36999999999976,1,1.0311491398341484,0.9999965410642668,0.982470577351293
16.37999999999976,1,1.0314320297216406,0.9999965733893045,0.9825174844260891
16.389999999999763,1,1.0317106534108895,0.9999966054135179,0.9825642659819956
16.399999999999764,1,1.0319850001261173,0.9999966371396931,0.9826109223548893
16.409999999999766,1,1.0322550595614024,0.9999966685705908,0.982657453879748
16.419999999999767,1,1.0325208218798334,0.9999966997089458,0.9827038608906531
16.42999999999977,1,1.0327822777126172,0.9999967305574681,0.9827501437207922
16.43999999999977,1,1.0330394181581464,0.9999967611188425,0.9827963027024613
16.449999999999772,1,1.0332922347810214,0.9999967913957292,0.9828423381670672
16.459999999999773,1,1.0335407196110324,0.9999968213907637,0.9828882504451298
16.469999999999775,1,1.033784865142097,0.9999968511065577,0.9829340398662847
16.479999999999777,1,1.0340246643311573,0.9999968805456981,0.9829797067592853
16.489999999999778,1,1.0342601105970328,0.9999969097107487,0.9830252514520053
16.49999999999978,1,1.0344911978192353,0.9999969386042492,0.9830706742714411
16.50999999999978,1,1.0347179203367394,0.999996967228716,0.9831159755437142
16.519999999999783,1,1.0349402729467134,0.9999969955866423,0.9831611555940731
16.529999999999784,1,1.0351582509032102,0.9999970236804985,0.9832062147468963
16.539999999999786,1,1.0353718499158164,0.9999970515127319,0.983251153325694
16.549999999999788,1,1.0355810661482616,0.9999970790857675,0.983295971653111
16.55999999999979,1,1.0357858962169895,0.9999971064020079,0.9833406700509286
16.56999999999979,1,1.0359863371896871,0.9999971334638336,0.9833852488400671
16.579999999999792,1,1.0361823865837767,0.9999971602736029,0.9834297083405878
16.589999999999794,1,1.0363740423648684,0.9999971868336526,0.983474048871696
16.599999999999795,1,1.0365613029451732,0.9999972131462979,0.9835182707517424
16.609999999999797,1,1.0367441671818798,0.9999972392138325,0.983562374298226
16.6199999999998,1,1.036922634375491,0.9999972650385294,0.9836063598277963
16.6299999999998,1,1.0370967042681245,0.99999729062264,0.9836502276562553
16.6399999999998,1,1.037266377041776,0.9999973159683954,0.9836939780985601
16.649999999999803,1,1.0374316533165444,0.9999973410780059,0.9837376114688249
16.659999999999805,1,1.0375925341488212,0.9999973659536615,0.9837811280803234
16.669999999999806,1,1.0377490210294436,0.9999973905975321,0.9838245282454909
16.679999999999808,1,1.037901115881811,0.9999974150117673,0.9838678122759269
16.68999999999981,1,1.038048821059967,0.9999974391984972,0.9839109804823969
16.69999999999981,1,1.0381921393466444,0.9999974631598318,0.9839540331748349
16.709999999999813,1,1.0383310739512768,0.9999974868978623,0.9839969706623454
16.719999999999814,1,1.0384656285079745,0.9999975104146599,0.9840397932532059
16.729999999999816,1,1.0385958070734669,0.9999975337122772,0.984082501254869
16.739999999999817,1,1.0387216141250102,0.9999975567927475,0.9841250949739645
16.74999999999982,1,1.038843054558262,0.9999975796580856,0.9841675747163018
16.75999999999982,1,1.0389601336851229,0.9999976023102876,0.9842099407868719
16.769999999999822,1,1.039072857231543,0.9999976247513311,0.9842521934898495
16.779999999999824,1,1.0391812313353004,0.9999976469831756,0.9842943331285958
16.789999999999825,1,1.0392852625437417,0.9999976690077624,0.9843363600056598
16.799999999999827,1,1.0393849578114958,0.999997690827015,0.9843782744227813
16.809999999999828,1,1.0394803244981525,0.9999977124428389,0.9844200766808922
16.81999999999983,1,1.0395713703659126,0.9999977338571223,0.9844617670801195
16.82999999999983,1,1.0396581035772048,0.9999977550717358,0.9845033459197868
16.839999999999833,1,1.0397405326922742,0.9999977760885328,0.9845448134984173
16.849999999999834,1,1.0398186666667397,0.9999977969093494,0.9845861701137346
16.859999999999836,1,1.0398925148491218,0.999997817536005,0.9846274160626663
16.869999999999838,1,1.0399620869783415,0.9999978379703021,0.9846685516413451
16.87999999999984,1,1.0400273931811892,0.9999978582140264,0.9847095771451113
16.88999999999984,1,1.0400884439697664,0.9999978782689475,0.9847504928685149
16.899999999999842,1,1.0401452502388981,0.9999978981368182,0.9847912991053178
16.909999999999844,1,1.0401978232635176,0.9999979178193753,0.9848319961484958
16.919999999999845,1,1.0402461746960239,0.9999979373183396,0.9848725842902407
16.929999999999847,1,1.040290316563612,0.9999979566354161,0.9849130638219623
16.93999999999985,1,1.0403302612655765,0.9999979757722939,0.9849534350342909
16.94999999999985,1,1.0403660215705886,0.9999979947306463,0.9849936982170788
16.95999999999985,1,1.0403976106139474,0.9999980135121316,0.985033853659403
16.969999999999853,1,1.0404250418948051,0.9999980321183923,0.9850739016495665
16.979999999999855,1,1.0404483292733677,0.9999980505510562,0.9851138424751014
16.989999999999856,1,1.04046748696807,0.9999980688117356,0.9851536764227699
16.999999999999858,1,1.0404825295527267,0.9999980869020282,0.9851934037785671
17.00999999999986,1,1.0404934719536598,0.9999981048235167,0.9852330248277228
17.01999999999986,1,1.0405003294468007,0.9999981225777695,0.9852725398547034
17.029999999999863,1,1.0405031176547712,0.9999981401663403,0.9853119491432144
17.039999999999864,1,1.0405018525439393,0.9999981575907683,0.9853512529762017
17.049999999999866,1,1.0404965504214543,0.9999981748525787,0.9853904516358545
17.059999999999867,1,1.0404872279322583,0.9999981919532827,0.9854295454036065
17.06999999999987,1,1.0404739020560774,0.9999982088943771,0.9854685345601386
17.07999999999987,1,1.0404565901043898,0.9999982256773452,0.9855074193853804
17.089999999999872,1,1.0404353097173749,0.9999982423036565,0.9855462001585127
17.099999999999874,1,1.0404100788608388,0.999998258774767,0.985584877157969
17.109999999999875,1,1.0403809158231234,0.999998275092119,0.985623450661438
17.119999999999877,1,1.0403478392119927,0.9999982912571418,0.9856619209458648
17.129999999999878,1,1.0403108679515003,0.999998307271251,0.985700288287454
17.13999999999988,1,1.040270021278839,0.9999983231358497,0.985738552961671
17.14999999999988,1,1.0402253187411703,0.9999983388523276,0.9857767152432438
17.159999999999883,1,1.0401767801924364,0.9999983544220616,0.9858147754061655
17.169999999999884,1,1.040124425790154,0.999998369846416,0.9858527337236959
17.179999999999886,1,1.0400682759921909,0.9999983851267423,0.9858905904683636
17.189999999999888,1,1.040008351553525,0.9999984002643798,0.985928345911968
17.19999999999989,1,1.0399446735229876,0.9999984152606551,0.9859660003255811
17.20999999999989,1,1.0398772632399889,0.9999984301168827,0.9860035539795496
17.219999999999892,1,1.0398061423312284,0.9999984448343648,0.9860410071434969
17.229999999999894,1,1.0397313327073903,0.9999984594143917,0.9860783600863245
17.239999999999895,1,1.0396528565598226,0.9999984738582416,0.9861156130762149
17.249999999999897,1,1.0395707363572024,0.999998488167181,0.9861527663806325
17.2599999999999,1,1.039484994842186,0.9999985023424646,0.9861898202663264
17.2699999999999,1,1.0393956550280459,0.9999985163853355,0.9862267749993314
17.2799999999999,1,1.0393027401952932,0.9999985302970256,0.9862636308449709
17.289999999999903,1,1.0392062738882883,0.9999985440787548,0.9863003880678581
17.299999999999905,1,1.0391062799118373,0.9999985577317321,0.9863370469318982
17.309999999999906,1,1.0390027823277763,0.9999985712571553,0.98637360770029
17.319999999999908,1,1.0388958054515447,0.999998584656211,0.9864100706355283
17.32999999999991,1,1.0387853738487456,0.999998597930075,0.9864464359994053
17.33999999999991,1,1.0386715123316959,0.9999986110799118,0.9864827040530127
17.349999999999913,1,1.0385542459559647,0.9999986241068757,0.9865188750567436
17.359999999999914,1,1.0384336000169023,0.9999986370121098,0.9865549492702943
17.369999999999916,1,1.0383096000461582,0.9999986497967468,0.9865909269526661
17.379999999999917,1,1.0381822718081894,0.999998662461909,0.9866268083621674
17.38999999999992,1,1.0380516412967604,0.9999986750087083,0.9866625937564152
17.39999999999992,1,1.037917734731433,0.9999986874382462,0.9866982833923371
17.409999999999922,1,1.037780578554049,0.9999986997516138,0.9867338775261736
17.419999999999924,1,1.0376401994252034,0.9999987119498926,0.986769376413479
17.429999999999925,1,1.0374966242207102,0.9999987240341538,0.986804780309124
17.439999999999927,1,1.0373498800280618,0.9999987360054586,0.9868400894672974
17.44999999999993,1,1.0371999941428802,0.9999987478648585,0.9868753041415077
17.45999999999993,1,1.0370469940653622,0.9999987596133952,0.986910424584585
17.46999999999993,1,1.0368909074967179,0.9999987712521008,0.9869454510486828
17.479999999999933,1,1.036731762335604,0.9999987827819977,0.9869803837852801
17.489999999999934,1,1.0365695866745515,0.999998794204099,0.9870152230451827
17.499999999999936,1,1.0364044087963875,0.9999988055194083,0.9870499690785255
17.509999999999938,1,1.0362362571706538,0.9999988167289201,0.9870846221347738
17.51999999999994,1,1.0360651604500195,0.9999988278336194,0.9871191824627256
17.52999999999994,1,1.035891147466691,0.9999988388344822,0.9871536503105129
17.539999999999942,1,1.0357142472288172,0.9999988497324753,0.9871880259256042
17.549999999999944,1,1.0355344889168927,0.9999988605285569,0.987222309554805
17.559999999999945,1,1.0353519018801576,0.9999988712236761,0.9872565014442612
17.569999999999947,1,1.0351665156329946,0.9999988818187732,0.9872906018394596
17.57999999999995,1,1.034978359851324,0.9999988923147797,0.9873246109852301
17.58999999999995,1,1.034787464368998,0.9999989027126186,0.9873585291257474
17.59999999999995,1,1.0345938591741919,0.9999989130132043,0.987392356504533
17.609999999999953,1,1.0343975744057958,0.9999989232174428,0.9874260933644569
17.619999999999955,1,1.034198640349805,0.9999989333262315,0.9874597399477387
17.629999999999956,1,1.0339970874357098,0.9999989433404597,0.9874932964959504
17.639999999999958,1,1.033792946232887,0.9999989532610083,0.9875267632500172
17.64999999999996,1,1.0335862474469892,0.9999989630887501,0.9875601404502198
17.65999999999996,1,1.0333770219163374,0.9999989728245499,0.9875934283361958
17.669999999999963,1,1.0331653006083132,0.9999989824692642,0.9876266271469416
17.679999999999964,1,1.0329511146157533,0.9999989920237419,0.9876597371208141
17.689999999999966,1,1.0327344951533457,0.9999990014888237,0.9876927584955324
17.699999999999967,1,1.0325154735540278,0.9999990108653428,0.9877256915081795
17.70999999999997,1,1.0322940812653876,0.9999990201541245,0.9877585363952037
17.71999999999997,1,1.0320703498460673,0.9999990293559863,0.987791293392421
17.729999999999972,1,1.0318443109621707,0.9999990384717384,0.9878239627350162
17.739999999999974,1,1.0316159963836737,0.9999990475021835,0.9878565446575447
17.749999999999975,1,1.0313854379808394,0.9999990564481166,0.9878890393939344
17.759999999999977,1,1.0311526677206366,0.9999990653103255,0.987921447177487
17.76999999999998,1,1.030917717663164,0.9999990740895905,0.9879537682408802
17.77999999999998,1,1.0306806199580787,0.999999082786685,0.9879860028161689
17.78999999999998,1,1.0304414068410293,0.999999091402375,0.9880181511347871
17.799999999999983,1,1.030200110630097,0.9999990999374193,0.9880502134275494
17.809999999999985,1,1.0299567637222404,0.9999991083925698,0.9880821899246529
17.819999999999986,1,1.029711398589747,0.9999991167685714,0.9881140808556786
17.829999999999988,1,1.0294640477766928,0.9999991250661622,0.9881458864495933
17.83999999999999,1,1.029214743895407,0.9999991332860731,0.988177606934751
17.84999999999999,1,1.028963519622945,0.9999991414290287,0.9882092425388946
17.859999999999992,1,1.0287104076975695,0.9999991494957464,0.9882407934891578
17.869999999999994,1,1.028455440915238,0.9999991574869372,0.9882722600120663
17.879999999999995,1,1.0281986521261,0.9999991654033056,0.9883036423335396
17.889999999999997,1,1.027940074231002,0.9999991732455493,0.9883349406788929
17.9,1,1.027679740178002,0.9999991810143597,0.9883661552728383
17.91,1,1.0274176829588924,0.9999991887104216,0.9883972863394866
17.92,1,1.0271539356057329,0.9999991963344137,0.9884283341023491
17.930000000000003,1,1.0268885311873932,0.9999992038870081,0.9884592987843386
17.940000000000005,1,1.0266215028061063,0.999999211368871,0.9884901806077718
17.950000000000006,1,1.0263528835940312,0.9999992187806622,0.9885209797943704
17.960000000000008,1,1.0260827067098266,0.9999992261230354,0.9885516965652625
17.97000000000001,1,1.0258110053352367,0.9999992333966381,0.9885823311409849
17.98000000000001,1,1.025537812671687,0.999999240602112,0.9886128837414841
17.990000000000013,1,1.0252631619368922,0.9999992477400927,0.9886433545861181
18.000000000000014,1,1.0249870863614765,0.9999992548112101,0.9886737438936576
18.010000000000016,1,1.024709619185605,0.999999261816088,0.9887040518822884
18.020000000000017,1,1.0244307936556292,0.9999992687553445,0.9887342787696121
18.03000000000002,1,1.024150643020743,0.999999275629592,0.988764424772648
18.04000000000002,1,1.0238692005296546,0.9999992824394371,0.988794490107835
18.050000000000022,1,1.023586499427269,0.999999289185481,0.9888244749910325
18.060000000000024,1,1.0233025729513863,0.9999992958683189,0.9888543796375224
18.070000000000025,1,1.0230174543294124,0.999999302488541,0.9888842042620106
18.080000000000027,1,1.0227311767750844,0.9999993090467315,0.9889139490786284
18.09000000000003,1,1.0224437734852108,0.9999993155434695,0.988943614300934
18.10000000000003,1,1.0221552776364256,0.9999993219793287,0.9889732001419144
18.11000000000003,1,1.0218657223819583,0.9999993283548774,0.9890027068139863
18.120000000000033,1,1.0215751408484184,0.9999993346706785,0.9890321345289983
18.130000000000035,1,1.0212835661325956,0.9999993409272898,0.9890614834982321
18.140000000000036,1,1.0209910312982762,0.999999347125264,0.9890907539324039
18.150000000000038,1,1.0206975693730742,0.9999993532651483,0.989119946041666
18.16000000000004,1,1.020403213345281,0.9999993593474854,0.9891490600356084
18.17000000000004,1,1.0201079961607284,0.9999993653728124,0.9891780961232606
18.180000000000042,1,1.019811950719672,0.9999993713416617,0.9892070545130921
18.190000000000044,1,1.0195151098736877,0.9999993772545608,0.9892359354130151
18.200000000000045,1,1.0192175064225895,0.999999383112032,0.9892647390303853
18.210000000000047,1,1.0189191731113612,0.999999388914593,0.9892934655720033
18.22000000000005,1,1.018620142627108,0.9999993946627566,0.9893221152441166
18.23000000000005,1,1.0183204475960252,0.9999994003570308,0.9893506882524208
18.24000000000005,1,1.0180201205803858,0.999999405997919,0.9893791848020609
18.250000000000053,1,1.017719194075545,0.9999994115859198,0.989407605097633
18.260000000000055,1,1.0174177005069653,0.9999994171215272,0.9894359493431859
18.270000000000056,1,1.017115672227259,0.9999994226052306,0.9894642177422223
18.280000000000058,1,1.01681314151325,0.9999994280375147,0.9894924104977001
18.29000000000006,1,1.0165101405630559,0.9999994334188601,0.9895205278120344
18.30000000000006,1,1.016206701493188,0.9999994387497425,0.9895485698870985
18.310000000000063,1,1.015902856335672,0.9999994440306335,0.9895765369242255
18.320000000000064,1,1.0155986370351895,0.9999994492619999,0.98960442912421
18.330000000000066,1,1.0152940754462374,0.9999994544443046,0.989632246687309
18.340000000000067,1,1.0149892033303092,0.999999459578006,0.9896599898132438
18.35000000000007,1,1.0146840523530967,0.9999994646635582,0.9896876587012011
18.36000000000007,1,1.0143786540817121,0.9999994697014111,0.9897152535498348
18.370000000000072,1,1.0140730399819315,0.9999994746920104,0.989742774557267
18.380000000000074,1,1.0137672414154584,0.9999994796357979,0.9897702219210899
18.390000000000075,1,1.01346128963721,0.999999484533211,0.9897975958383667
18.400000000000077,1,1.0131552157926236,0.9999994893846829,0.9898248965056334
18.41000000000008,1,1.0128490509149861,0.999999494190643,0.9898521241189002
18.42000000000008,1,1.0125428259227842,0.999999498951517,0.9898792788736527
18.43000000000008,1,1.012236571617077,0.9999995036677259,0.9899063609648532
18.440000000000083,1,1.0119303186788908,0.9999995083396875,0.9899333705869426
18.450000000000085,1,1.0116240976666366,0.9999995129678153,0.9899603079338414
18.460000000000086,1,1.0113179390135498,0.999999517552519,0.9899871731989511
18.470000000000088,1,1.0110118730251523,0.9999995220942046,0.9900139665751558
18.48000000000009,1,1.0107059298767382,0.9999995265932743,0.9900406882548234
18.49000000000009,1,1.0104001396108826,0.9999995310501264,0.990067338429807
18.500000000000092,1,1.0100945321349721,0.9999995354651557,0.9900939172914464
18.510000000000094,1,1.0097891372187608,0.9999995398387532,0.9901204250305693
18.520000000000095,1,1.0094839844919479,0.9999995441713063,0.9901468618374929
18.530000000000097,1,1.0091791034417805,0.9999995484631988,0.990173227902025
18.5400000000001,1,1.008874523410679,0.9999995527148109,0.9901995234134655
18.5500000000001,1,1.008570273593887,0.9999995569265192,0.9902257485606079
18.5600000000001,1,1.0082663830371454,0.999999561098697,0.9902519035317402
18.570000000000103,1,1.0079628806343897,0.999999565231714,0.990277988514647
18.580000000000105,1,1.0076597951254733,0.9999995693259363,0.99030400369661
18.590000000000106,1,1.0073571550939142,0.9999995733817267,0.99032994926441
18.600000000000108,1,1.007054988964666,0.9999995773994449,0.9903558254043279
18.61000000000011,1,1.0067533250019147,0.9999995813794468,0.990381632302146
18.62000000000011,1,1.0064521913068991,0.9999995853220852,0.9904073701431498
18.630000000000113,1,1.0061516158157573,0.9999995892277097,0.9904330391121288
18.640000000000114,1,1.0058516262973975,0.9999995930966665,0.9904586393933777
18.650000000000116,1,1.0055522503513947,0.9999995969292986,0.9904841711706988
18.660000000000117,1,1.0052535154059117,0.9999996007259458,0.9905096346274017
18.67000000000012,1,1.004955448715646,0.9999996044869449,0.9905350299463062
18.68000000000012,1,1.004658077359803,0.9999996082126292,0.9905603573097425
18.690000000000122,1,1.0043614282400937,0.9999996119033293,0.9905856168995529
18.700000000000124,1,1.0040655280787578,0.9999996155593724,0.9906108088970934
18.710000000000125,1,1.0037704034166146,0.9999996191810829,0.9906359334832344
18.720000000000127,1,1.0034760806111376,0.9999996227687821,0.9906609908383625
18.73000000000013,1,1.0031825858345558,0.999999626322788,0.9906859811423814
18.74000000000013,1,1.002889945071982,0.9999996298434163,0.9907109045747136
18.75000000000013,1,1.0025981841195657,0.999999633330979,0.9907357613143013
18.760000000000133,1,1.0023073285826736,0.9999996367857857,0.9907605515396081
18.770000000000135,1,1.0020174038740954,0.999999640208143,0.9907852754286198
18.780000000000136,1,1.0017284352122768,0.9999996435983546,0.9908099331588462
18.790000000000138,1,1.001440447619578,0.9999996469567213,0.9908345249073218
18.80000000000014,1,1.0011534659205592,0.9999996502835412,0.9908590508506077
18.81000000000014,1,1.000867514740294,0.9999996535791097,0.990883511164792
18.820000000000142,1,1.000582618502706,0.9999996568437192,0.9909079060254923
18.830000000000144,1,1.000298801428937,0.9999996600776595,0.9909322356078558
18.840000000000146,1,1.0000160875357365,0.9999996632812178,0.9909565000865611
18.850000000000147,1,0.999734500633883,0.9999996664546785,0.9909806996358195
18.86000000000015,1,0.9994540643266286,0.9999996695983234,0.991004834429376
18.87000000000015,1,0.9991748020081723,0.9999996727124317,0.9910289046405109
18.88000000000015,1,0.9988967368621599,0.9999996757972799,0.9910529104420404
18.890000000000153,1,0.9986198918602104,0.9999996788531419,0.9910768520063186
18.900000000000155,1,0.9983442897604706,0.9999996818802892,0.9911007295052382
18.910000000000156,1,0.9980699531061954,0.9999996848789907,0.9911245431102322
18.920000000000158,1,0.997796904224356,0.9999996878495128,0.9911482929922747
18.93000000000016,1,0.9975251652242751,0.9999996907921193,0.9911719793218822
18.94000000000016,1,0.9972547579962896,0.9999996937070715,0.9911956022691149
18.950000000000163,1,0.9969857042104394,0.9999996965946287,0.9912191620035781
18.960000000000164,1,0.9967180253151848,0.9999996994550473,0.9912426586944233
18.970000000000166,1,0.9964517425361504,0.9999997022885815,0.9912660925103491
18.980000000000167,1,0.9961868768748963,0.9999997050954831,0.991289463619603
18.99000000000017,1,0.9959234491077162,0.9999997078760016,0.991312772189982
19.00000000000017,1,0.9956614797844642,0.9999997106303841,0.9913360183888342
19.010000000000172,1,0.9954009892274068,0.9999997133588755,0.99135920238306
19.020000000000174,1,0.995141997530104,0.9999997160617182,0.9913823243391129
19.030000000000175,1,0.9948845245563167,0.9999997187391527,0.9914053844230013
19.040000000000177,1,0.9946285899389417,0.9999997213914169,0.9914283828002892
19.05000000000018,1,0.9943742130789738,0.9999997240187466,0.9914513196360977
19.06000000000018,1,0.9941214131444958,0.9999997266213754,0.9914741950951059
19.07000000000018,1,0.9938702090696948,0.9999997291995347,0.9914970093415524
19.080000000000183,1,0.9936206195539068,0.9999997317534539,0.9915197625392361
19.090000000000185,1,0.9933726630606875,0.9999997342833601,0.9915424548515178
19.100000000000186,1,0.9931263578169113,0.9999997367894783,0.991565086441321
19.110000000000188,1,0.9928817218118968,0.9999997392720313,0.9915876574711333
19.12000000000019,1,0.9926387727965603,0.9999997417312402,0.9916101681030075
19.13000000000019,1,0.9923975282825953,0.9999997441673235,0.9916326184985628
19.140000000000192,1,0.9921580055416803,0.9999997465804981,0.9916550088189858
19.150000000000194,1,0.991920221604713,0.9999997489709785,0.991677339225032
19.160000000000196,1,0.9916841932610723,0.9999997513389777,0.9916996098770265
19.170000000000197,1,0.9914499370579059,0.9999997536847062,0.9917218209348656
19.1800000000002,1,0.9912174692994469,0.9999997560083728,0.9917439725580175
19.1900000000002,1,0.9909868060463558,0.9999997583101843,0.9917660649055238
19.200000000000202,1,0.9907579631150903,0.9999997605903456,0.9917880981360006
19.210000000000203,1,0.9905309560773016,0.9999997628490596,0.9918100724076393
19.220000000000205,1,0.9903058002592572,0.9999997650865274,0.9918319878782084
19.230000000000206,1,0.9900825107412915,0.9999997673029483,0.9918538447050538
19.240000000000208,1,0.9898611023572825,0.9999997694985193,0.9918756430451006
19.25000000000021,1,0.989641589694155,0.9999997716734361,0.991897383054854
19.26000000000021,1,0.9894239870914107,0.9999997738278924,0.9919190648904003
19.270000000000213,1,0.9892083086406849,0.9999997759620799,0.9919406887074081
19.280000000000214,1,0.9889945681853297,0.9999997780761888,0.9919622546611296
19.290000000000216,1,0.9887827793200236,0.9999997801704072,0.9919837629064016
19.300000000000217,1,0.9885729553904073,0.9999997822449218,0.9920052135976462
19.31000000000022,1,0.9883651094927463,0.9999997842999172,0.9920266068888726
19.32000000000022,1,0.9881592544736189,0.9999997863355765,0.9920479429336778
19.330000000000222,1,0.9879554029296314,0.9999997883520811,0.9920692218852479
19.340000000000224,1,0.9877535672071585,0.9999997903496106,0.9920904438963589
19.350000000000225,1,0.9875537594021103,0.999999792328343,0.9921116091193781
19.360000000000227,1,0.9873559913597248,0.9999997942884545,0.9921327177062651
19.37000000000023,1,0.9871602746743867,0.9999997962301199,0.9921537698085727
19.38000000000023,1,0.9869666206894712,0.9999997981535121,0.9921747655774484
19.39000000000023,1,0.9867750404972144,0.9999998000588026,0.9921957051636352
19.400000000000233,1,0.9865855449386091,0.9999998019461611,0.9922165887174725
19.410000000000235,1,0.9863981446033249,0.9999998038157559,0.9922374163888976
19.420000000000236,1,0.9862128498296555,0.9999998056677537,0.9922581883274466
19.430000000000238,1,0.9860296707044903,0.9999998075023194,0.9922789046822553
19.44000000000024,1,0.9858486170633112,0.9999998093196167,0.9922995656020606
19.45000000000024,1,0.9856696984902142,0.9999998111198076,0.9923201712352012
19.460000000000242,1,0.9854929243179575,0.9999998129030525,0.9923407217296192
19.470000000000244,1,0.9853183036280325,0.9999998146695105,0.9923612172328604
19.480000000000246,1,0.9851458452507609,0.9999998164193391,0.9923816578920761
19.490000000000247,1,0.984975557765416,0.9999998181526943,0.9924020438540236
19.50000000000025,1,0.984807449500369,0.9999998198697307,0.9924223752650678
19.51000000000025,1,0.984641528533259,0.9999998215706015,0.9924426522711816
19.520000000000252,1,0.9844778026911882,0.9999998232554583,0.9924628750179474
19.530000000000253,1,0.9843162795509405,0.9999998249244515,0.9924830436505582
19.540000000000255,1,0.9841569664392247,0.9999998265777299,0.9925031583138183
19.550000000000257,1,0.9839998704329419,0.999999828215441,0.9925232191521446
19.560000000000258,1,0.9838449983594764,0.9999998298377308,0.9925432263095675
19.57000000000026,1,0.9836923567970098,0.9999998314447442,0.992563179929732
19.58000000000026,1,0.9835419520748603,0.9999998330366247,0.9925830801558987
19.590000000000263,1,0.9833937902738437,0.999999834613514,0.992602927130945
19.600000000000264,1,0.9832478772266589,0.9999998361755532,0.9926227209973657
19.610000000000266,1,0.9831042185182962,0.9999998377228815,0.9926424618972746
19.620000000000267,1,0.9829628194864691,0.999999839255637,0.992662149972405
19.63000000000027,1,0.9828236852220682,0.9999998407739564,0.992681785364111
19.64000000000027,1,0.9826868205696386,0.9999998422779754,0.9927013682133685
19.650000000000272,1,0.9825522301278802,0.9999998437678284,0.9927208986607761
19.660000000000274,1,0.9824199182501696,0.999999845243648,0.992740376846556
19.670000000000275,1,0.9822898890451056,0.9999998467055664,0.9927598029105557
19.680000000000277,1,0.9821621463770758,0.9999998481537138,0.9927791769922479
19.69000000000028,1,0.982036693866846,0.9999998495882196,0.9927984992307325
19.70000000000028,1,0.9819135348921716,0.999999851009212,0.9928177697647369
19.71000000000028,1,0.9817926725884302,0.9999998524168178,0.9928369887326174
19.720000000000283,1,0.9816741098492765,0.9999998538111627,0.99285615627236
19.730000000000285,1,0.9815578493273186,0.9999998551923713,0.9928752725215817
19.740000000000286,1,0.9814438934348153,0.999999856560567,0.992894337617531
19.750000000000288,1,0.9813322443443949,0.9999998579158719,0.9929133516970892
19.76000000000029,1,0.9812229039897951,0.9999998592584071,0.9929323148967713
19.77000000000029,1,0.9811158740666233,0.9999998605882925,0.992951227352727
19.780000000000292,1,0.9810111560331385,0.999999861905647,0.9929700892007418
19.790000000000294,1,0.980908751111053,0.9999998632105883,0.9929889005762377
19.800000000000296,1,0.9808086602863549,0.999999864503233,0.9930076616142743
19.810000000000297,1,0.9807108843101504,0.9999998657836965,0.9930263724495502
19.8200000000003,1,0.9806154236995268,0.9999998670520933,0.9930450332164028
19.8300000000003,1,0.9805222787384351,0.9999998683085368,0.9930636440488108
19.840000000000302,1,0.9804314494785921,0.9999998695531394,0.9930822050803938
19.850000000000303,1,0.9803429357404024,0.999999870786012,0.9931007164444142
19.860000000000305,1,0.9802567371139002,0.9999998720072653,0.9931191782737777
19.870000000000307,1,0.9801728529597089,0.999999873217008,0.9931375907010344
19.880000000000308,1,0.9800912824100217,0.9999998744153485,0.9931559538583795
19.89000000000031,1,0.9800120243695996,0.9999998756023939,0.9931742678776548
19.90000000000031,1,0.9799350775167883,0.9999998767782503,0.993192532890349
19.910000000000313,1,0.979860440304555,0.9999998779430228,0.9932107490275992
19.920000000000314,1,0.9797881109615413,0.9999998790968156,0.9932289164201913
19.930000000000316,1,0.9797180874931363,0.999999880239732,0.9932470351985615
19.940000000000317,1,0.9796503676825664,0.999999881371874,0.9932651054927968
19.95000000000032,1,0.979584949092004,0.999999882493343,0.9932831274326361
19.96000000000032,1,0.9795218290636926,0.9999998836042393,0.9933011011474714
19.970000000000322,1,0.9794610047210903,0.9999998847046622,0.993319026766348
19.980000000000324,1,0.9794024729700304,0.9999998857947101,0.9933369044179662
19.990000000000325,1,0.9793462304998986,0.9999998868744807,0.9933547342306819
