time,Message__1_Hz_,Carrier__20_Hz_,AM_Signal
0,0,0,0
0.001,0,0,0
0.002,0.00502652,0.125333,0.125333
0.003,0.0100528,0.24869,0.24869
0.004,0.0150788,0.368125,0.368125
0.005,0.0201041,0.481754,0.481754
0.006,0.0251286,0.587785,0.587785
0.007,0.0301521,0.684547,0.684547
0.008,0.0351745,0.770513,0.770513
0.009,0.0401955,0.844328,0.844328
0.01,0.0452148,0.904827,0.904827
0.011,0.0502324,0.951057,0.951057
0.012,0.055248,0.982287,0.982287
0.013,0.0602614,0.998027,0.998027
0.014,0.0652725,0.998027,0.998027
0.015,0.070281,0.982287,0.982287
0.016,0.0752867,0.951057,0.951057
0.017,0.0802894,0.904827,0.904827
0.018,0.0852889,0.844328,0.844328
0.019,0.0902851,0.770513,0.770513
0.02,0.0952777,0.684547,0.684547
0.021,0.100267,0.587785,0.587785
0.022,0.105251,0.481754,0.481754
0.023,0.110232,0.368125,0.368125
0.024,0.115209,0.24869,0.24869
0.025,0.12018,0.125333,0.125333
0.026,0.125148,-1.65389e-15,-1.65389e-15
0.027,0.13011,-0.125333,-0.125333
0.028,0.135067,-0.24869,-0.24869
0.029,0.140018,-0.368125,-0.368125
0.03,0.144965,-0.481754,-0.481754
0.031,0.149905,-0.587785,-0.587785
0.032,0.15484,-0.684547,-0.684547
0.033,0.159768,-0.770513,-0.770513
0.034,0.16469,-0.844328,-0.844328
0.035,0.169606,-0.904827,-0.904827
0.036,0.174515,-0.951057,-0.951057
0.037,0.179417,-0.982287,-0.982287
0.038,0.184312,-0.998027,-0.998027
0.039,0.189199,-0.998027,-0.998027
0.04,0.194079,-0.982287,-0.982287
0.041,0.198952,-0.951057,-0.951057
0.042,0.203817,-0.904827,-0.904827
0.043,0.208673,-0.844328,-0.844328
0.044,0.213522,-0.770513,-0.770513
0.045,0.218362,-0.684547,-0.684547
0.046,0.223193,-0.587785,-0.587785
0.047,0.228015,-0.481754,-0.481754
0.048,0.232829,-0.368125,-0.368125
0.049,0.237633,-0.24869,-0.24869
0.05,0.242428,-0.125333,-0.125333
0.051,0.247214,4.19596e-15,4.19596e-15
0.052,0.251989,0.125333,0.125333
0.053,0.256755,0.24869,0.24869
0.054,0.26151,0.368125,0.368125
0.055,0.266256,0.481754,0.481754
0.056,0.27099,0.587785,0.587785
0.057,0.275714,0.684547,0.684547
0.058,0.280427,0.770513,0.770513
0.059,0.28513,0.844328,0.844328
0.06,0.28982,0.904827,0.904827
0.061,0.2945,0.951057,0.951057
0.062,0.299167,0.982287,0.982287
0.063,0.303823,0.998027,0.998027
0.064,0.308467,0.998027,0.998027
0.065,0.313099,0.982287,0.982287
0.066,0.317718,0.951057,0.951057
0.067,0.322325,0.904827,0.904827
0.068,0.326919,0.844328,0.844328
0.069,0.3315,0.770513,0.770513
0.07,0.336069,0.684547,0.684547
0.071,0.340623,0.587785,0.587785
0.072,0.345165,0.481754,0.481754
0.073,0.349693,0.368125,0.368125
0.074,0.354207,0.24869,0.24869
0.075,0.358707,0.125333,0.125333
0.076,0.363192,-6.73803e-15,-6.73803e-15
0.077,0.367664,-0.125333,-0.125333
0.078,0.372121,-0.24869,-0.24869
0.079,0.376563,-0.368125,-0.368125
0.08,0.380991,-0.481754,-0.481754
0.081,0.385403,-0.587785,-0.587785
0.082,0.3898,-0.684547,-0.684547
0.083,0.394182,-0.770513,-0.770513
0.084,0.398548,-0.844328,-0.844328
0.085,0.402899,-0.904827,-0.904827
0.086,0.407233,-0.951057,-0.951057
0.087,0.411552,-0.982287,-0.982287
0.088,0.415854,-0.998027,-0.998027
0.089,0.42014,-0.998027,-0.998027
0.09,0.424409,-0.982287,-0.982287
0.091,0.428661,-0.951057,-0.951057
0.092,0.432897,-0.904827,-0.904827
0.093,0.437115,-0.844328,-0.844328
0.094,0.441317,-0.770513,-0.770513
0.095,0.4455,-0.684547,-0.684547
0.096,0.449667,-0.587785,-0.587785
0.097,0.453815,-0.481754,-0.481754
0.098,0.457946,-0.368125,-0.368125
0.099,0.462058,-0.24869,-0.24869
0.1,0.466152,-0.125333,-0.125333
0.101,0.470228,8.39193e-15,8.39193e-15
0.102,0.474285,0.125333,0.125333
0.103,0.478324,0.24869,0.24869
0.104,0.482344,0.368125,0.368125
0.105,0.486344,0.481754,0.481754
0.106,0.490326,0.587785,0.587785
0.107,0.494288,0.684547,0.684547
0.108,0.49823,0.770513,0.770513
0.109,0.502153,0.844328,0.844328
0.11,0.506056,0.904827,0.904827
0.111,0.509939,0.951057,0.951057
0.112,0.513802,0.982287,0.982287
0.113,0.517645,0.998027,0.998027
0.114,0.521467,0.998027,0.998027
0.115,0.525269,0.982287,0.982287
0.116,0.529049,0.951057,0.951057
0.117,0.532809,0.904827,0.904827
0.118,0.536548,0.844328,0.844328
0.119,0.540266,0.770513,0.770513
0.12,0.543963,0.684547,0.684547
0.121,0.547638,0.587785,0.587785
0.122,0.551291,0.481754,0.481754
0.123,0.554923,0.368125,0.368125
0.124,0.558532,0.24869,0.24869
0.125,0.56212,0.125333,0.125333
0.126,0.565685,-1.00458e-14,-1.00458e-14
0.127,0.569229,-0.125333,-0.125333
0.128,0.572749,-0.24869,-0.24869
0.129,0.576247,-0.368125,-0.368125
0.13,0.579723,-0.481754,-0.481754
0.131,0.583175,-0.587785,-0.587785
0.132,0.586604,-0.684547,-0.684547
0.133,0.59001,-0.770513,-0.770513
0.134,0.593393,-0.844328,-0.844328
0.135,0.596753,-0.904827,-0.904827
0.136,0.600089,-0.951057,-0.951057
0.137,0.603401,-0.982287,-0.982287
0.138,0.60669,-0.998027,-0.998027
0.139,0.609954,-0.998027,-0.998027
0.14,0.613194,-0.982287,-0.982287
0.141,0.616411,-0.951057,-0.951057
0.142,0.619602,-0.904827,-0.904827
0.143,0.62277,-0.844328,-0.844328
0.144,0.625913,-0.770513,-0.770513
0.145,0.629031,-0.684547,-0.684547
0.146,0.632124,-0.587785,-0.587785
0.147,0.635192,-0.481754,-0.481754
0.148,0.638236,-0.368125,-0.368125
0.149,0.641254,-0.24869,-0.24869
0.15,0.644246,-0.125333,-0.125333
0.151,0.647214,1.34761e-14,1.34761e-14
0.152,0.650155,0.125333,0.125333
0.153,0.653071,0.24869,0.24869
0.154,0.655962,0.368125,0.368125
0.155,0.658826,0.481754,0.481754
0.156,0.661664,0.587785,0.587785
0.157,0.664477,0.684547,0.684547
0.158,0.667263,0.770513,0.770513
0.159,0.670022,0.844328,0.844328
0.16,0.672756,0.904827,0.904827
0.161,0.675462,0.951057,0.951057
0.162,0.678142,0.982287,0.982287
0.163,0.680796,0.998027,0.998027
0.164,0.683422,0.998027,0.998027
0.165,0.686021,0.982287,0.982287
0.166,0.688594,0.951057,0.951057
0.167,0.691139,0.904827,0.904827
0.168,0.693657,0.844328,0.844328
0.169,0.696147,0.770513,0.770513
0.17,0.69861,0.684547,0.684547
0.171,0.701045,0.587785,0.587785
0.172,0.703453,0.481754,0.481754
0.173,0.705833,0.368125,0.368125
0.174,0.708185,0.24869,0.24869
0.175,0.710509,0.125333,0.125333
0.176,0.712805,-1.69063e-14,-1.69063e-14
0.177,0.715073,-0.125333,-0.125333
0.178,0.717313,-0.24869,-0.24869
0.179,0.719524,-0.368125,-0.368125
0.18,0.721707,-0.481754,-0.481754
0.181,0.723862,-0.587785,-0.587785
0.182,0.725988,-0.684547,-0.684547
0.183,0.728085,-0.770513,-0.770513
0.184,0.730153,-0.844328,-0.844328
0.185,0.732193,-0.904827,-0.904827
0.186,0.734204,-0.951057,-0.951057
0.187,0.736185,-0.982287,-0.982287
0.188,0.738138,-0.998027,-0.998027
0.189,0.740062,-0.998027,-0.998027
0.19,0.741956,-0.982287,-0.982287
0.191,0.743821,-0.951057,-0.951057
0.192,0.745657,-0.904827,-0.904827
0.193,0.747463,-0.844328,-0.844328
0.194,0.74924,-0.770513,-0.770513
0.195,0.750987,-0.684547,-0.684547
0.196,0.752705,-0.587785,-0.587785
0.197,0.754392,-0.481754,-0.481754
0.198,0.75605,-0.368125,-0.368125
0.199,0.757679,-0.24869,-0.24869
0.2,0.759277,-0.125333,-0.125333
0.201,0.760845,1.67839e-14,1.67839e-14
0.202,0.762383,0.125333,0.125333
0.203,0.763892,0.24869,0.24869
0.204,0.76537,0.368125,0.368125
0.205,0.766817,0.481754,0.481754
0.206,0.768235,0.587785,0.587785
0.207,0.769622,0.684547,0.684547
0.208,0.770979,0.770513,0.770513
0.209,0.772305,0.844328,0.844328
0.21,0.773601,0.904827,0.904827
0.211,0.774867,0.951057,0.951057
0.212,0.776101,0.982287,0.982287
0.213,0.777305,0.998027,0.998027
0.214,0.778479,0.998027,0.998027
0.215,0.779621,0.982287,0.982287
0.216,0.780733,0.951057,0.951057
0.217,0.781814,0.904827,0.904827
0.218,0.782865,0.844328,0.844328
0.219,0.783884,0.770513,0.770513
0.22,0.784872,0.684547,0.684547
0.221,0.78583,0.587785,0.587785
0.222,0.786756,0.481754,0.481754
0.223,0.787651,0.368125,0.368125
0.224,0.788516,0.24869,0.24869
0.225,0.789349,0.125333,0.125333
0.226,0.790151,-2.02141e-14,-2.02141e-14
0.227,0.790921,-0.125333,-0.125333
0.228,0.791661,-0.24869,-0.24869
0.229,0.792369,-0.368125,-0.368125
0.23,0.793046,-0.481754,-0.481754
0.231,0.793692,-0.587785,-0.587785
0.232,0.794306,-0.684547,-0.684547
0.233,0.794889,-0.770513,-0.770513
0.234,0.795441,-0.844328,-0.844328
0.235,0.795961,-0.904827,-0.904827
0.236,0.79645,-0.951057,-0.951057
0.237,0.796907,-0.982287,-0.982287
0.238,0.797333,-0.998027,-0.998027
0.239,0.797727,-0.998027,-0.998027
0.24,0.79809,-0.982287,-0.982287
0.241,0.798421,-0.951057,-0.951057
0.242,0.798721,-0.904827,-0.904827
0.243,0.79899,-0.844328,-0.844328
0.244,0.799226,-0.770513,-0.770513
0.245,0.799432,-0.684547,-0.684547
0.246,0.799605,-0.587785,-0.587785
0.247,0.799747,-0.481754,-0.481754
0.248,0.799858,-0.368125,-0.368125
0.249,0.799937,-0.24869,-0.24869
0.25,0.799984,-0.125333,-0.125333
0.251,0.8,2.00916e-14,2.00916e-14
0.252,0.799984,0.125333,0.125333
0.253,0.799937,0.24869,0.24869
0.254,0.799858,0.368125,0.368125
0.255,0.799747,0.481754,0.481754
0.256,0.799605,0.587785,0.587785
0.257,0.799432,0.684547,0.684547
0.258,0.799226,0.770513,0.770513
0.259,0.79899,0.844328,0.844328
0.26,0.798721,0.904827,0.904827
0.261,0.798421,0.951057,0.951057
0.262,0.79809,0.982287,0.982287
0.263,0.797727,0.998027,0.998027
0.264,0.797333,0.998027,0.998027
0.265,0.796907,0.982287,0.982287
0.266,0.79645,0.951057,0.951057
0.267,0.795961,0.904827,0.904827
0.268,0.795441,0.844328,0.844328
0.269,0.794889,0.770513,0.770513
0.27,0.794306,0.684547,0.684547
0.271,0.793692,0.587785,0.587785
0.272,0.793046,0.481754,0.481754
0.273,0.792369,0.368125,0.368125
0.274,0.791661,0.24869,0.24869
0.275,0.790921,0.125333,0.125333
0.276,0.790151,-2.35219e-14,-2.35219e-14
0.277,0.789349,-0.125333,-0.125333
0.278,0.788516,-0.24869,-0.24869
0.279,0.787651,-0.368125,-0.368125
0.28,0.786756,-0.481754,-0.481754
0.281,0.78583,-0.587785,-0.587785
0.282,0.784872,-0.684547,-0.684547
0.283,0.783884,-0.770513,-0.770513
0.284,0.782865,-0.844328,-0.844328
0.285,0.781814,-0.904827,-0.904827
0.286,0.780733,-0.951057,-0.951057
0.287,0.779621,-0.982287,-0.982287
0.288,0.778479,-0.998027,-0.998027
0.289,0.777305,-0.998027,-0.998027
0.29,0.776101,-0.982287,-0.982287
0.291,0.774867,-0.951057,-0.951057
0.292,0.773601,-0.904827,-0.904827
0.293,0.772305,-0.844328,-0.844328
0.294,0.770979,-0.770513,-0.770513
0.295,0.769622,-0.684547,-0.684547
0.296,0.768235,-0.587785,-0.587785
0.297,0.766817,-0.481754,-0.481754
0.298,0.76537,-0.368125,-0.368125
0.299,0.763892,-0.24869,-0.24869
0.3,0.762383,-0.125333,-0.125333
0.301,0.760845,2.69521e-14,2.69521e-14
0.302,0.759277,0.125333,0.125333
0.303,0.757679,0.24869,0.24869
0.304,0.75605,0.368125,0.368125
0.305,0.754392,0.481754,0.481754
0.306,0.752705,0.587785,0.587785
0.307,0.750987,0.684547,0.684547
0.308,0.74924,0.770513,0.770513
0.309,0.747463,0.844328,0.844328
0.31,0.745657,0.904827,0.904827
0.311,0.743821,0.951057,0.951057
0.312,0.741956,0.982287,0.982287
0.313,0.740062,0.998027,0.998027
0.314,0.738138,0.998027,0.998027
0.315,0.736185,0.982287,0.982287
0.316,0.734204,0.951057,0.951057
0.317,0.732193,0.904827,0.904827
0.318,0.730153,0.844328,0.844328
0.319,0.728085,0.770513,0.770513
0.32,0.725988,0.684547,0.684547
0.321,0.723862,0.587785,0.587785
0.322,0.721707,0.481754,0.481754
0.323,0.719524,0.368125,0.368125
0.324,0.717313,0.24869,0.24869
0.325,0.715073,0.125333,0.125333
0.326,0.712805,-3.03824e-14,-3.03824e-14
0.327,0.710509,-0.125333,-0.125333
0.328,0.708185,-0.24869,-0.24869
0.329,0.705833,-0.368125,-0.368125
0.33,0.703453,-0.481754,-0.481754
0.331,0.701045,-0.587785,-0.587785
0.332,0.69861,-0.684547,-0.684547
0.333,0.696147,-0.770513,-0.770513
0.334,0.693657,-0.844328,-0.844328
0.335,0.691139,-0.904827,-0.904827
0.336,0.688594,-0.951057,-0.951057
0.337,0.686021,-0.982287,-0.982287
0.338,0.683422,-0.998027,-0.998027
0.339,0.680796,-0.998027,-0.998027
0.34,0.678142,-0.982287,-0.982287
0.341,0.675462,-0.951057,-0.951057
0.342,0.672756,-0.904827,-0.904827
0.343,0.670022,-0.844328,-0.844328
0.344,0.667263,-0.770513,-0.770513
0.345,0.664477,-0.684547,-0.684547
0.346,0.661664,-0.587785,-0.587785
0.347,0.658826,-0.481754,-0.481754
0.348,0.655962,-0.368125,-0.368125
0.349,0.653071,-0.24869,-0.24869
0.35,0.650155,-0.125333,-0.125333
0.351,0.647214,3.38126e-14,3.38126e-14
0.352,0.644246,0.125333,0.125333
0.353,0.641254,0.24869,0.24869
0.354,0.638236,0.368125,0.368125
0.355,0.635192,0.481754,0.481754
0.356,0.632124,0.587785,0.587785
0.357,0.629031,0.684547,0.684547
0.358,0.625913,0.770513,0.770513
0.359,0.62277,0.844328,0.844328
0.36,0.619602,0.904827,0.904827
0.361,0.616411,0.951057,0.951057
0.362,0.613194,0.982287,0.982287
0.363,0.609954,0.998027,0.998027
0.364,0.60669,0.998027,0.998027
0.365,0.603401,0.982287,0.982287
0.366,0.600089,0.951057,0.951057
0.367,0.596753,0.904827,0.904827
0.368,0.593393,0.844328,0.844328
0.369,0.59001,0.770513,0.770513
0.37,0.586604,0.684547,0.684547
0.371,0.583175,0.587785,0.587785
0.372,0.579723,0.481754,0.481754
0.373,0.576247,0.368125,0.368125
0.374,0.572749,0.24869,0.24869
0.375,0.569229,0.125333,0.125333
0.376,0.565685,-3.01375e-14,-3.01375e-14
0.377,0.56212,-0.125333,-0.125333
0.378,0.558532,-0.24869,-0.24869
0.379,0.554923,-0.368125,-0.368125
0.38,0.551291,-0.481754,-0.481754
0.381,0.547638,-0.587785,-0.587785
0.382,0.543963,-0.684547,-0.684547
0.383,0.540266,-0.770513,-0.770513
0.384,0.536548,-0.844328,-0.844328
0.385,0.532809,-0.904827,-0.904827
0.386,0.529049,-0.951057,-0.951057
0.387,0.525269,-0.982287,-0.982287
0.388,0.521467,-0.998027,-0.998027
0.389,0.517645,-0.998027,-0.998027
0.39,0.513802,-0.982287,-0.982287
0.391,0.509939,-0.951057,-0.951057
0.392,0.506056,-0.904827,-0.904827
0.393,0.502153,-0.844328,-0.844328
0.394,0.49823,-0.770513,-0.770513
0.395,0.494288,-0.684547,-0.684547
0.396,0.490326,-0.587785,-0.587785
0.397,0.486344,-0.481754,-0.481754
0.398,0.482344,-0.368125,-0.368125
0.399,0.478324,-0.24869,-0.24869
0.4,0.474285,-0.125333,-0.125333
0.401,0.470228,3.35677e-14,3.35677e-14
0.402,0.466152,0.125333,0.125333
0.403,0.462058,0.24869,0.24869
0.404,0.457946,0.368125,0.368125
0.405,0.453815,0.481754,0.481754
0.406,0.449667,0.587785,0.587785
0.407,0.4455,0.684547,0.684547
0.408,0.441317,0.770513,0.770513
0.409,0.437115,0.844328,0.844328
0.41,0.432897,0.904827,0.904827
0.411,0.428661,0.951057,0.951057
0.412,0.424409,0.982287,0.982287
0.413,0.42014,0.998027,0.998027
0.414,0.415854,0.998027,0.998027
0.415,0.411552,0.982287,0.982287
0.416,0.407233,0.951057,0.951057
0.417,0.402899,0.904827,0.904827
0.418,0.398548,0.844328,0.844328
0.419,0.394182,0.770513,0.770513
0.42,0.3898,0.684547,0.684547
0.421,0.385403,0.587785,0.587785
0.422,0.380991,0.481754,0.481754
0.423,0.376563,0.368125,0.368125
0.424,0.372121,0.24869,0.24869
0.425,0.367664,0.125333,0.125333
0.426,0.363192,-3.6998e-14,-3.6998e-14
0.427,0.358707,-0.125333,-0.125333
0.428,0.354207,-0.24869,-0.24869
0.429,0.349693,-0.368125,-0.368125
0.43,0.345165,-0.481754,-0.481754
0.431,0.340623,-0.587785,-0.587785
0.432,0.336069,-0.684547,-0.684547
0.433,0.3315,-0.770513,-0.770513
0.434,0.326919,-0.844328,-0.844328
0.435,0.322325,-0.904827,-0.904827
0.436,0.317718,-0.951057,-0.951057
0.437,0.313099,-0.982287,-0.982287
0.438,0.308467,-0.998027,-0.998027
0.439,0.303823,-0.998027,-0.998027
0.44,0.299167,-0.982287,-0.982287
0.441,0.2945,-0.951057,-0.951057
0.442,0.28982,-0.904827,-0.904827
0.443,0.28513,-0.844328,-0.844328
0.444,0.280427,-0.770513,-0.770513
0.445,0.275714,-0.684547,-0.684547
0.446,0.27099,-0.587785,-0.587785
0.447,0.266256,-0.481754,-0.481754
0.448,0.26151,-0.368125,-0.368125
0.449,0.256755,-0.24869,-0.24869
0.45,0.251989,-0.125333,-0.125333
0.451,0.247214,4.04282e-14,4.04282e-14
0.452,0.242428,0.125333,0.125333
0.453,0.237633,0.24869,0.24869
0.454,0.232829,0.368125,0.368125
0.455,0.228015,0.481754,0.481754
0.456,0.223193,0.587785,0.587785
0.457,0.218362,0.684547,0.684547
0.458,0.213522,0.770513,0.770513
0.459,0.208673,0.844328,0.844328
0.46,0.203817,0.904827,0.904827
0.461,0.198952,0.951057,0.951057
0.462,0.194079,0.982287,0.982287
0.463,0.189199,0.998027,0.998027
0.464,0.184312,0.998027,0.998027
0.465,0.179417,0.982287,0.982287
0.466,0.174515,0.951057,0.951057
0.467,0.169606,0.904827,0.904827
0.468,0.16469,0.844328,0.844328
0.469,0.159768,0.770513,0.770513
0.47,0.15484,0.684547,0.684547
0.471,0.149905,0.587785,0.587785
0.472,0.144965,0.481754,0.481754
0.473,0.140018,0.368125,0.368125
0.474,0.135067,0.24869,0.24869
0.475,0.13011,0.125333,0.125333
0.476,0.125148,-4.38584e-14,-4.38584e-14
0.477,0.12018,-0.125333,-0.125333
0.478,0.115209,-0.24869,-0.24869
0.479,0.110232,-0.368125,-0.368125
0.48,0.105251,-0.481754,-0.481754
0.481,0.100267,-0.587785,-0.587785
0.482,0.0952777,-0.684547,-0.684547
0.483,0.0902851,-0.770513,-0.770513
0.484,0.0852889,-0.844328,-0.844328
0.485,0.0802894,-0.904827,-0.904827
0.486,0.0752867,-0.951057,-0.951057
0.487,0.070281,-0.982287,-0.982287
0.488,0.0652725,-0.998027,-0.998027
0.489,0.0602614,-0.998027,-0.998027
0.49,0.055248,-0.982287,-0.982287
0.491,0.0502324,-0.951057,-0.951057
0.492,0.0452148,-0.904827,-0.904827
0.493,0.0401955,-0.844328,-0.844328
0.494,0.0351745,-0.770513,-0.770513
0.495,0.0301521,-0.684547,-0.684547
0.496,0.0251286,-0.587785,-0.587785
0.497,0.0201041,-0.481754,-0.481754
0.498,0.0150788,-0.368125,-0.368125
0.499,0.0100528,-0.24869,-0.24869
0.5,0.00502652,-0.125333,-0.125333
0.501,-1.67839e-15,4.01833e-14,4.01833e-14
0.502,-0.00502652,0.125333,0.125333
0.503,-0.0100528,0.24869,0.24869
0.504,-0.0150788,0.368125,0.368125
0.505,-0.0201041,0.481754,0.481754
0.506,-0.0251286,0.587785,0.587785
0.507,-0.0301521,0.684547,0.684547
0.508,-0.0351745,0.770513,0.770513
0.509,-0.0401955,0.844328,0.844328
0.51,-0.0452148,0.904827,0.904827
0.511,-0.0502324,0.951057,0.951057
0.512,-0.055248,0.982287,0.982287
0.513,-0.0602614,0.998027,0.998027
0.514,-0.0652725,0.998027,0.998027
0.515,-0.070281,0.982287,0.982287
0.516,-0.0752867,0.951057,0.951057
0.517,-0.0802894,0.904827,0.904827
0.518,-0.0852889,0.844328,0.844328
0.519,-0.0902851,0.770513,0.770513
0.52,-0.0952777,0.684547,0.684547
0.521,-0.100267,0.587785,0.587785
0.522,-0.105251,0.481754,0.481754
0.523,-0.110232,0.368125,0.368125
0.524,-0.115209,0.24869,0.24869
0.525,-0.12018,0.125333,0.125333
0.526,-0.125148,-4.36135e-14,-4.36135e-14
0.527,-0.13011,-0.125333,-0.125333
0.528,-0.135067,-0.24869,-0.24869
0.529,-0.140018,-0.368125,-0.368125
0.53,-0.144965,-0.481754,-0.481754
0.531,-0.149905,-0.587785,-0.587785
0.532,-0.15484,-0.684547,-0.684547
0.533,-0.159768,-0.770513,-0.770513
0.534,-0.16469,-0.844328,-0.844328
0.535,-0.169606,-0.904827,-0.904827
0.536,-0.174515,-0.951057,-0.951057
0.537,-0.179417,-0.982287,-0.982287
0.538,-0.184312,-0.998027,-0.998027
0.539,-0.189199,-0.998027,-0.998027
0.54,-0.194079,-0.982287,-0.982287
0.541,-0.198952,-0.951057,-0.951057
0.542,-0.203817,-0.904827,-0.904827
0.543,-0.208673,-0.844328,-0.844328
0.544,-0.213522,-0.770513,-0.770513
0.545,-0.218362,-0.684547,-0.684547
0.546,-0.223193,-0.587785,-0.587785
0.547,-0.228015,-0.481754,-0.481754
0.548,-0.232829,-0.368125,-0.368125
0.549,-0.237633,-0.24869,-0.24869
0.55,-0.242428,-0.125333,-0.125333
0.551,-0.247214,4.70438e-14,4.70438e-14
0.552,-0.251989,0.125333,0.125333
0.553,-0.256755,0.24869,0.24869
0.554,-0.26151,0.368125,0.368125
0.555,-0.266256,0.481754,0.481754
0.556,-0.27099,0.587785,0.587785
0.557,-0.275714,0.684547,0.684547
0.558,-0.280427,0.770513,0.770513
0.559,-0.28513,0.844328,0.844328
0.56,-0.28982,0.904827,0.904827
0.561,-0.2945,0.951057,0.951057
0.562,-0.299167,0.982287,0.982287
0.563,-0.303823,0.998027,0.998027
0.564,-0.308467,0.998027,0.998027
0.565,-0.313099,0.982287,0.982287
0.566,-0.317718,0.951057,0.951057
0.567,-0.322325,0.904827,0.904827
0.568,-0.326919,0.844328,0.844328
0.569,-0.3315,0.770513,0.770513
0.57,-0.336069,0.684547,0.684547
0.571,-0.340623,0.587785,0.587785
0.572,-0.345165,0.481754,0.481754
0.573,-0.349693,0.368125,0.368125
0.574,-0.354207,0.24869,0.24869
0.575,-0.358707,0.125333,0.125333
0.576,-0.363192,-5.0474e-14,-5.0474e-14
0.577,-0.367664,-0.125333,-0.125333
0.578,-0.372121,-0.24869,-0.24869
0.579,-0.376563,-0.368125,-0.368125
0.58,-0.380991,-0.481754,-0.481754
0.581,-0.385403,-0.587785,-0.587785
0.582,-0.3898,-0.684547,-0.684547
0.583,-0.394182,-0.770513,-0.770513
0.584,-0.398548,-0.844328,-0.844328
0.585,-0.402899,-0.904827,-0.904827
0.586,-0.407233,-0.951057,-0.951057
0.587,-0.411552,-0.982287,-0.982287
0.588,-0.415854,-0.998027,-0.998027
0.589,-0.42014,-0.998027,-0.998027
0.59,-0.424409,-0.982287,-0.982287
0.591,-0.428661,-0.951057,-0.951057
0.592,-0.432897,-0.904827,-0.904827
0.593,-0.437115,-0.844328,-0.844328
0.594,-0.441317,-0.770513,-0.770513
0.595,-0.4455,-0.684547,-0.684547
0.596,-0.449667,-0.587785,-0.587785
0.597,-0.453815,-0.481754,-0.481754
0.598,-0.457946,-0.368125,-0.368125
0.599,-0.462058,-0.24869,-0.24869
0.6,-0.466152,-0.125333,-0.125333
0.601,-0.470228,5.39043e-14,5.39043e-14
0.602,-0.474285,0.125333,0.125333
0.603,-0.478324,0.24869,0.24869
0.604,-0.482344,0.368125,0.368125
0.605,-0.486344,0.481754,0.481754
0.606,-0.490326,0.587785,0.587785
0.607,-0.494288,0.684547,0.684547
0.608,-0.49823,0.770513,0.770513
0.609,-0.502153,0.844328,0.844328
0.61,-0.506056,0.904827,0.904827
0.611,-0.509939,0.951057,0.951057
0.612,-0.513802,0.982287,0.982287
0.613,-0.517645,0.998027,0.998027
0.614,-0.521467,0.998027,0.998027
0.615,-0.525269,0.982287,0.982287
0.616,-0.529049,0.951057,0.951057
0.617,-0.532809,0.904827,0.904827
0.618,-0.536548,0.844328,0.844328
0.619,-0.540266,0.770513,0.770513
0.62,-0.543963,0.684547,0.684547
0.621,-0.547638,0.587785,0.587785
0.622,-0.551291,0.481754,0.481754
0.623,-0.554923,0.368125,0.368125
0.624,-0.558532,0.24869,0.24869
0.625,-0.56212,0.125333,0.125333
0.626,-0.565685,-5.73345e-14,-5.73345e-14
0.627,-0.569229,-0.125333,-0.125333
0.628,-0.572749,-0.24869,-0.24869
0.629,-0.576247,-0.368125,-0.368125
0.63,-0.579723,-0.481754,-0.481754
0.631,-0.583175,-0.587785,-0.587785
0.632,-0.586604,-0.684547,-0.684547
0.633,-0.59001,-0.770513,-0.770513
0.634,-0.593393,-0.844328,-0.844328
0.635,-0.596753,-0.904827,-0.904827
0.636,-0.600089,-0.951057,-0.951057
0.637,-0.603401,-0.982287,-0.982287
0.638,-0.60669,-0.998027,-0.998027
0.639,-0.609954,-0.998027,-0.998027
0.64,-0.613194,-0.982287,-0.982287
0.641,-0.616411,-0.951057,-0.951057
0.642,-0.619602,-0.904827,-0.904827
0.643,-0.62277,-0.844328,-0.844328
0.644,-0.625913,-0.770513,-0.770513
0.645,-0.629031,-0.684547,-0.684547
0.646,-0.632124,-0.587785,-0.587785
0.647,-0.635192,-0.481754,-0.481754
0.648,-0.638236,-0.368125,-0.368125
0.649,-0.641254,-0.24869,-0.24869
0.65,-0.644246,-0.125333,-0.125333
0.651,-0.647214,6.07648e-14,6.07648e-14
0.652,-0.650155,0.125333,0.125333
0.653,-0.653071,0.24869,0.24869
0.654,-0.655962,0.368125,0.368125
0.655,-0.658826,0.481754,0.481754
0.656,-0.661664,0.587785,0.587785
0.657,-0.664477,0.684547,0.684547
0.658,-0.667263,0.770513,0.770513
0.659,-0.670022,0.844328,0.844328
0.66,-0.672756,0.904827,0.904827
0.661,-0.675462,0.951057,0.951057
0.662,-0.678142,0.982287,0.982287
0.663,-0.680796,0.998027,0.998027
0.664,-0.683422,0.998027,0.998027
0.665,-0.686021,0.982287,0.982287
0.666,-0.688594,0.951057,0.951057
0.667,-0.691139,0.904827,0.904827
0.668,-0.693657,0.844328,0.844328
0.669,-0.696147,0.770513,0.770513
0.67,-0.69861,0.684547,0.684547
0.671,-0.701045,0.587785,0.587785
0.672,-0.703453,0.481754,0.481754
0.673,-0.705833,0.368125,0.368125
0.674,-0.708185,0.24869,0.24869
0.675,-0.710509,0.125333,0.125333
0.676,-0.712805,-6.4195e-14,-6.4195e-14
0.677,-0.715073,-0.125333,-0.125333
0.678,-0.717313,-0.24869,-0.24869
0.679,-0.719524,-0.368125,-0.368125
0.68,-0.721707,-0.481754,-0.481754
0.681,-0.723862,-0.587785,-0.587785
0.682,-0.725988,-0.684547,-0.684547
0.683,-0.728085,-0.770513,-0.770513
0.684,-0.730153,-0.844328,-0.844328
0.685,-0.732193,-0.904827,-0.904827
0.686,-0.734204,-0.951057,-0.951057
0.687,-0.736185,-0.982287,-0.982287
0.688,-0.738138,-0.998027,-0.998027
0.689,-0.740062,-0.998027,-0.998027
0.69,-0.741956,-0.982287,-0.982287
0.691,-0.743821,-0.951057,-0.951057
0.692,-0.745657,-0.904827,-0.904827
0.693,-0.747463,-0.844328,-0.844328
0.694,-0.74924,-0.770513,-0.770513
0.695,-0.750987,-0.684547,-0.684547
0.696,-0.752705,-0.587785,-0.587785
0.697,-0.754392,-0.481754,-0.481754
0.698,-0.75605,-0.368125,-0.368125
0.699,-0.757679,-0.24869,-0.24869
0.7,-0.759277,-0.125333,-0.125333
0.701,-0.760845,6.76253e-14,6.76253e-14
0.702,-0.762383,0.125333,0.125333
0.703,-0.763892,0.24869,0.24869
0.704,-0.76537,0.368125,0.368125
0.705,-0.766817,0.481754,0.481754
0.706,-0.768235,0.587785,0.587785
0.707,-0.769622,0.684547,0.684547
0.708,-0.770979,0.770513,0.770513
0.709,-0.772305,0.844328,0.844328
0.71,-0.773601,0.904827,0.904827
0.711,-0.774867,0.951057,0.951057
0.712,-0.776101,0.982287,0.982287
0.713,-0.777305,0.998027,0.998027
0.714,-0.778479,0.998027,0.998027
0.715,-0.779621,0.982287,0.982287
0.716,-0.780733,0.951057,0.951057
0.717,-0.781814,0.904827,0.904827
0.718,-0.782865,0.844328,0.844328
0.719,-0.783884,0.770513,0.770513
0.72,-0.784872,0.684547,0.684547
0.721,-0.78583,0.587785,0.587785
0.722,-0.786756,0.481754,0.481754
0.723,-0.787651,0.368125,0.368125
0.724,-0.788516,0.24869,0.24869
0.725,-0.789349,0.125333,0.125333
0.726,-0.790151,-5.68447e-14,-5.68447e-14
0.727,-0.790921,-0.125333,-0.125333
0.728,-0.791661,-0.24869,-0.24869
0.729,-0.792369,-0.368125,-0.368125
0.73,-0.793046,-0.481754,-0.481754
0.731,-0.793692,-0.587785,-0.587785
0.732,-0.794306,-0.684547,-0.684547
0.733,-0.794889,-0.770513,-0.770513
0.734,-0.795441,-0.844328,-0.844328
0.735,-0.795961,-0.904827,-0.904827
0.736,-0.79645,-0.951057,-0.951057
0.737,-0.796907,-0.982287,-0.982287
0.738,-0.797333,-0.998027,-0.998027
0.739,-0.797727,-0.998027,-0.998027
0.74,-0.79809,-0.982287,-0.982287
0.741,-0.798421,-0.951057,-0.951057
0.742,-0.798721,-0.904827,-0.904827
0.743,-0.79899,-0.844328,-0.844328
0.744,-0.799226,-0.770513,-0.770513
0.745,-0.799432,-0.684547,-0.684547
0.746,-0.799605,-0.587785,-0.587785
0.747,-0.799747,-0.481754,-0.481754
0.748,-0.799858,-0.368125,-0.368125
0.749,-0.799937,-0.24869,-0.24869
0.75,-0.799984,-0.125333,-0.125333
0.751,-0.8,6.02749e-14,6.02749e-14
0.752,-0.799984,0.125333,0.125333
0.753,-0.799937,0.24869,0.24869
0.754,-0.799858,0.368125,0.368125
0.755,-0.799747,0.481754,0.481754
0.756,-0.799605,0.587785,0.587785
0.757,-0.799432,0.684547,0.684547
0.758,-0.799226,0.770513,0.770513
0.759,-0.79899,0.844328,0.844328
0.76,-0.798721,0.904827,0.904827
0.761,-0.798421,0.951057,0.951057
0.762,-0.79809,0.982287,0.982287
0.763,-0.797727,0.998027,0.998027
0.764,-0.797333,0.998027,0.998027
0.765,-0.796907,0.982287,0.982287
0.766,-0.79645,0.951057,0.951057
0.767,-0.795961,0.904827,0.904827
0.768,-0.795441,0.844328,0.844328
0.769,-0.794889,0.770513,0.770513
0.77,-0.794306,0.684547,0.684547
0.771,-0.793692,0.587785,0.587785
0.772,-0.793046,0.481754,0.481754
0.773,-0.792369,0.368125,0.368125
0.774,-0.791661,0.24869,0.24869
0.775,-0.790921,0.125333,0.125333
0.776,-0.790151,-6.37052e-14,-6.37052e-14
0.777,-0.789349,-0.125333,-0.125333
0.778,-0.788516,-0.24869,-0.24869
0.779,-0.787651,-0.368125,-0.368125
0.78,-0.786756,-0.481754,-0.481754
0.781,-0.78583,-0.587785,-0.587785
0.782,-0.784872,-0.684547,-0.684547
0.783,-0.783884,-0.770513,-0.770513
0.784,-0.782865,-0.844328,-0.844328
0.785,-0.781814,-0.904827,-0.904827
0.786,-0.780733,-0.951057,-0.951057
0.787,-0.779621,-0.982287,-0.982287
0.788,-0.778479,-0.998027,-0.998027
0.789,-0.777305,-0.998027,-0.998027
0.79,-0.776101,-0.982287,-0.982287
0.791,-0.774867,-0.951057,-0.951057
0.792,-0.773601,-0.904827,-0.904827
0.793,-0.772305,-0.844328,-0.844328
0.794,-0.770979,-0.770513,-0.770513
0.795,-0.769622,-0.684547,-0.684547
0.796,-0.768235,-0.587785,-0.587785
0.797,-0.766817,-0.481754,-0.481754
0.798,-0.76537,-0.368125,-0.368125
0.799,-0.763892,-0.24869,-0.24869
0.8,-0.762383,-0.125333,-0.125333
0.801,-0.760845,6.71354e-14,6.71354e-14
0.802,-0.759277,0.125333,0.125333
0.803,-0.757679,0.24869,0.24869
0.804,-0.75605,0.368125,0.368125
0.805,-0.754392,0.481754,0.481754
0.806,-0.752705,0.587785,0.587785
0.807,-0.750987,0.684547,0.684547
0.808,-0.74924,0.770513,0.770513
0.809,-0.747463,0.844328,0.844328
0.81,-0.745657,0.904827,0.904827
0.811,-0.743821,0.951057,0.951057
0.812,-0.741956,0.982287,0.982287
0.813,-0.740062,0.998027,0.998027
0.814,-0.738138,0.998027,0.998027
0.815,-0.736185,0.982287,0.982287
0.816,-0.734204,0.951057,0.951057
0.817,-0.732193,0.904827,0.904827
0.818,-0.730153,0.844328,0.844328
0.819,-0.728085,0.770513,0.770513
0.82,-0.725988,0.684547,0.684547
0.821,-0.723862,0.587785,0.587785
0.822,-0.721707,0.481754,0.481754
0.823,-0.719524,0.368125,0.368125
0.824,-0.717313,0.24869,0.24869
0.825,-0.715073,0.125333,0.125333
0.826,-0.712805,-7.05657e-14,-7.05657e-14
0.827,-0.710509,-0.125333,-0.125333
0.828,-0.708185,-0.24869,-0.24869
0.829,-0.705833,-0.368125,-0.368125
0.83,-0.703453,-0.481754,-0.481754
0.831,-0.701045,-0.587785,-0.587785
0.832,-0.69861,-0.684547,-0.684547
0.833,-0.696147,-0.770513,-0.770513
0.834,-0.693657,-0.844328,-0.844328
0.835,-0.691139,-0.904827,-0.904827
0.836,-0.688594,-0.951057,-0.951057
0.837,-0.686021,-0.982287,-0.982287
0.838,-0.683422,-0.998027,-0.998027
0.839,-0.680796,-0.998027,-0.998027
0.84,-0.678142,-0.982287,-0.982287
0.841,-0.675462,-0.951057,-0.951057
0.842,-0.672756,-0.904827,-0.904827
0.843,-0.670022,-0.844328,-0.844328
0.844,-0.667263,-0.770513,-0.770513
0.845,-0.664477,-0.684547,-0.684547
0.846,-0.661664,-0.587785,-0.587785
0.847,-0.658826,-0.481754,-0.481754
0.848,-0.655962,-0.368125,-0.368125
0.849,-0.653071,-0.24869,-0.24869
0.85,-0.650155,-0.125333,-0.125333
0.851,-0.647214,7.39959e-14,7.39959e-14
0.852,-0.644246,0.125333,0.125333
0.853,-0.641254,0.24869,0.24869
0.854,-0.638236,0.368125,0.368125
0.855,-0.635192,0.481754,0.481754
0.856,-0.632124,0.587785,0.587785
0.857,-0.629031,0.684547,0.684547
0.858,-0.625913,0.770513,0.770513
0.859,-0.62277,0.844328,0.844328
0.86,-0.619602,0.904827,0.904827
0.861,-0.616411,0.951057,0.951057
0.862,-0.613194,0.982287,0.982287
0.863,-0.609954,0.998027,0.998027
0.864,-0.60669,0.998027,0.998027
0.865,-0.603401,0.982287,0.982287
0.866,-0.600089,0.951057,0.951057
0.867,-0.596753,0.904827,0.904827
0.868,-0.593393,0.844328,0.844328
0.869,-0.59001,0.770513,0.770513
0.87,-0.586604,0.684547,0.684547
0.871,-0.583175,0.587785,0.587785
0.872,-0.579723,0.481754,0.481754
0.873,-0.576247,0.368125,0.368125
0.874,-0.572749,0.24869,0.24869
0.875,-0.569229,0.125333,0.125333
0.876,-0.565685,-7.74262e-14,-7.74262e-14
0.877,-0.56212,-0.125333,-0.125333
0.878,-0.558532,-0.24869,-0.24869
0.879,-0.554923,-0.368125,-0.368125
0.88,-0.551291,-0.481754,-0.481754
0.881,-0.547638,-0.587785,-0.587785
0.882,-0.543963,-0.684547,-0.684547
0.883,-0.540266,-0.770513,-0.770513
0.884,-0.536548,-0.844328,-0.844328
0.885,-0.532809,-0.904827,-0.904827
0.886,-0.529049,-0.951057,-0.951057
0.887,-0.525269,-0.982287,-0.982287
0.888,-0.521467,-0.998027,-0.998027
0.889,-0.517645,-0.998027,-0.998027
0.89,-0.513802,-0.982287,-0.982287
0.891,-0.509939,-0.951057,-0.951057
0.892,-0.506056,-0.904827,-0.904827
0.893,-0.502153,-0.844328,-0.844328
0.894,-0.49823,-0.770513,-0.770513
0.895,-0.494288,-0.684547,-0.684547
0.896,-0.490326,-0.587785,-0.587785
0.897,-0.486344,-0.481754,-0.481754
0.898,-0.482344,-0.368125,-0.368125
0.899,-0.478324,-0.24869,-0.24869
0.9,-0.474285,-0.125333,-0.125333
0.901,-0.470228,8.08564e-14,8.08564e-14
0.902,-0.466152,0.125333,0.125333
0.903,-0.462058,0.24869,0.24869
0.904,-0.457946,0.368125,0.368125
0.905,-0.453815,0.481754,0.481754
0.906,-0.449667,0.587785,0.587785
0.907,-0.4455,0.684547,0.684547
0.908,-0.441317,0.770513,0.770513
0.909,-0.437115,0.844328,0.844328
0.91,-0.432897,0.904827,0.904827
0.911,-0.428661,0.951057,0.951057
0.912,-0.424409,0.982287,0.982287
0.913,-0.42014,0.998027,0.998027
0.914,-0.415854,0.998027,0.998027
0.915,-0.411552,0.982287,0.982287
0.916,-0.407233,0.951057,0.951057
0.917,-0.402899,0.904827,0.904827
0.918,-0.398548,0.844328,0.844328
0.919,-0.394182,0.770513,0.770513
0.92,-0.3898,0.684547,0.684547
0.921,-0.385403,0.587785,0.587785
0.922,-0.380991,0.481754,0.481754
0.923,-0.376563,0.368125,0.368125
0.924,-0.372121,0.24869,0.24869
0.925,-0.367664,0.125333,0.125333
0.926,-0.363192,-8.42866e-14,-8.42866e-14
0.927,-0.358707,-0.125333,-0.125333
0.928,-0.354207,-0.24869,-0.24869
0.929,-0.349693,-0.368125,-0.368125
0.93,-0.345165,-0.481754,-0.481754
0.931,-0.340623,-0.587785,-0.587785
0.932,-0.336069,-0.684547,-0.684547
0.933,-0.3315,-0.770513,-0.770513
0.934,-0.326919,-0.844328,-0.844328
0.935,-0.322325,-0.904827,-0.904827
0.936,-0.317718,-0.951057,-0.951057
0.937,-0.313099,-0.982287,-0.982287
0.938,-0.308467,-0.998027,-0.998027
0.939,-0.303823,-0.998027,-0.998027
0.94,-0.299167,-0.982287,-0.982287
0.941,-0.2945,-0.951057,-0.951057
0.942,-0.28982,-0.904827,-0.904827
0.943,-0.28513,-0.844328,-0.844328
0.944,-0.280427,-0.770513,-0.770513
0.945,-0.275714,-0.684547,-0.684547
0.946,-0.27099,-0.587785,-0.587785
0.947,-0.266256,-0.481754,-0.481754
0.948,-0.26151,-0.368125,-0.368125
0.949,-0.256755,-0.24869,-0.24869
0.95,-0.251989,-0.125333,-0.125333
0.951,-0.247214,8.77169e-14,8.77169e-14
0.952,-0.242428,0.125333,0.125333
0.953,-0.237633,0.24869,0.24869
0.954,-0.232829,0.368125,0.368125
0.955,-0.228015,0.481754,0.481754
0.956,-0.223193,0.587785,0.587785
0.957,-0.218362,0.684547,0.684547
0.958,-0.213522,0.770513,0.770513
0.959,-0.208673,0.844328,0.844328
0.96,-0.203817,0.904827,0.904827
0.961,-0.198952,0.951057,0.951057
0.962,-0.194079,0.982287,0.982287
0.963,-0.189199,0.998027,0.998027
0.964,-0.184312,0.998027,0.998027
0.965,-0.179417,0.982287,0.982287
0.966,-0.174515,0.951057,0.951057
0.967,-0.169606,0.904827,0.904827
0.968,-0.16469,0.844328,0.844328
0.969,-0.159768,0.770513,0.770513
0.97,-0.15484,0.684547,0.684547
0.971,-0.149905,0.587785,0.587785
0.972,-0.144965,0.481754,0.481754
0.973,-0.140018,0.368125,0.368125
0.974,-0.135067,0.24869,0.24869
0.975,-0.13011,0.125333,0.125333
0.976,-0.125148,-9.11471e-14,-9.11471e-14
0.977,-0.12018,-0.125333,-0.125333
0.978,-0.115209,-0.24869,-0.24869
0.979,-0.110232,-0.368125,-0.368125
0.98,-0.105251,-0.481754,-0.481754
0.981,-0.100267,-0.587785,-0.587785
0.982,-0.0952777,-0.684547,-0.684547
0.983,-0.0902851,-0.770513,-0.770513
0.984,-0.0852889,-0.844328,-0.844328
0.985,-0.0802894,-0.904827,-0.904827
0.986,-0.0752867,-0.951057,-0.951057
0.987,-0.070281,-0.982287,-0.982287
0.988,-0.0652725,-0.998027,-0.998027
0.989,-0.0602614,-0.998027,-0.998027
0.99,-0.055248,-0.982287,-0.982287
0.991,-0.0502324,-0.951057,-0.951057
0.992,-0.0452148,-0.904827,-0.904827
0.993,-0.0401955,-0.844328,-0.844328
0.994,-0.0351745,-0.770513,-0.770513
0.995,-0.0301521,-0.684547,-0.684547
0.996,-0.0251286,-0.587785,-0.587785
0.997,-0.0201041,-0.481754,-0.481754
0.998,-0.0150788,-0.368125,-0.368125
0.999,-0.0100528,-0.24869,-0.24869
1,-0.00502652,-0.125333,-0.125333
1.001,3.35677e-15,8.03665e-14,8.03665e-14
1.002,0.00502652,0.125333,0.125333
1.003,0.0100528,0.24869,0.24869
1.004,0.0150788,0.368125,0.368125
1.005,0.0201041,0.481754,0.481754
1.006,0.0251286,0.587785,0.587785
1.007,0.0301521,0.684547,0.684547
1.008,0.0351745,0.770513,0.770513
1.009,0.0401955,0.844328,0.844328
1.01,0.0452148,0.904827,0.904827
1.011,0.0502324,0.951057,0.951057
1.012,0.055248,0.982287,0.982287
1.013,0.0602614,0.998027,0.998027
1.014,0.0652725,0.998027,0.998027
1.015,0.070281,0.982287,0.982287
1.016,0.0752867,0.951057,0.951057
1.017,0.0802894,0.904827,0.904827
1.018,0.0852889,0.844328,0.844328
1.019,0.0902851,0.770513,0.770513
1.02,0.0952777,0.684547,0.684547
1.021,0.100267,0.587785,0.587785
1.022,0.105251,0.481754,0.481754
1.023,0.110232,0.368125,0.368125
1.024,0.115209,0.24869,0.24869
1.025,0.12018,0.125333,0.125333
1.026,0.125148,2.71475e-13,2.71475e-13
1.027,0.13011,-0.125333,-0.125333
1.028,0.135067,-0.24869,-0.24869
1.029,0.140018,-0.368125,-0.368125
1.03,0.144965,-0.481754,-0.481754
1.031,0.149905,-0.587785,-0.587785
1.032,0.15484,-0.684547,-0.684547
1.033,0.159768,-0.770513,-0.770513
1.034,0.16469,-0.844328,-0.844328
1.035,0.169606,-0.904827,-0.904827
1.036,0.174515,-0.951057,-0.951057
1.037,0.179417,-0.982287,-0.982287
1.038,0.184312,-0.998027,-0.998027
1.039,0.189199,-0.998027,-0.998027
1.04,0.194079,-0.982287,-0.982287
1.041,0.198952,-0.951057,-0.951057
1.042,0.203817,-0.904827,-0.904827
1.043,0.208673,-0.844328,-0.844328
1.044,0.213522,-0.770513,-0.770513
1.045,0.218362,-0.684547,-0.684547
1.046,0.223193,-0.587785,-0.587785
1.047,0.228015,-0.481754,-0.481754
1.048,0.232829,-0.368125,-0.368125
1.049,0.237633,-0.24869,-0.24869
1.05,0.242428,-0.125333,-0.125333
1.051,0.247214,-6.23316e-13,-6.23316e-13
1.052,0.251989,0.125333,0.125333
1.053,0.256755,0.24869,0.24869
1.054,0.26151,0.368125,0.368125
1.055,0.266256,0.481754,0.481754
1.056,0.27099,0.587785,0.587785
1.057,0.275714,0.684547,0.684547
1.058,0.280427,0.770513,0.770513
1.059,0.28513,0.844328,0.844328
1.06,0.28982,0.904827,0.904827
1.061,0.2945,0.951057,0.951057
1.062,0.299167,0.982287,0.982287
1.063,0.303823,0.998027,0.998027
1.064,0.308467,0.998027,0.998027
1.065,0.313099,0.982287,0.982287
1.066,0.317718,0.951057,0.951057
1.067,0.322325,0.904827,0.904827
1.068,0.326919,0.844328,0.844328
1.069,0.3315,0.770513,0.770513
1.07,0.336069,0.684547,0.684547
1.071,0.340623,0.587785,0.587785
1.072,0.345165,0.481754,0.481754
1.073,0.349693,0.368125,0.368125
1.074,0.354207,0.24869,0.24869
1.075,0.358707,0.125333,0.125333
1.076,0.363192,9.46735e-13,9.46735e-13
1.077,0.367664,-0.125333,-0.125333
1.078,0.372121,-0.24869,-0.24869
1.079,0.376563,-0.368125,-0.368125
1.08,0.380991,-0.481754,-0.481754
1.081,0.385403,-0.587785,-0.587785
1.082,0.3898,-0.684547,-0.684547
1.083,0.394182,-0.770513,-0.770513
1.084,0.398548,-0.844328,-0.844328
1.085,0.402899,-0.904827,-0.904827
1.086,0.407233,-0.951057,-0.951057
1.087,0.411552,-0.982287,-0.982287
1.088,0.415854,-0.998027,-0.998027
1.089,0.42014,-0.998027,-0.998027
1.09,0.424409,-0.982287,-0.982287
1.091,0.428661,-0.951057,-0.951057
1.092,0.432897,-0.904827,-0.904827
1.093,0.437115,-0.844328,-0.844328
1.094,0.441317,-0.770513,-0.770513
1.095,0.4455,-0.684547,-0.684547
1.096,0.449667,-0.587785,-0.587785
1.097,0.453815,-0.481754,-0.481754
1.098,0.457946,-0.368125,-0.368125
1.099,0.462058,-0.24869,-0.24869
1.1,0.466152,-0.125333,-0.125333
1.101,0.470228,-1.29858e-12,-1.29858e-12
1.102,0.474285,0.125333,0.125333
1.103,0.478324,0.24869,0.24869
1.104,0.482344,0.368125,0.368125
1.105,0.486344,0.481754,0.481754
1.106,0.490326,0.587785,0.587785
1.107,0.494288,0.684547,0.684547
1.108,0.49823,0.770513,0.770513
1.109,0.502153,0.844328,0.844328
1.11,0.506056,0.904827,0.904827
1.111,0.509939,0.951057,0.951057
1.112,0.513802,0.982287,0.982287
1.113,0.517645,0.998027,0.998027
1.114,0.521467,0.998027,0.998027
1.115,0.525269,0.982287,0.982287
1.116,0.529049,0.951057,0.951057
1.117,0.532809,0.904827,0.904827
1.118,0.536548,0.844328,0.844328
1.119,0.540266,0.770513,0.770513
1.12,0.543963,0.684547,0.684547
1.121,0.547638,0.587785,0.587785
1.122,0.551291,0.481754,0.481754
1.123,0.554923,0.368125,0.368125
1.124,0.558532,0.24869,0.24869
1.125,0.56212,0.125333,0.125333
1.126,0.565685,1.65042e-12,1.65042e-12
1.127,0.569229,-0.125333,-0.125333
1.128,0.572749,-0.24869,-0.24869
1.129,0.576247,-0.368125,-0.368125
1.13,0.579723,-0.481754,-0.481754
1.131,0.583175,-0.587785,-0.587785
1.132,0.586604,-0.684547,-0.684547
1.133,0.59001,-0.770513,-0.770513
1.134,0.593393,-0.844328,-0.844328
1.135,0.596753,-0.904827,-0.904827
1.136,0.600089,-0.951057,-0.951057
1.137,0.603401,-0.982287,-0.982287
1.138,0.60669,-0.998027,-0.998027
1.139,0.609954,-0.998027,-0.998027
1.14,0.613194,-0.982287,-0.982287
1.141,0.616411,-0.951057,-0.951057
1.142,0.619602,-0.904827,-0.904827
1.143,0.62277,-0.844328,-0.844328
1.144,0.625913,-0.770513,-0.770513
1.145,0.629031,-0.684547,-0.684547
1.146,0.632124,-0.587785,-0.587785
1.147,0.635192,-0.481754,-0.481754
1.148,0.638236,-0.368125,-0.368125
1.149,0.641254,-0.24869,-0.24869
1.15,0.644246,-0.125333,-0.125333
1.151,0.647214,-2.00226e-12,-2.00226e-12
1.152,0.650155,0.125333,0.125333
1.153,0.653071,0.24869,0.24869
1.154,0.655962,0.368125,0.368125
1.155,0.658826,0.481754,0.481754
1.156,0.661664,0.587785,0.587785
1.157,0.664477,0.684547,0.684547
1.158,0.667263,0.770513,0.770513
1.159,0.670022,0.844328,0.844328
1.16,0.672756,0.904827,0.904827
1.161,0.675462,0.951057,0.951057
1.162,0.678142,0.982287,0.982287
1.163,0.680796,0.998027,0.998027
1.164,0.683422,0.998027,0.998027
1.165,0.686021,0.982287,0.982287
1.166,0.688594,0.951057,0.951057
1.167,0.691139,0.904827,0.904827
1.168,0.693657,0.844328,0.844328
1.169,0.696147,0.770513,0.770513
1.17,0.69861,0.684547,0.684547
1.171,0.701045,0.587785,0.587785
1.172,0.703453,0.481754,0.481754
1.173,0.705833,0.368125,0.368125
1.174,0.708185,0.24869,0.24869
1.175,0.710509,0.125333,0.125333
1.176,0.712805,2.3541e-12,2.3541e-12
1.177,0.715073,-0.125333,-0.125333
1.178,0.717313,-0.24869,-0.24869
1.179,0.719524,-0.368125,-0.368125
1.18,0.721707,-0.481754,-0.481754
1.181,0.723862,-0.587785,-0.587785
1.182,0.725988,-0.684547,-0.684547
1.183,0.728085,-0.770513,-0.770513
1.184,0.730153,-0.844328,-0.844328
1.185,0.732193,-0.904827,-0.904827
1.186,0.734204,-0.951057,-0.951057
1.187,0.736185,-0.982287,-0.982287
1.188,0.738138,-0.998027,-0.998027
1.189,0.740062,-0.998027,-0.998027
1.19,0.741956,-0.982287,-0.982287
1.191,0.743821,-0.951057,-0.951057
1.192,0.745657,-0.904827,-0.904827
1.193,0.747463,-0.844328,-0.844328
1.194,0.74924,-0.770513,-0.770513
1.195,0.750987,-0.684547,-0.684547
1.196,0.752705,-0.587785,-0.587785
1.197,0.754392,-0.481754,-0.481754
1.198,0.75605,-0.368125,-0.368125
1.199,0.757679,-0.24869,-0.24869
1.2,0.759277,-0.125333,-0.125333
1.201,0.760845,-2.67752e-12,-2.67752e-12
1.202,0.762383,0.125333,0.125333
1.203,0.763892,0.24869,0.24869
1.204,0.76537,0.368125,0.368125
1.205,0.766817,0.481754,0.481754
1.206,0.768235,0.587785,0.587785
1.207,0.769622,0.684547,0.684547
1.208,0.770979,0.770513,0.770513
1.209,0.772305,0.844328,0.844328
1.21,0.773601,0.904827,0.904827
1.211,0.774867,0.951057,0.951057
1.212,0.776101,0.982287,0.982287
1.213,0.777305,0.998027,0.998027
1.214,0.778479,0.998027,0.998027
1.215,0.779621,0.982287,0.982287
1.216,0.780733,0.951057,0.951057
1.217,0.781814,0.904827,0.904827
1.218,0.782865,0.844328,0.844328
1.219,0.783884,0.770513,0.770513
1.22,0.784872,0.684547,0.684547
1.221,0.78583,0.587785,0.587785
1.222,0.786756,0.481754,0.481754
1.223,0.787651,0.368125,0.368125
1.224,0.788516,0.24869,0.24869
1.225,0.789349,0.125333,0.125333
1.226,0.790151,3.02936e-12,3.02936e-12
1.227,0.790921,-0.125333,-0.125333
1.228,0.791661,-0.24869,-0.24869
1.229,0.792369,-0.368125,-0.368125
1.23,0.793046,-0.481754,-0.481754
1.231,0.793692,-0.587785,-0.587785
1.232,0.794306,-0.684547,-0.684547
1.233,0.794889,-0.770513,-0.770513
1.234,0.795441,-0.844328,-0.844328
1.235,0.795961,-0.904827,-0.904827
1.236,0.79645,-0.951057,-0.951057
1.237,0.796907,-0.982287,-0.982287
1.238,0.797333,-0.998027,-0.998027
1.239,0.797727,-0.998027,-0.998027
1.24,0.79809,-0.982287,-0.982287
1.241,0.798421,-0.951057,-0.951057
1.242,0.798721,-0.904827,-0.904827
1.243,0.79899,-0.844328,-0.844328
1.244,0.799226,-0.770513,-0.770513
1.245,0.799432,-0.684547,-0.684547
1.246,0.799605,-0.587785,-0.587785
1.247,0.799747,-0.481754,-0.481754
1.248,0.799858,-0.368125,-0.368125
1.249,0.799937,-0.24869,-0.24869
1.25,0.799984,-0.125333,-0.125333
1.251,0.8,-3.3812e-12,-3.3812e-12
1.252,0.799984,0.125333,0.125333
1.253,0.799937,0.24869,0.24869
1.254,0.799858,0.368125,0.368125
1.255,0.799747,0.481754,0.481754
1.256,0.799605,0.587785,0.587785
1.257,0.799432,0.684547,0.684547
1.258,0.799226,0.770513,0.770513
1.259,0.79899,0.844328,0.844328
1.26,0.798721,0.904827,0.904827
1.261,0.798421,0.951057,0.951057
1.262,0.79809,0.982287,0.982287
1.263,0.797727,0.998027,0.998027
1.264,0.797333,0.998027,0.998027
1.265,0.796907,0.982287,0.982287
1.266,0.79645,0.951057,0.951057
1.267,0.795961,0.904827,0.904827
1.268,0.795441,0.844328,0.844328
1.269,0.794889,0.770513,0.770513
1.27,0.794306,0.684547,0.684547
1.271,0.793692,0.587785,0.587785
1.272,0.793046,0.481754,0.481754
1.273,0.792369,0.368125,0.368125
1.274,0.791661,0.24869,0.24869
1.275,0.790921,0.125333,0.125333
1.276,0.790151,3.73304e-12,3.73304e-12
1.277,0.789349,-0.125333,-0.125333
1.278,0.788516,-0.24869,-0.24869
1.279,0.787651,-0.368125,-0.368125
1.28,0.786756,-0.481754,-0.481754
1.281,0.78583,-0.587785,-0.587785
1.282,0.784872,-0.684547,-0.684547
1.283,0.783884,-0.770513,-0.770513
1.284,0.782865,-0.844328,-0.844328
1.285,0.781814,-0.904827,-0.904827
1.286,0.780733,-0.951057,-0.951057
1.287,0.779621,-0.982287,-0.982287
1.288,0.778479,-0.998027,-0.998027
1.289,0.777305,-0.998027,-0.998027
1.29,0.776101,-0.982287,-0.982287
1.291,0.774867,-0.951057,-0.951057
1.292,0.773601,-0.904827,-0.904827
1.293,0.772305,-0.844328,-0.844328
1.294,0.770979,-0.770513,-0.770513
1.295,0.769622,-0.684547,-0.684547
1.296,0.768235,-0.587785,-0.587785
1.297,0.766817,-0.481754,-0.481754
1.298,0.76537,-0.368125,-0.368125
1.299,0.763892,-0.24869,-0.24869
1.3,0.762383,-0.125333,-0.125333
1.301,0.760845,-4.08488e-12,-4.08488e-12
1.302,0.759277,0.125333,0.125333
1.303,0.757679,0.24869,0.24869
1.304,0.75605,0.368125,0.368125
1.305,0.754392,0.481754,0.481754
1.306,0.752705,0.587785,0.587785
1.307,0.750987,0.684547,0.684547
1.308,0.74924,0.770513,0.770513
1.309,0.747463,0.844328,0.844328
1.31,0.745657,0.904827,0.904827
1.311,0.743821,0.951057,0.951057
1.312,0.741956,0.982287,0.982287
1.313,0.740062,0.998027,0.998027
1.314,0.738138,0.998027,0.998027
1.315,0.736185,0.982287,0.982287
1.316,0.734204,0.951057,0.951057
1.317,0.732193,0.904827,0.904827
1.318,0.730153,0.844328,0.844328
1.319,0.728085,0.770513,0.770513
1.32,0.725988,0.684547,0.684547
1.321,0.723862,0.587785,0.587785
1.322,0.721707,0.481754,0.481754
1.323,0.719524,0.368125,0.368125
1.324,0.717313,0.24869,0.24869
1.325,0.715073,0.125333,0.125333
1.326,0.712805,4.4083e-12,4.4083e-12
1.327,0.710509,-0.125333,-0.125333
1.328,0.708185,-0.24869,-0.24869
1.329,0.705833,-0.368125,-0.368125
1.33,0.703453,-0.481754,-0.481754
1.331,0.701045,-0.587785,-0.587785
1.332,0.69861,-0.684547,-0.684547
1.333,0.696147,-0.770513,-0.770513
1.334,0.693657,-0.844328,-0.844328
1.335,0.691139,-0.904827,-0.904827
1.336,0.688594,-0.951057,-0.951057
1.337,0.686021,-0.982287,-0.982287
1.338,0.683422,-0.998027,-0.998027
1.339,0.680796,-0.998027,-0.998027
1.34,0.678142,-0.982287,-0.982287
1.341,0.675462,-0.951057,-0.951057
1.342,0.672756,-0.904827,-0.904827
1.343,0.670022,-0.844328,-0.844328
1.344,0.667263,-0.770513,-0.770513
1.345,0.664477,-0.684547,-0.684547
1.346,0.661664,-0.587785,-0.587785
1.347,0.658826,-0.481754,-0.481754
1.348,0.655962,-0.368125,-0.368125
1.349,0.653071,-0.24869,-0.24869
1.35,0.650155,-0.125333,-0.125333
1.351,0.647214,-4.76014e-12,-4.76014e-12
1.352,0.644246,0.125333,0.125333
1.353,0.641254,0.24869,0.24869
1.354,0.638236,0.368125,0.368125
1.355,0.635192,0.481754,0.481754
1.356,0.632124,0.587785,0.587785
1.357,0.629031,0.684547,0.684547
1.358,0.625913,0.770513,0.770513
1.359,0.62277,0.844328,0.844328
1.36,0.619602,0.904827,0.904827
1.361,0.616411,0.951057,0.951057
1.362,0.613194,0.982287,0.982287
1.363,0.609954,0.998027,0.998027
1.364,0.60669,0.998027,0.998027
1.365,0.603401,0.982287,0.982287
1.366,0.600089,0.951057,0.951057
1.367,0.596753,0.904827,0.904827
1.368,0.593393,0.844328,0.844328
1.369,0.59001,0.770513,0.770513
1.37,0.586604,0.684547,0.684547
1.371,0.583175,0.587785,0.587785
1.372,0.579723,0.481754,0.481754
1.373,0.576247,0.368125,0.368125
1.374,0.572749,0.24869,0.24869
1.375,0.569229,0.125333,0.125333
1.376,0.565685,5.11199e-12,5.11199e-12
1.377,0.56212,-0.125333,-0.125333
1.378,0.558532,-0.24869,-0.24869
1.379,0.554923,-0.368125,-0.368125
1.38,0.551291,-0.481754,-0.481754
1.381,0.547638,-0.587785,-0.587785
1.382,0.543963,-0.684547,-0.684547
1.383,0.540266,-0.770513,-0.770513
1.384,0.536548,-0.844328,-0.844328
1.385,0.532809,-0.904827,-0.904827
1.386,0.529049,-0.951057,-0.951057
1.387,0.525269,-0.982287,-0.982287
1.388,0.521467,-0.998027,-0.998027
1.389,0.517645,-0.998027,-0.998027
1.39,0.513802,-0.982287,-0.982287
1.391,0.509939,-0.951057,-0.951057
1.392,0.506056,-0.904827,-0.904827
1.393,0.502153,-0.844328,-0.844328
1.394,0.49823,-0.770513,-0.770513
1.395,0.494288,-0.684547,-0.684547
1.396,0.490326,-0.587785,-0.587785
1.397,0.486344,-0.481754,-0.481754
1.398,0.482344,-0.368125,-0.368125
1.399,0.478324,-0.24869,-0.24869
1.4,0.474285,-0.125333,-0.125333
1.401,0.470228,-5.46383e-12,-5.46383e-12
1.402,0.466152,0.125333,0.125333
1.403,0.462058,0.24869,0.24869
1.404,0.457946,0.368125,0.368125
1.405,0.453815,0.481754,0.481754
1.406,0.449667,0.587785,0.587785
1.407,0.4455,0.684547,0.684547
1.408,0.441317,0.770513,0.770513
1.409,0.437115,0.844328,0.844328
1.41,0.432897,0.904827,0.904827
1.411,0.428661,0.951057,0.951057
1.412,0.424409,0.982287,0.982287
1.413,0.42014,0.998027,0.998027
1.414,0.415854,0.998027,0.998027
1.415,0.411552,0.982287,0.982287
1.416,0.407233,0.951057,0.951057
1.417,0.402899,0.904827,0.904827
1.418,0.398548,0.844328,0.844328
1.419,0.394182,0.770513,0.770513
1.42,0.3898,0.684547,0.684547
1.421,0.385403,0.587785,0.587785
1.422,0.380991,0.481754,0.481754
1.423,0.376563,0.368125,0.368125
1.424,0.372121,0.24869,0.24869
1.425,0.367664,0.125333,0.125333
1.426,0.363192,5.81567e-12,5.81567e-12
1.427,0.358707,-0.125333,-0.125333
1.428,0.354207,-0.24869,-0.24869
1.429,0.349693,-0.368125,-0.368125
1.43,0.345165,-0.481754,-0.481754
1.431,0.340623,-0.587785,-0.587785
1.432,0.336069,-0.684547,-0.684547
1.433,0.3315,-0.770513,-0.770513
1.434,0.326919,-0.844328,-0.844328
1.435,0.322325,-0.904827,-0.904827
1.436,0.317718,-0.951057,-0.951057
1.437,0.313099,-0.982287,-0.982287
1.438,0.308467,-0.998027,-0.998027
1.439,0.303823,-0.998027,-0.998027
1.44,0.299167,-0.982287,-0.982287
1.441,0.2945,-0.951057,-0.951057
1.442,0.28982,-0.904827,-0.904827
1.443,0.28513,-0.844328,-0.844328
1.444,0.280427,-0.770513,-0.770513
1.445,0.275714,-0.684547,-0.684547
1.446,0.27099,-0.587785,-0.587785
1.447,0.266256,-0.481754,-0.481754
1.448,0.26151,-0.368125,-0.368125
1.449,0.256755,-0.24869,-0.24869
1.45,0.251989,-0.125333,-0.125333
1.451,0.247214,-6.13909e-12,-6.13909e-12
1.452,0.242428,0.125333,0.125333
1.453,0.237633,0.24869,0.24869
1.454,0.232829,0.368125,0.368125
1.455,0.228015,0.481754,0.481754
1.456,0.223193,0.587785,0.587785
1.457,0.218362,0.684547,0.684547
1.458,0.213522,0.770513,0.770513
1.459,0.208673,0.844328,0.844328
1.46,0.203817,0.904827,0.904827
1.461,0.198952,0.951057,0.951057
1.462,0.194079,0.982287,0.982287
1.463,0.189199,0.998027,0.998027
1.464,0.184312,0.998027,0.998027
1.465,0.179417,0.982287,0.982287
1.466,0.174515,0.951057,0.951057
1.467,0.169606,0.904827,0.904827
1.468,0.16469,0.844328,0.844328
1.469,0.159768,0.770513,0.770513
1.47,0.15484,0.684547,0.684547
1.471,0.149905,0.587785,0.587785
1.472,0.144965,0.481754,0.481754
1.473,0.140018,0.368125,0.368125
1.474,0.135067,0.24869,0.24869
1.475,0.13011,0.125333,0.125333
1.476,0.125148,6.49093e-12,6.49093e-12
1.477,0.12018,-0.125333,-0.125333
1.478,0.115209,-0.24869,-0.24869
1.479,0.110232,-0.368125,-0.368125
1.48,0.105251,-0.481754,-0.481754
1.481,0.100267,-0.587785,-0.587785
1.482,0.0952777,-0.684547,-0.684547
1.483,0.0902851,-0.770513,-0.770513
1.484,0.0852889,-0.844328,-0.844328
1.485,0.0802894,-0.904827,-0.904827
1.486,0.0752867,-0.951057,-0.951057
1.487,0.070281,-0.982287,-0.982287
1.488,0.0652725,-0.998027,-0.998027
1.489,0.0602614,-0.998027,-0.998027
1.49,0.055248,-0.982287,-0.982287
1.491,0.0502324,-0.951057,-0.951057
1.492,0.0452148,-0.904827,-0.904827
1.493,0.0401955,-0.844328,-0.844328
1.494,0.0351745,-0.770513,-0.770513
1.495,0.0301521,-0.684547,-0.684547
1.496,0.0251286,-0.587785,-0.587785
1.497,0.0201041,-0.481754,-0.481754
1.498,0.0150788,-0.368125,-0.368125
1.499,0.0100528,-0.24869,-0.24869
1.5,0.00502652,-0.125333,-0.125333
1.501,2.73142e-13,-6.84277e-12,-6.84277e-12
1.502,-0.00502652,0.125333,0.125333
1.503,-0.0100528,0.24869,0.24869
1.504,-0.0150788,0.368125,0.368125
1.505,-0.0201041,0.481754,0.481754
1.506,-0.0251286,0.587785,0.587785
1.507,-0.0301521,0.684547,0.684547
1.508,-0.0351745,0.770513,0.770513
1.509,-0.0401955,0.844328,0.844328
1.51,-0.0452148,0.904827,0.904827
1.511,-0.0502324,0.951057,0.951057
1.512,-0.055248,0.982287,0.982287
1.513,-0.0602614,0.998027,0.998027
1.514,-0.0652725,0.998027,0.998027
1.515,-0.070281,0.982287,0.982287
1.516,-0.0752867,0.951057,0.951057
1.517,-0.0802894,0.904827,0.904827
1.518,-0.0852889,0.844328,0.844328
1.519,-0.0902851,0.770513,0.770513
1.52,-0.0952777,0.684547,0.684547
1.521,-0.100267,0.587785,0.587785
1.522,-0.105251,0.481754,0.481754
1.523,-0.110232,0.368125,0.368125
1.524,-0.115209,0.24869,0.24869
1.525,-0.12018,0.125333,0.125333
1.526,-0.125148,7.19461e-12,7.19461e-12
1.527,-0.13011,-0.125333,-0.125333
1.528,-0.135067,-0.24869,-0.24869
1.529,-0.140018,-0.368125,-0.368125
1.53,-0.144965,-0.481754,-0.481754
1.531,-0.149905,-0.587785,-0.587785
1.532,-0.15484,-0.684547,-0.684547
1.533,-0.159768,-0.770513,-0.770513
1.534,-0.16469,-0.844328,-0.844328
1.535,-0.169606,-0.904827,-0.904827
1.536,-0.174515,-0.951057,-0.951057
1.537,-0.179417,-0.982287,-0.982287
1.538,-0.184312,-0.998027,-0.998027
1.539,-0.189199,-0.998027,-0.998027
1.54,-0.194079,-0.982287,-0.982287
1.541,-0.198952,-0.951057,-0.951057
1.542,-0.203817,-0.904827,-0.904827
1.543,-0.208673,-0.844328,-0.844328
1.544,-0.213522,-0.770513,-0.770513
1.545,-0.218362,-0.684547,-0.684547
1.546,-0.223193,-0.587785,-0.587785
1.547,-0.228015,-0.481754,-0.481754
1.548,-0.232829,-0.368125,-0.368125
1.549,-0.237633,-0.24869,-0.24869
1.55,-0.242428,-0.125333,-0.125333
1.551,-0.247214,-7.54645e-12,-7.54645e-12
1.552,-0.251989,0.125333,0.125333
1.553,-0.256755,0.24869,0.24869
1.554,-0.26151,0.368125,0.368125
1.555,-0.266256,0.481754,0.481754
1.556,-0.27099,0.587785,0.587785
1.557,-0.275714,0.684547,0.684547
1.558,-0.280427,0.770513,0.770513
1.559,-0.28513,0.844328,0.844328
1.56,-0.28982,0.904827,0.904827
1.561,-0.2945,0.951057,0.951057
1.562,-0.299167,0.982287,0.982287
1.563,-0.303823,0.998027,0.998027
1.564,-0.308467,0.998027,0.998027
1.565,-0.313099,0.982287,0.982287
1.566,-0.317718,0.951057,0.951057
1.567,-0.322325,0.904827,0.904827
1.568,-0.326919,0.844328,0.844328
1.569,-0.3315,0.770513,0.770513
1.57,-0.336069,0.684547,0.684547
1.571,-0.340623,0.587785,0.587785
1.572,-0.345165,0.481754,0.481754
1.573,-0.349693,0.368125,0.368125
1.574,-0.354207,0.24869,0.24869
1.575,-0.358707,0.125333,0.125333
1.576,-0.363192,7.86987e-12,7.86987e-12
1.577,-0.367664,-0.125333,-0.125333
1.578,-0.372121,-0.24869,-0.24869
1.579,-0.376563,-0.368125,-0.368125
1.58,-0.380991,-0.481754,-0.481754
1.581,-0.385403,-0.587785,-0.587785
1.582,-0.3898,-0.684547,-0.684547
1.583,-0.394182,-0.770513,-0.770513
1.584,-0.398548,-0.844328,-0.844328
1.585,-0.402899,-0.904827,-0.904827
1.586,-0.407233,-0.951057,-0.951057
1.587,-0.411552,-0.982287,-0.982287
1.588,-0.415854,-0.998027,-0.998027
1.589,-0.42014,-0.998027,-0.998027
1.59,-0.424409,-0.982287,-0.982287
1.591,-0.428661,-0.951057,-0.951057
1.592,-0.432897,-0.904827,-0.904827
1.593,-0.437115,-0.844328,-0.844328
1.594,-0.441317,-0.770513,-0.770513
1.595,-0.4455,-0.684547,-0.684547
1.596,-0.449667,-0.587785,-0.587785
1.597,-0.453815,-0.481754,-0.481754
1.598,-0.457946,-0.368125,-0.368125
1.599,-0.462058,-0.24869,-0.24869
1.6,-0.466152,-0.125333,-0.125333
1.601,-0.470228,-8.22171e-12,-8.22171e-12
1.602,-0.474285,0.125333,0.125333
1.603,-0.478324,0.24869,0.24869
1.604,-0.482344,0.368125,0.368125
1.605,-0.486344,0.481754,0.481754
1.606,-0.490326,0.587785,0.587785
1.607,-0.494288,0.684547,0.684547
1.608,-0.49823,0.770513,0.770513
1.609,-0.502153,0.844328,0.844328
1.61,-0.506056,0.904827,0.904827
1.611,-0.509939,0.951057,0.951057
1.612,-0.513802,0.982287,0.982287
1.613,-0.517645,0.998027,0.998027
1.614,-0.521467,0.998027,0.998027
1.615,-0.525269,0.982287,0.982287
1.616,-0.529049,0.951057,0.951057
1.617,-0.532809,0.904827,0.904827
1.618,-0.536548,0.844328,0.844328
1.619,-0.540266,0.770513,0.770513
1.62,-0.543963,0.684547,0.684547
1.621,-0.547638,0.587785,0.587785
1.622,-0.551291,0.481754,0.481754
1.623,-0.554923,0.368125,0.368125
1.624,-0.558532,0.24869,0.24869
1.625,-0.56212,0.125333,0.125333
1.626,-0.565685,8.57355e-12,8.57355e-12
1.627,-0.569229,-0.125333,-0.125333
1.628,-0.572749,-0.24869,-0.24869
1.629,-0.576247,-0.368125,-0.368125
1.63,-0.579723,-0.481754,-0.481754
1.631,-0.583175,-0.587785,-0.587785
1.632,-0.586604,-0.684547,-0.684547
1.633,-0.59001,-0.770513,-0.770513
1.634,-0.593393,-0.844328,-0.844328
1.635,-0.596753,-0.904827,-0.904827
1.636,-0.600089,-0.951057,-0.951057
1.637,-0.603401,-0.982287,-0.982287
1.638,-0.60669,-0.998027,-0.998027
1.639,-0.609954,-0.998027,-0.998027
1.64,-0.613194,-0.982287,-0.982287
1.641,-0.616411,-0.951057,-0.951057
1.642,-0.619602,-0.904827,-0.904827
1.643,-0.62277,-0.844328,-0.844328
1.644,-0.625913,-0.770513,-0.770513
1.645,-0.629031,-0.684547,-0.684547
1.646,-0.632124,-0.587785,-0.587785
1.647,-0.635192,-0.481754,-0.481754
1.648,-0.638236,-0.368125,-0.368125
1.649,-0.641254,-0.24869,-0.24869
1.65,-0.644246,-0.125333,-0.125333
1.651,-0.647214,-8.92539e-12,-8.92539e-12
1.652,-0.650155,0.125333,0.125333
1.653,-0.653071,0.24869,0.24869
1.654,-0.655962,0.368125,0.368125
1.655,-0.658826,0.481754,0.481754
1.656,-0.661664,0.587785,0.587785
1.657,-0.664477,0.684547,0.684547
1.658,-0.667263,0.770513,0.770513
1.659,-0.670022,0.844328,0.844328
1.66,-0.672756,0.904827,0.904827
1.661,-0.675462,0.951057,0.951057
1.662,-0.678142,0.982287,0.982287
1.663,-0.680796,0.998027,0.998027
1.664,-0.683422,0.998027,0.998027
1.665,-0.686021,0.982287,0.982287
1.666,-0.688594,0.951057,0.951057
1.667,-0.691139,0.904827,0.904827
1.668,-0.693657,0.844328,0.844328
1.669,-0.696147,0.770513,0.770513
1.67,-0.69861,0.684547,0.684547
1.671,-0.701045,0.587785,0.587785
1.672,-0.703453,0.481754,0.481754
1.673,-0.705833,0.368125,0.368125
1.674,-0.708185,0.24869,0.24869
1.675,-0.710509,0.125333,0.125333
1.676,-0.712805,9.27724e-12,9.27724e-12
1.677,-0.715073,-0.125333,-0.125333
1.678,-0.717313,-0.24869,-0.24869
1.679,-0.719524,-0.368125,-0.368125
1.68,-0.721707,-0.481754,-0.481754
1.681,-0.723862,-0.587785,-0.587785
1.682,-0.725988,-0.684547,-0.684547
1.683,-0.728085,-0.770513,-0.770513
1.684,-0.730153,-0.844328,-0.844328
1.685,-0.732193,-0.904827,-0.904827
1.686,-0.734204,-0.951057,-0.951057
1.687,-0.736185,-0.982287,-0.982287
1.688,-0.738138,-0.998027,-0.998027
1.689,-0.740062,-0.998027,-0.998027
1.69,-0.741956,-0.982287,-0.982287
1.691,-0.743821,-0.951057,-0.951057
1.692,-0.745657,-0.904827,-0.904827
1.693,-0.747463,-0.844328,-0.844328
1.694,-0.74924,-0.770513,-0.770513
1.695,-0.750987,-0.684547,-0.684547
1.696,-0.752705,-0.587785,-0.587785
1.697,-0.754392,-0.481754,-0.481754
1.698,-0.75605,-0.368125,-0.368125
1.699,-0.757679,-0.24869,-0.24869
1.7,-0.759277,-0.125333,-0.125333
1.701,-0.760845,-9.60065e-12,-9.60065e-12
1.702,-0.762383,0.125333,0.125333
1.703,-0.763892,0.24869,0.24869
1.704,-0.76537,0.368125,0.368125
1.705,-0.766817,0.481754,0.481754
1.706,-0.768235,0.587785,0.587785
1.707,-0.769622,0.684547,0.684547
1.708,-0.770979,0.770513,0.770513
1.709,-0.772305,0.844328,0.844328
1.71,-0.773601,0.904827,0.904827
1.711,-0.774867,0.951057,0.951057
1.712,-0.776101,0.982287,0.982287
1.713,-0.777305,0.998027,0.998027
1.714,-0.778479,0.998027,0.998027
1.715,-0.779621,0.982287,0.982287
1.716,-0.780733,0.951057,0.951057
1.717,-0.781814,0.904827,0.904827
1.718,-0.782865,0.844328,0.844328
1.719,-0.783884,0.770513,0.770513
1.72,-0.784872,0.684547,0.684547
1.721,-0.78583,0.587785,0.587785
1.722,-0.786756,0.481754,0.481754
1.723,-0.787651,0.368125,0.368125
1.724,-0.788516,0.24869,0.24869
1.725,-0.789349,0.125333,0.125333
1.726,-0.790151,9.9525e-12,9.9525e-12
1.727,-0.790921,-0.125333,-0.125333
1.728,-0.791661,-0.24869,-0.24869
1.729,-0.792369,-0.368125,-0.368125
1.73,-0.793046,-0.481754,-0.481754
1.731,-0.793692,-0.587785,-0.587785
1.732,-0.794306,-0.684547,-0.684547
1.733,-0.794889,-0.770513,-0.770513
1.734,-0.795441,-0.844328,-0.844328
1.735,-0.795961,-0.904827,-0.904827
1.736,-0.79645,-0.951057,-0.951057
1.737,-0.796907,-0.982287,-0.982287
1.738,-0.797333,-0.998027,-0.998027
1.739,-0.797727,-0.998027,-0.998027
1.74,-0.79809,-0.982287,-0.982287
1.741,-0.798421,-0.951057,-0.951057
1.742,-0.798721,-0.904827,-0.904827
1.743,-0.79899,-0.844328,-0.844328
1.744,-0.799226,-0.770513,-0.770513
1.745,-0.799432,-0.684547,-0.684547
1.746,-0.799605,-0.587785,-0.587785
1.747,-0.799747,-0.481754,-0.481754
1.748,-0.799858,-0.368125,-0.368125
1.749,-0.799937,-0.24869,-0.24869
1.75,-0.799984,-0.125333,-0.125333
1.751,-0.8,-1.03043e-11,-1.03043e-11
1.752,-0.799984,0.125333,0.125333
1.753,-0.799937,0.24869,0.24869
1.754,-0.799858,0.368125,0.368125
1.755,-0.799747,0.481754,0.481754
1.756,-0.799605,0.587785,0.587785
1.757,-0.799432,0.684547,0.684547
1.758,-0.799226,0.770513,0.770513
1.759,-0.79899,0.844328,0.844328
1.76,-0.798721,0.904827,0.904827
1.761,-0.798421,0.951057,0.951057
1.762,-0.79809,0.982287,0.982287
1.763,-0.797727,0.998027,0.998027
1.764,-0.797333,0.998027,0.998027
1.765,-0.796907,0.982287,0.982287
1.766,-0.79645,0.951057,0.951057
1.767,-0.795961,0.904827,0.904827
1.768,-0.795441,0.844328,0.844328
1.769,-0.794889,0.770513,0.770513
1.77,-0.794306,0.684547,0.684547
1.771,-0.793692,0.587785,0.587785
1.772,-0.793046,0.481754,0.481754
1.773,-0.792369,0.368125,0.368125
1.774,-0.791661,0.24869,0.24869
1.775,-0.790921,0.125333,0.125333
1.776,-0.790151,1.06562e-11,1.06562e-11
1.777,-0.789349,-0.125333,-0.125333
1.778,-0.788516,-0.24869,-0.24869
1.779,-0.787651,-0.368125,-0.368125
1.78,-0.786756,-0.481754,-0.481754
1.781,-0.78583,-0.587785,-0.587785
1.782,-0.784872,-0.684547,-0.684547
1.783,-0.783884,-0.770513,-0.770513
1.784,-0.782865,-0.844328,-0.844328
1.785,-0.781814,-0.904827,-0.904827
1.786,-0.780733,-0.951057,-0.951057
1.787,-0.779621,-0.982287,-0.982287
1.788,-0.778479,-0.998027,-0.998027
1.789,-0.777305,-0.998027,-0.998027
1.79,-0.776101,-0.982287,-0.982287
1.791,-0.774867,-0.951057,-0.951057
1.792,-0.773601,-0.904827,-0.904827
1.793,-0.772305,-0.844328,-0.844328
1.794,-0.770979,-0.770513,-0.770513
1.795,-0.769622,-0.684547,-0.684547
1.796,-0.768235,-0.587785,-0.587785
1.797,-0.766817,-0.481754,-0.481754
1.798,-0.76537,-0.368125,-0.368125
1.799,-0.763892,-0.24869,-0.24869
1.8,-0.762383,-0.125333,-0.125333
1.801,-0.760845,-1.1008e-11,-1.1008e-11
1.802,-0.759277,0.125333,0.125333
1.803,-0.757679,0.24869,0.24869
1.804,-0.75605,0.368125,0.368125
1.805,-0.754392,0.481754,0.481754
1.806,-0.752705,0.587785,0.587785
1.807,-0.750987,0.684547,0.684547
1.808,-0.74924,0.770513,0.770513
1.809,-0.747463,0.844328,0.844328
1.81,-0.745657,0.904827,0.904827
1.811,-0.743821,0.951057,0.951057
1.812,-0.741956,0.982287,0.982287
1.813,-0.740062,0.998027,0.998027
1.814,-0.738138,0.998027,0.998027
1.815,-0.736185,0.982287,0.982287
1.816,-0.734204,0.951057,0.951057
1.817,-0.732193,0.904827,0.904827
1.818,-0.730153,0.844328,0.844328
1.819,-0.728085,0.770513,0.770513
1.82,-0.725988,0.684547,0.684547
1.821,-0.723862,0.587785,0.587785
1.822,-0.721707,0.481754,0.481754
1.823,-0.719524,0.368125,0.368125
1.824,-0.717313,0.24869,0.24869
1.825,-0.715073,0.125333,0.125333
1.826,-0.712805,1.13314e-11,1.13314e-11
1.827,-0.710509,-0.125333,-0.125333
1.828,-0.708185,-0.24869,-0.24869
1.829,-0.705833,-0.368125,-0.368125
1.83,-0.703453,-0.481754,-0.481754
1.831,-0.701045,-0.587785,-0.587785
1.832,-0.69861,-0.684547,-0.684547
1.833,-0.696147,-0.770513,-0.770513
1.834,-0.693657,-0.844328,-0.844328
1.835,-0.691139,-0.904827,-0.904827
1.836,-0.688594,-0.951057,-0.951057
1.837,-0.686021,-0.982287,-0.982287
1.838,-0.683422,-0.998027,-0.998027
1.839,-0.680796,-0.998027,-0.998027
1.84,-0.678142,-0.982287,-0.982287
1.841,-0.675462,-0.951057,-0.951057
1.842,-0.672756,-0.904827,-0.904827
1.843,-0.670022,-0.844328,-0.844328
1.844,-0.667263,-0.770513,-0.770513
1.845,-0.664477,-0.684547,-0.684547
1.846,-0.661664,-0.587785,-0.587785
1.847,-0.658826,-0.481754,-0.481754
1.848,-0.655962,-0.368125,-0.368125
1.849,-0.653071,-0.24869,-0.24869
1.85,-0.650155,-0.125333,-0.125333
1.851,-0.647214,-1.16833e-11,-1.16833e-11
1.852,-0.644246,0.125333,0.125333
1.853,-0.641254,0.24869,0.24869
1.854,-0.638236,0.368125,0.368125
1.855,-0.635192,0.481754,0.481754
1.856,-0.632124,0.587785,0.587785
1.857,-0.629031,0.684547,0.684547
1.858,-0.625913,0.770513,0.770513
1.859,-0.62277,0.844328,0.844328
1.86,-0.619602,0.904827,0.904827
1.861,-0.616411,0.951057,0.951057
1.862,-0.613194,0.982287,0.982287
1.863,-0.609954,0.998027,0.998027
1.864,-0.60669,0.998027,0.998027
1.865,-0.603401,0.982287,0.982287
1.866,-0.600089,0.951057,0.951057
1.867,-0.596753,0.904827,0.904827
1.868,-0.593393,0.844328,0.844328
1.869,-0.59001,0.770513,0.770513
1.87,-0.586604,0.684547,0.684547
1.871,-0.583175,0.587785,0.587785
1.872,-0.579723,0.481754,0.481754
1.873,-0.576247,0.368125,0.368125
1.874,-0.572749,0.24869,0.24869
1.875,-0.569229,0.125333,0.125333
1.876,-0.565685,1.20351e-11,1.20351e-11
1.877,-0.56212,-0.125333,-0.125333
1.878,-0.558532,-0.24869,-0.24869
1.879,-0.554923,-0.368125,-0.368125
1.88,-0.551291,-0.481754,-0.481754
1.881,-0.547638,-0.587785,-0.587785
1.882,-0.543963,-0.684547,-0.684547
1.883,-0.540266,-0.770513,-0.770513
1.884,-0.536548,-0.844328,-0.844328
1.885,-0.532809,-0.904827,-0.904827
1.886,-0.529049,-0.951057,-0.951057
1.887,-0.525269,-0.982287,-0.982287
1.888,-0.521467,-0.998027,-0.998027
1.889,-0.517645,-0.998027,-0.998027
1.89,-0.513802,-0.982287,-0.982287
1.891,-0.509939,-0.951057,-0.951057
1.892,-0.506056,-0.904827,-0.904827
1.893,-0.502153,-0.844328,-0.844328
1.894,-0.49823,-0.770513,-0.770513
1.895,-0.494288,-0.684547,-0.684547
1.896,-0.490326,-0.587785,-0.587785
1.897,-0.486344,-0.481754,-0.481754
1.898,-0.482344,-0.368125,-0.368125
1.899,-0.478324,-0.24869,-0.24869
1.9,-0.474285,-0.125333,-0.125333
1.901,-0.470228,-1.2387e-11,-1.2387e-11
1.902,-0.466152,0.125333,0.125333
1.903,-0.462058,0.24869,0.24869
1.904,-0.457946,0.368125,0.368125
1.905,-0.453815,0.481754,0.481754
1.906,-0.449667,0.587785,0.587785
1.907,-0.4455,0.684547,0.684547
1.908,-0.441317,0.770513,0.770513
1.909,-0.437115,0.844328,0.844328
1.91,-0.432897,0.904827,0.904827
1.911,-0.428661,0.951057,0.951057
1.912,-0.424409,0.982287,0.982287
1.913,-0.42014,0.998027,0.998027
1.914,-0.415854,0.998027,0.998027
1.915,-0.411552,0.982287,0.982287
1.916,-0.407233,0.951057,0.951057
1.917,-0.402899,0.904827,0.904827
1.918,-0.398548,0.844328,0.844328
1.919,-0.394182,0.770513,0.770513
1.92,-0.3898,0.684547,0.684547
1.921,-0.385403,0.587785,0.587785
1.922,-0.380991,0.481754,0.481754
1.923,-0.376563,0.368125,0.368125
1.924,-0.372121,0.24869,0.24869
1.925,-0.367664,0.125333,0.125333
1.926,-0.363192,1.27388e-11,1.27388e-11
1.927,-0.358707,-0.125333,-0.125333
1.928,-0.354207,-0.24869,-0.24869
1.929,-0.349693,-0.368125,-0.368125
1.93,-0.345165,-0.481754,-0.481754
1.931,-0.340623,-0.587785,-0.587785
1.932,-0.336069,-0.684547,-0.684547
1.933,-0.3315,-0.770513,-0.770513
1.934,-0.326919,-0.844328,-0.844328
1.935,-0.322325,-0.904827,-0.904827
1.936,-0.317718,-0.951057,-0.951057
1.937,-0.313099,-0.982287,-0.982287
1.938,-0.308467,-0.998027,-0.998027
1.939,-0.303823,-0.998027,-0.998027
1.94,-0.299167,-0.982287,-0.982287
1.941,-0.2945,-0.951057,-0.951057
1.942,-0.28982,-0.904827,-0.904827
1.943,-0.28513,-0.844328,-0.844328
1.944,-0.280427,-0.770513,-0.770513
1.945,-0.275714,-0.684547,-0.684547
1.946,-0.27099,-0.587785,-0.587785
1.947,-0.266256,-0.481754,-0.481754
1.948,-0.26151,-0.368125,-0.368125
1.949,-0.256755,-0.24869,-0.24869
1.95,-0.251989,-0.125333,-0.125333
1.951,-0.247214,-1.30622e-11,-1.30622e-11
1.952,-0.242428,0.125333,0.125333
1.953,-0.237633,0.24869,0.24869
1.954,-0.232829,0.368125,0.368125
1.955,-0.228015,0.481754,0.481754
1.956,-0.223193,0.587785,0.587785
1.957,-0.218362,0.684547,0.684547
1.958,-0.213522,0.770513,0.770513
1.959,-0.208673,0.844328,0.844328
1.96,-0.203817,0.904827,0.904827
1.961,-0.198952,0.951057,0.951057
1.962,-0.194079,0.982287,0.982287
1.963,-0.189199,0.998027,0.998027
1.964,-0.184312,0.998027,0.998027
1.965,-0.179417,0.982287,0.982287
1.966,-0.174515,0.951057,0.951057
1.967,-0.169606,0.904827,0.904827
1.968,-0.16469,0.844328,0.844328
1.969,-0.159768,0.770513,0.770513
1.97,-0.15484,0.684547,0.684547
1.971,-0.149905,0.587785,0.587785
1.972,-0.144965,0.481754,0.481754
1.973,-0.140018,0.368125,0.368125
1.974,-0.135067,0.24869,0.24869
1.975,-0.13011,0.125333,0.125333
1.976,-0.125148,1.34141e-11,1.34141e-11
1.977,-0.12018,-0.125333,-0.125333
1.978,-0.115209,-0.24869,-0.24869
1.979,-0.110232,-0.368125,-0.368125
1.98,-0.105251,-0.481754,-0.481754
1.981,-0.100267,-0.587785,-0.587785
1.982,-0.0952777,-0.684547,-0.684547
1.983,-0.0902851,-0.770513,-0.770513
1.984,-0.0852889,-0.844328,-0.844328
1.985,-0.0802894,-0.904827,-0.904827
1.986,-0.0752867,-0.951057,-0.951057
1.987,-0.070281,-0.982287,-0.982287
1.988,-0.0652725,-0.998027,-0.998027
1.989,-0.0602614,-0.998027,-0.998027
1.99,-0.055248,-0.982287,-0.982287
1.991,-0.0502324,-0.951057,-0.951057
1.992,-0.0452148,-0.904827,-0.904827
1.993,-0.0401955,-0.844328,-0.844328
1.994,-0.0351745,-0.770513,-0.770513
1.995,-0.0301521,-0.684547,-0.684547
1.996,-0.0251286,-0.587785,-0.587785
1.997,-0.0201041,-0.481754,-0.481754
1.998,-0.0150788,-0.368125,-0.368125
1.999,-0.0100528,-0.24869,-0.24869
2,-0.00502652,-0.125333,-0.125333
2.001,-5.50352e-13,-1.37659e-11,-1.37659e-11
2.002,0.00502652,0.125333,0.125333
2.003,0.0100528,0.24869,0.24869
2.004,0.0150788,0.368125,0.368125
2.005,0.0201041,0.481754,0.481754
2.006,0.0251286,0.587785,0.587785
2.007,0.0301521,0.684547,0.684547
2.008,0.0351745,0.770513,0.770513
2.009,0.0401955,0.844328,0.844328
2.01,0.0452148,0.904827,0.904827
2.011,0.0502324,0.951057,0.951057
2.012,0.055248,0.982287,0.982287
2.013,0.0602614,0.998027,0.998027
2.014,0.0652725,0.998027,0.998027
2.015,0.070281,0.982287,0.982287
2.016,0.0752867,0.951057,0.951057
2.017,0.0802894,0.904827,0.904827
2.018,0.0852889,0.844328,0.844328
2.019,0.0902851,0.770513,0.770513
2.02,0.0952777,0.684547,0.684547
2.021,0.100267,0.587785,0.587785
2.022,0.105251,0.481754,0.481754
2.023,0.110232,0.368125,0.368125
2.024,0.115209,0.24869,0.24869
2.025,0.12018,0.125333,0.125333
2.026,0.125148,1.40893e-11,1.40893e-11
2.027,0.13011,-0.125333,-0.125333
2.028,0.135067,-0.24869,-0.24869
2.029,0.140018,-0.368125,-0.368125
2.03,0.144965,-0.481754,-0.481754
2.031,0.149905,-0.587785,-0.587785
2.032,0.15484,-0.684547,-0.684547
2.033,0.159768,-0.770513,-0.770513
2.034,0.16469,-0.844328,-0.844328
2.035,0.169606,-0.904827,-0.904827
2.036,0.174515,-0.951057,-0.951057
2.037,0.179417,-0.982287,-0.982287
2.038,0.184312,-0.998027,-0.998027
2.039,0.189199,-0.998027,-0.998027
2.04,0.194079,-0.982287,-0.982287
2.041,0.198952,-0.951057,-0.951057
2.042,0.203817,-0.904827,-0.904827
2.043,0.208673,-0.844328,-0.844328
2.044,0.213522,-0.770513,-0.770513
2.045,0.218362,-0.684547,-0.684547
2.046,0.223193,-0.587785,-0.587785
2.047,0.228015,-0.481754,-0.481754
2.048,0.232829,-0.368125,-0.368125
2.049,0.237633,-0.24869,-0.24869
2.05,0.242428,-0.125333,-0.125333
2.051,0.247214,-1.44127e-11,-1.44127e-11
2.052,0.251989,0.125333,0.125333
2.053,0.256755,0.24869,0.24869
2.054,0.26151,0.368125,0.368125
2.055,0.266256,0.481754,0.481754
2.056,0.27099,0.587785,0.587785
2.057,0.275714,0.684547,0.684547
2.058,0.280427,0.770513,0.770513
2.059,0.28513,0.844328,0.844328
2.06,0.28982,0.904827,0.904827
2.061,0.2945,0.951057,0.951057
2.062,0.299167,0.982287,0.982287
2.063,0.303823,0.998027,0.998027
2.064,0.308467,0.998027,0.998027
2.065,0.313099,0.982287,0.982287
2.066,0.317718,0.951057,0.951057
2.067,0.322325,0.904827,0.904827
2.068,0.326919,0.844328,0.844328
2.069,0.3315,0.770513,0.770513
2.07,0.336069,0.684547,0.684547
2.071,0.340623,0.587785,0.587785
2.072,0.345165,0.481754,0.481754
2.073,0.349693,0.368125,0.368125
2.074,0.354207,0.24869,0.24869
2.075,0.358707,0.125333,0.125333
2.076,0.363192,1.47646e-11,1.47646e-11
2.077,0.367664,-0.125333,-0.125333
2.078,0.372121,-0.24869,-0.24869
2.079,0.376563,-0.368125,-0.368125
2.08,0.380991,-0.481754,-0.481754
2.081,0.385403,-0.587785,-0.587785
2.082,0.3898,-0.684547,-0.684547
2.083,0.394182,-0.770513,-0.770513
2.084,0.398548,-0.844328,-0.844328
2.085,0.402899,-0.904827,-0.904827
2.086,0.407233,-0.951057,-0.951057
2.087,0.411552,-0.982287,-0.982287
2.088,0.415854,-0.998027,-0.998027
2.089,0.42014,-0.998027,-0.998027
2.09,0.424409,-0.982287,-0.982287
2.091,0.428661,-0.951057,-0.951057
2.092,0.432897,-0.904827,-0.904827
2.093,0.437115,-0.844328,-0.844328
2.094,0.441317,-0.770513,-0.770513
2.095,0.4455,-0.684547,-0.684547
2.096,0.449667,-0.587785,-0.587785
2.097,0.453815,-0.481754,-0.481754
2.098,0.457946,-0.368125,-0.368125
2.099,0.462058,-0.24869,-0.24869
2.1,0.466152,-0.125333,-0.125333
2.101,0.470228,-1.51164e-11,-1.51164e-11
2.102,0.474285,0.125333,0.125333
2.103,0.478324,0.24869,0.24869
2.104,0.482344,0.368125,0.368125
2.105,0.486344,0.481754,0.481754
2.106,0.490326,0.587785,0.587785
2.107,0.494288,0.684547,0.684547
2.108,0.49823,0.770513,0.770513
2.109,0.502153,0.844328,0.844328
2.11,0.506056,0.904827,0.904827
2.111,0.509939,0.951057,0.951057
2.112,0.513802,0.982287,0.982287
2.113,0.517645,0.998027,0.998027
2.114,0.521467,0.998027,0.998027
2.115,0.525269,0.982287,0.982287
2.116,0.529049,0.951057,0.951057
2.117,0.532809,0.904827,0.904827
2.118,0.536548,0.844328,0.844328
2.119,0.540266,0.770513,0.770513
2.12,0.543963,0.684547,0.684547
2.121,0.547638,0.587785,0.587785
2.122,0.551291,0.481754,0.481754
2.123,0.554923,0.368125,0.368125
2.124,0.558532,0.24869,0.24869
2.125,0.56212,0.125333,0.125333
2.126,0.565685,1.54683e-11,1.54683e-11
2.127,0.569229,-0.125333,-0.125333
2.128,0.572749,-0.24869,-0.24869
2.129,0.576247,-0.368125,-0.368125
2.13,0.579723,-0.481754,-0.481754
2.131,0.583175,-0.587785,-0.587785
2.132,0.586604,-0.684547,-0.684547
2.133,0.59001,-0.770513,-0.770513
2.134,0.593393,-0.844328,-0.844328
2.135,0.596753,-0.904827,-0.904827
2.136,0.600089,-0.951057,-0.951057
2.137,0.603401,-0.982287,-0.982287
2.138,0.60669,-0.998027,-0.998027
2.139,0.609954,-0.998027,-0.998027
2.14,0.613194,-0.982287,-0.982287
2.141,0.616411,-0.951057,-0.951057
2.142,0.619602,-0.904827,-0.904827
2.143,0.62277,-0.844328,-0.844328
2.144,0.625913,-0.770513,-0.770513
2.145,0.629031,-0.684547,-0.684547
2.146,0.632124,-0.587785,-0.587785
2.147,0.635192,-0.481754,-0.481754
2.148,0.638236,-0.368125,-0.368125
2.149,0.641254,-0.24869,-0.24869
2.15,0.644246,-0.125333,-0.125333
2.151,0.647214,-1.58201e-11,-1.58201e-11
2.152,0.650155,0.125333,0.125333
2.153,0.653071,0.24869,0.24869
2.154,0.655962,0.368125,0.368125
2.155,0.658826,0.481754,0.481754
2.156,0.661664,0.587785,0.587785
2.157,0.664477,0.684547,0.684547
2.158,0.667263,0.770513,0.770513
2.159,0.670022,0.844328,0.844328
2.16,0.672756,0.904827,0.904827
2.161,0.675462,0.951057,0.951057
2.162,0.678142,0.982287,0.982287
2.163,0.680796,0.998027,0.998027
2.164,0.683422,0.998027,0.998027
2.165,0.686021,0.982287,0.982287
2.166,0.688594,0.951057,0.951057
2.167,0.691139,0.904827,0.904827
2.168,0.693657,0.844328,0.844328
2.169,0.696147,0.770513,0.770513
2.17,0.69861,0.684547,0.684547
2.171,0.701045,0.587785,0.587785
2.172,0.703453,0.481754,0.481754
2.173,0.705833,0.368125,0.368125
2.174,0.708185,0.24869,0.24869
2.175,0.710509,0.125333,0.125333
2.176,0.712805,1.61719e-11,1.61719e-11
2.177,0.715073,-0.125333,-0.125333
2.178,0.717313,-0.24869,-0.24869
2.179,0.719524,-0.368125,-0.368125
2.18,0.721707,-0.481754,-0.481754
2.181,0.723862,-0.587785,-0.587785
2.182,0.725988,-0.684547,-0.684547
2.183,0.728085,-0.770513,-0.770513
2.184,0.730153,-0.844328,-0.844328
2.185,0.732193,-0.904827,-0.904827
2.186,0.734204,-0.951057,-0.951057
2.187,0.736185,-0.982287,-0.982287
2.188,0.738138,-0.998027,-0.998027
2.189,0.740062,-0.998027,-0.998027
2.19,0.741956,-0.982287,-0.982287
2.191,0.743821,-0.951057,-0.951057
2.192,0.745657,-0.904827,-0.904827
2.193,0.747463,-0.844328,-0.844328
2.194,0.74924,-0.770513,-0.770513
2.195,0.750987,-0.684547,-0.684547
2.196,0.752705,-0.587785,-0.587785
2.197,0.754392,-0.481754,-0.481754
2.198,0.75605,-0.368125,-0.368125
2.199,0.757679,-0.24869,-0.24869
2.2,0.759277,-0.125333,-0.125333
2.201,0.760845,-1.65238e-11,-1.65238e-11
2.202,0.762383,0.125333,0.125333
2.203,0.763892,0.24869,0.24869
2.204,0.76537,0.368125,0.368125
2.205,0.766817,0.481754,0.481754
2.206,0.768235,0.587785,0.587785
2.207,0.769622,0.684547,0.684547
2.208,0.770979,0.770513,0.770513
2.209,0.772305,0.844328,0.844328
2.21,0.773601,0.904827,0.904827
2.211,0.774867,0.951057,0.951057
2.212,0.776101,0.982287,0.982287
2.213,0.777305,0.998027,0.998027
2.214,0.778479,0.998027,0.998027
2.215,0.779621,0.982287,0.982287
2.216,0.780733,0.951057,0.951057
2.217,0.781814,0.904827,0.904827
2.218,0.782865,0.844328,0.844328
2.219,0.783884,0.770513,0.770513
2.22,0.784872,0.684547,0.684547
2.221,0.78583,0.587785,0.587785
2.222,0.786756,0.481754,0.481754
2.223,0.787651,0.368125,0.368125
2.224,0.788516,0.24869,0.24869
2.225,0.789349,0.125333,0.125333
2.226,0.790151,1.68756e-11,1.68756e-11
2.227,0.790921,-0.125333,-0.125333
2.228,0.791661,-0.24869,-0.24869
2.229,0.792369,-0.368125,-0.368125
2.23,0.793046,-0.481754,-0.481754
2.231,0.793692,-0.587785,-0.587785
2.232,0.794306,-0.684547,-0.684547
2.233,0.794889,-0.770513,-0.770513
2.234,0.795441,-0.844328,-0.844328
2.235,0.795961,-0.904827,-0.904827
2.236,0.79645,-0.951057,-0.951057
2.237,0.796907,-0.982287,-0.982287
2.238,0.797333,-0.998027,-0.998027
2.239,0.797727,-0.998027,-0.998027
2.24,0.79809,-0.982287,-0.982287
2.241,0.798421,-0.951057,-0.951057
2.242,0.798721,-0.904827,-0.904827
2.243,0.79899,-0.844328,-0.844328
2.244,0.799226,-0.770513,-0.770513
2.245,0.799432,-0.684547,-0.684547
2.246,0.799605,-0.587785,-0.587785
2.247,0.799747,-0.481754,-0.481754
2.248,0.799858,-0.368125,-0.368125
2.249,0.799937,-0.24869,-0.24869
2.25,0.799984,-0.125333,-0.125333
2.251,0.8,-1.72275e-11,-1.72275e-11
2.252,0.799984,0.125333,0.125333
2.253,0.799937,0.24869,0.24869
2.254,0.799858,0.368125,0.368125
2.255,0.799747,0.481754,0.481754
2.256,0.799605,0.587785,0.587785
2.257,0.799432,0.684547,0.684547
2.258,0.799226,0.770513,0.770513
2.259,0.79899,0.844328,0.844328
2.26,0.798721,0.904827,0.904827
2.261,0.798421,0.951057,0.951057
2.262,0.79809,0.982287,0.982287
2.263,0.797727,0.998027,0.998027
2.264,0.797333,0.998027,0.998027
2.265,0.796907,0.982287,0.982287
2.266,0.79645,0.951057,0.951057
2.267,0.795961,0.904827,0.904827
2.268,0.795441,0.844328,0.844328
2.269,0.794889,0.770513,0.770513
2.27,0.794306,0.684547,0.684547
2.271,0.793692,0.587785,0.587785
2.272,0.793046,0.481754,0.481754
2.273,0.792369,0.368125,0.368125
2.274,0.791661,0.24869,0.24869
2.275,0.790921,0.125333,0.125333
2.276,0.790151,1.75225e-11,1.75225e-11
2.277,0.789349,-0.125333,-0.125333
2.278,0.788516,-0.24869,-0.24869
2.279,0.787651,-0.368125,-0.368125
2.28,0.786756,-0.481754,-0.481754
2.281,0.78583,-0.587785,-0.587785
2.282,0.784872,-0.684547,-0.684547
2.283,0.783884,-0.770513,-0.770513
2.284,0.782865,-0.844328,-0.844328
2.285,0.781814,-0.904827,-0.904827
2.286,0.780733,-0.951057,-0.951057
2.287,0.779621,-0.982287,-0.982287
2.288,0.778479,-0.998027,-0.998027
2.289,0.777305,-0.998027,-0.998027
2.29,0.776101,-0.982287,-0.982287
2.291,0.774867,-0.951057,-0.951057
2.292,0.773601,-0.904827,-0.904827
2.293,0.772305,-0.844328,-0.844328
2.294,0.770979,-0.770513,-0.770513
2.295,0.769622,-0.684547,-0.684547
2.296,0.768235,-0.587785,-0.587785
2.297,0.766817,-0.481754,-0.481754
2.298,0.76537,-0.368125,-0.368125
2.299,0.763892,-0.24869,-0.24869
2.3,0.762383,-0.125333,-0.125333
2.301,0.760845,-1.78743e-11,-1.78743e-11
2.302,0.759277,0.125333,0.125333
2.303,0.757679,0.24869,0.24869
2.304,0.75605,0.368125,0.368125
2.305,0.754392,0.481754,0.481754
2.306,0.752705,0.587785,0.587785
2.307,0.750987,0.684547,0.684547
2.308,0.74924,0.770513,0.770513
2.309,0.747463,0.844328,0.844328
2.31,0.745657,0.904827,0.904827
2.311,0.743821,0.951057,0.951057
2.312,0.741956,0.982287,0.982287
2.313,0.740062,0.998027,0.998027
2.314,0.738138,0.998027,0.998027
2.315,0.736185,0.982287,0.982287
2.316,0.734204,0.951057,0.951057
2.317,0.732193,0.904827,0.904827
2.318,0.730153,0.844328,0.844328
2.319,0.728085,0.770513,0.770513
2.32,0.725988,0.684547,0.684547
2.321,0.723862,0.587785,0.587785
2.322,0.721707,0.481754,0.481754
2.323,0.719524,0.368125,0.368125
2.324,0.717313,0.24869,0.24869
2.325,0.715073,0.125333,0.125333
2.326,0.712805,1.82262e-11,1.82262e-11
2.327,0.710509,-0.125333,-0.125333
2.328,0.708185,-0.24869,-0.24869
2.329,0.705833,-0.368125,-0.368125
2.33,0.703453,-0.481754,-0.481754
2.331,0.701045,-0.587785,-0.587785
2.332,0.69861,-0.684547,-0.684547
2.333,0.696147,-0.770513,-0.770513
2.334,0.693657,-0.844328,-0.844328
2.335,0.691139,-0.904827,-0.904827
2.336,0.688594,-0.951057,-0.951057
2.337,0.686021,-0.982287,-0.982287
2.338,0.683422,-0.998027,-0.998027
2.339,0.680796,-0.998027,-0.998027
2.34,0.678142,-0.982287,-0.982287
2.341,0.675462,-0.951057,-0.951057
2.342,0.672756,-0.904827,-0.904827
2.343,0.670022,-0.844328,-0.844328
2.344,0.667263,-0.770513,-0.770513
2.345,0.664477,-0.684547,-0.684547
2.346,0.661664,-0.587785,-0.587785
2.347,0.658826,-0.481754,-0.481754
2.348,0.655962,-0.368125,-0.368125
2.349,0.653071,-0.24869,-0.24869
2.35,0.650155,-0.125333,-0.125333
2.351,0.647214,-1.8578e-11,-1.8578e-11
2.352,0.644246,0.125333,0.125333
2.353,0.641254,0.24869,0.24869
2.354,0.638236,0.368125,0.368125
2.355,0.635192,0.481754,0.481754
2.356,0.632124,0.587785,0.587785
2.357,0.629031,0.684547,0.684547
2.358,0.625913,0.770513,0.770513
2.359,0.62277,0.844328,0.844328
2.36,0.619602,0.904827,0.904827
2.361,0.616411,0.951057,0.951057
2.362,0.613194,0.982287,0.982287
2.363,0.609954,0.998027,0.998027
2.364,0.60669,0.998027,0.998027
2.365,0.603401,0.982287,0.982287
2.366,0.600089,0.951057,0.951057
2.367,0.596753,0.904827,0.904827
2.368,0.593393,0.844328,0.844328
2.369,0.59001,0.770513,0.770513
2.37,0.586604,0.684547,0.684547
2.371,0.583175,0.587785,0.587785
2.372,0.579723,0.481754,0.481754
2.373,0.576247,0.368125,0.368125
2.374,0.572749,0.24869,0.24869
2.375,0.569229,0.125333,0.125333
2.376,0.565685,1.89298e-11,1.89298e-11
2.377,0.56212,-0.125333,-0.125333
2.378,0.558532,-0.24869,-0.24869
2.379,0.554923,-0.368125,-0.368125
2.38,0.551291,-0.481754,-0.481754
2.381,0.547638,-0.587785,-0.587785
2.382,0.543963,-0.684547,-0.684547
2.383,0.540266,-0.770513,-0.770513
2.384,0.536548,-0.844328,-0.844328
2.385,0.532809,-0.904827,-0.904827
2.386,0.529049,-0.951057,-0.951057
2.387,0.525269,-0.982287,-0.982287
2.388,0.521467,-0.998027,-0.998027
2.389,0.517645,-0.998027,-0.998027
2.39,0.513802,-0.982287,-0.982287
2.391,0.509939,-0.951057,-0.951057
2.392,0.506056,-0.904827,-0.904827
2.393,0.502153,-0.844328,-0.844328
2.394,0.49823,-0.770513,-0.770513
2.395,0.494288,-0.684547,-0.684547
2.396,0.490326,-0.587785,-0.587785
2.397,0.486344,-0.481754,-0.481754
2.398,0.482344,-0.368125,-0.368125
2.399,0.478324,-0.24869,-0.24869
2.4,0.474285,-0.125333,-0.125333
2.401,0.470228,-1.92817e-11,-1.92817e-11
2.402,0.466152,0.125333,0.125333
2.403,0.462058,0.24869,0.24869
2.404,0.457946,0.368125,0.368125
2.405,0.453815,0.481754,0.481754
2.406,0.449667,0.587785,0.587785
2.407,0.4455,0.684547,0.684547
2.408,0.441317,0.770513,0.770513
2.409,0.437115,0.844328,0.844328
2.41,0.432897,0.904827,0.904827
2.411,0.428661,0.951057,0.951057
2.412,0.424409,0.982287,0.982287
2.413,0.42014,0.998027,0.998027
2.414,0.415854,0.998027,0.998027
2.415,0.411552,0.982287,0.982287
2.416,0.407233,0.951057,0.951057
2.417,0.402899,0.904827,0.904827
2.418,0.398548,0.844328,0.844328
2.419,0.394182,0.770513,0.770513
2.42,0.3898,0.684547,0.684547
2.421,0.385403,0.587785,0.587785
2.422,0.380991,0.481754,0.481754
2.423,0.376563,0.368125,0.368125
2.424,0.372121,0.24869,0.24869
2.425,0.367664,0.125333,0.125333
2.426,0.363192,1.96335e-11,1.96335e-11
2.427,0.358707,-0.125333,-0.125333
2.428,0.354207,-0.24869,-0.24869
2.429,0.349693,-0.368125,-0.368125
2.43,0.345165,-0.481754,-0.481754
2.431,0.340623,-0.587785,-0.587785
2.432,0.336069,-0.684547,-0.684547
2.433,0.3315,-0.770513,-0.770513
2.434,0.326919,-0.844328,-0.844328
2.435,0.322325,-0.904827,-0.904827
2.436,0.317718,-0.951057,-0.951057
2.437,0.313099,-0.982287,-0.982287
2.438,0.308467,-0.998027,-0.998027
2.439,0.303823,-0.998027,-0.998027
2.44,0.299167,-0.982287,-0.982287
2.441,0.2945,-0.951057,-0.951057
2.442,0.28982,-0.904827,-0.904827
2.443,0.28513,-0.844328,-0.844328
2.444,0.280427,-0.770513,-0.770513
2.445,0.275714,-0.684547,-0.684547
2.446,0.27099,-0.587785,-0.587785
2.447,0.266256,-0.481754,-0.481754
2.448,0.26151,-0.368125,-0.368125
2.449,0.256755,-0.24869,-0.24869
2.45,0.251989,-0.125333,-0.125333
2.451,0.247214,-1.99854e-11,-1.99854e-11
2.452,0.242428,0.125333,0.125333
2.453,0.237633,0.24869,0.24869
2.454,0.232829,0.368125,0.368125
2.455,0.228015,0.481754,0.481754
2.456,0.223193,0.587785,0.587785
2.457,0.218362,0.684547,0.684547
2.458,0.213522,0.770513,0.770513
2.459,0.208673,0.844328,0.844328
2.46,0.203817,0.904827,0.904827
2.461,0.198952,0.951057,0.951057
2.462,0.194079,0.982287,0.982287
2.463,0.189199,0.998027,0.998027
2.464,0.184312,0.998027,0.998027
2.465,0.179417,0.982287,0.982287
2.466,0.174515,0.951057,0.951057
2.467,0.169606,0.904827,0.904827
2.468,0.16469,0.844328,0.844328
2.469,0.159768,0.770513,0.770513
2.47,0.15484,0.684547,0.684547
2.471,0.149905,0.587785,0.587785
2.472,0.144965,0.481754,0.481754
2.473,0.140018,0.368125,0.368125
2.474,0.135067,0.24869,0.24869
2.475,0.13011,0.125333,0.125333
2.476,0.125148,2.03372e-11,2.03372e-11
2.477,0.12018,-0.125333,-0.125333
2.478,0.115209,-0.24869,-0.24869
2.479,0.110232,-0.368125,-0.368125
2.48,0.105251,-0.481754,-0.481754
2.481,0.100267,-0.587785,-0.587785
2.482,0.0952777,-0.684547,-0.684547
2.483,0.0902851,-0.770513,-0.770513
2.484,0.0852889,-0.844328,-0.844328
2.485,0.0802894,-0.904827,-0.904827
2.486,0.0752867,-0.951057,-0.951057
2.487,0.070281,-0.982287,-0.982287
2.488,0.0652725,-0.998027,-0.998027
2.489,0.0602614,-0.998027,-0.998027
2.49,0.055248,-0.982287,-0.982287
2.491,0.0502324,-0.951057,-0.951057
2.492,0.0452148,-0.904827,-0.904827
2.493,0.0401955,-0.844328,-0.844328
2.494,0.0351745,-0.770513,-0.770513
2.495,0.0301521,-0.684547,-0.684547
2.496,0.0251286,-0.587785,-0.587785
2.497,0.0201041,-0.481754,-0.481754
2.498,0.0150788,-0.368125,-0.368125
2.499,0.0100528,-0.24869,-0.24869
2.5,0.00502652,-0.125333,-0.125333
2.501,8.26141e-13,-2.06322e-11,-2.06322e-11
2.502,-0.00502652,0.125333,0.125333
2.503,-0.0100528,0.24869,0.24869
2.504,-0.0150788,0.368125,0.368125
2.505,-0.0201041,0.481754,0.481754
2.506,-0.0251286,0.587785,0.587785
2.507,-0.0301521,0.684547,0.684547
2.508,-0.0351745,0.770513,0.770513
2.509,-0.0401955,0.844328,0.844328
2.51,-0.0452148,0.904827,0.904827
2.511,-0.0502324,0.951057,0.951057
2.512,-0.055248,0.982287,0.982287
2.513,-0.0602614,0.998027,0.998027
2.514,-0.0652725,0.998027,0.998027
2.515,-0.070281,0.982287,0.982287
2.516,-0.0752867,0.951057,0.951057
2.517,-0.0802894,0.904827,0.904827
2.518,-0.0852889,0.844328,0.844328
2.519,-0.0902851,0.770513,0.770513
2.52,-0.0952777,0.684547,0.684547
2.521,-0.100267,0.587785,0.587785
2.522,-0.105251,0.481754,0.481754
2.523,-0.110232,0.368125,0.368125
2.524,-0.115209,0.24869,0.24869
2.525,-0.12018,0.125333,0.125333
2.526,-0.125148,2.0984e-11,2.0984e-11
2.527,-0.13011,-0.125333,-0.125333
2.528,-0.135067,-0.24869,-0.24869
2.529,-0.140018,-0.368125,-0.368125
2.53,-0.144965,-0.481754,-0.481754
2.531,-0.149905,-0.587785,-0.587785
2.532,-0.15484,-0.684547,-0.684547
2.533,-0.159768,-0.770513,-0.770513
2.534,-0.16469,-0.844328,-0.844328
2.535,-0.169606,-0.904827,-0.904827
2.536,-0.174515,-0.951057,-0.951057
2.537,-0.179417,-0.982287,-0.982287
2.538,-0.184312,-0.998027,-0.998027
2.539,-0.189199,-0.998027,-0.998027
2.54,-0.194079,-0.982287,-0.982287
2.541,-0.198952,-0.951057,-0.951057
2.542,-0.203817,-0.904827,-0.904827
2.543,-0.208673,-0.844328,-0.844328
2.544,-0.213522,-0.770513,-0.770513
2.545,-0.218362,-0.684547,-0.684547
2.546,-0.223193,-0.587785,-0.587785
2.547,-0.228015,-0.481754,-0.481754
2.548,-0.232829,-0.368125,-0.368125
2.549,-0.237633,-0.24869,-0.24869
2.55,-0.242428,-0.125333,-0.125333
2.551,-0.247214,-2.13359e-11,-2.13359e-11
2.552,-0.251989,0.125333,0.125333
2.553,-0.256755,0.24869,0.24869
2.554,-0.26151,0.368125,0.368125
2.555,-0.266256,0.481754,0.481754
2.556,-0.27099,0.587785,0.587785
2.557,-0.275714,0.684547,0.684547
2.558,-0.280427,0.770513,0.770513
2.559,-0.28513,0.844328,0.844328
2.56,-0.28982,0.904827,0.904827
2.561,-0.2945,0.951057,0.951057
2.562,-0.299167,0.982287,0.982287
2.563,-0.303823,0.998027,0.998027
2.564,-0.308467,0.998027,0.998027
2.565,-0.313099,0.982287,0.982287
2.566,-0.317718,0.951057,0.951057
2.567,-0.322325,0.904827,0.904827
2.568,-0.326919,0.844328,0.844328
2.569,-0.3315,0.770513,0.770513
2.57,-0.336069,0.684547,0.684547
2.571,-0.340623,0.587785,0.587785
2.572,-0.345165,0.481754,0.481754
2.573,-0.349693,0.368125,0.368125
2.574,-0.354207,0.24869,0.24869
2.575,-0.358707,0.125333,0.125333
2.576,-0.363192,2.16877e-11,2.16877e-11
2.577,-0.367664,-0.125333,-0.125333
2.578,-0.372121,-0.24869,-0.24869
2.579,-0.376563,-0.368125,-0.368125
2.58,-0.380991,-0.481754,-0.481754
2.581,-0.385403,-0.587785,-0.587785
2.582,-0.3898,-0.684547,-0.684547
2.583,-0.394182,-0.770513,-0.770513
2.584,-0.398548,-0.844328,-0.844328
2.585,-0.402899,-0.904827,-0.904827
2.586,-0.407233,-0.951057,-0.951057
2.587,-0.411552,-0.982287,-0.982287
2.588,-0.415854,-0.998027,-0.998027
2.589,-0.42014,-0.998027,-0.998027
2.59,-0.424409,-0.982287,-0.982287
2.591,-0.428661,-0.951057,-0.951057
2.592,-0.432897,-0.904827,-0.904827
2.593,-0.437115,-0.844328,-0.844328
2.594,-0.441317,-0.770513,-0.770513
2.595,-0.4455,-0.684547,-0.684547
2.596,-0.449667,-0.587785,-0.587785
2.597,-0.453815,-0.481754,-0.481754
2.598,-0.457946,-0.368125,-0.368125
2.599,-0.462058,-0.24869,-0.24869
2.6,-0.466152,-0.125333,-0.125333
2.601,-0.470228,-2.20396e-11,-2.20396e-11
2.602,-0.474285,0.125333,0.125333
2.603,-0.478324,0.24869,0.24869
2.604,-0.482344,0.368125,0.368125
2.605,-0.486344,0.481754,0.481754
2.606,-0.490326,0.587785,0.587785
2.607,-0.494288,0.684547,0.684547
2.608,-0.49823,0.770513,0.770513
2.609,-0.502153,0.844328,0.844328
2.61,-0.506056,0.904827,0.904827
2.611,-0.509939,0.951057,0.951057
2.612,-0.513802,0.982287,0.982287
2.613,-0.517645,0.998027,0.998027
2.614,-0.521467,0.998027,0.998027
2.615,-0.525269,0.982287,0.982287
2.616,-0.529049,0.951057,0.951057
2.617,-0.532809,0.904827,0.904827
2.618,-0.536548,0.844328,0.844328
2.619,-0.540266,0.770513,0.770513
2.62,-0.543963,0.684547,0.684547
2.621,-0.547638,0.587785,0.587785
2.622,-0.551291,0.481754,0.481754
2.623,-0.554923,0.368125,0.368125
2.624,-0.558532,0.24869,0.24869
2.625,-0.56212,0.125333,0.125333
2.626,-0.565685,2.23914e-11,2.23914e-11
2.627,-0.569229,-0.125333,-0.125333
2.628,-0.572749,-0.24869,-0.24869
2.629,-0.576247,-0.368125,-0.368125
2.63,-0.579723,-0.481754,-0.481754
2.631,-0.583175,-0.587785,-0.587785
2.632,-0.586604,-0.684547,-0.684547
2.633,-0.59001,-0.770513,-0.770513
2.634,-0.593393,-0.844328,-0.844328
2.635,-0.596753,-0.904827,-0.904827
2.636,-0.600089,-0.951057,-0.951057
2.637,-0.603401,-0.982287,-0.982287
2.638,-0.60669,-0.998027,-0.998027
2.639,-0.609954,-0.998027,-0.998027
2.64,-0.613194,-0.982287,-0.982287
2.641,-0.616411,-0.951057,-0.951057
2.642,-0.619602,-0.904827,-0.904827
2.643,-0.62277,-0.844328,-0.844328
2.644,-0.625913,-0.770513,-0.770513
2.645,-0.629031,-0.684547,-0.684547
2.646,-0.632124,-0.587785,-0.587785
2.647,-0.635192,-0.481754,-0.481754
2.648,-0.638236,-0.368125,-0.368125
2.649,-0.641254,-0.24869,-0.24869
2.65,-0.644246,-0.125333,-0.125333
2.651,-0.647214,-2.27432e-11,-2.27432e-11
2.652,-0.650155,0.125333,0.125333
2.653,-0.653071,0.24869,0.24869
2.654,-0.655962,0.368125,0.368125
2.655,-0.658826,0.481754,0.481754
2.656,-0.661664,0.587785,0.587785
2.657,-0.664477,0.684547,0.684547
2.658,-0.667263,0.770513,0.770513
2.659,-0.670022,0.844328,0.844328
2.66,-0.672756,0.904827,0.904827
2.661,-0.675462,0.951057,0.951057
2.662,-0.678142,0.982287,0.982287
2.663,-0.680796,0.998027,0.998027
2.664,-0.683422,0.998027,0.998027
2.665,-0.686021,0.982287,0.982287
2.666,-0.688594,0.951057,0.951057
2.667,-0.691139,0.904827,0.904827
2.668,-0.693657,0.844328,0.844328
2.669,-0.696147,0.770513,0.770513
2.67,-0.69861,0.684547,0.684547
2.671,-0.701045,0.587785,0.587785
2.672,-0.703453,0.481754,0.481754
2.673,-0.705833,0.368125,0.368125
2.674,-0.708185,0.24869,0.24869
2.675,-0.710509,0.125333,0.125333
2.676,-0.712805,2.30951e-11,2.30951e-11
2.677,-0.715073,-0.125333,-0.125333
2.678,-0.717313,-0.24869,-0.24869
2.679,-0.719524,-0.368125,-0.368125
2.68,-0.721707,-0.481754,-0.481754
2.681,-0.723862,-0.587785,-0.587785
2.682,-0.725988,-0.684547,-0.684547
2.683,-0.728085,-0.770513,-0.770513
2.684,-0.730153,-0.844328,-0.844328
2.685,-0.732193,-0.904827,-0.904827
2.686,-0.734204,-0.951057,-0.951057
2.687,-0.736185,-0.982287,-0.982287
2.688,-0.738138,-0.998027,-0.998027
2.689,-0.740062,-0.998027,-0.998027
2.69,-0.741956,-0.982287,-0.982287
2.691,-0.743821,-0.951057,-0.951057
2.692,-0.745657,-0.904827,-0.904827
2.693,-0.747463,-0.844328,-0.844328
2.694,-0.74924,-0.770513,-0.770513
2.695,-0.750987,-0.684547,-0.684547
2.696,-0.752705,-0.587785,-0.587785
2.697,-0.754392,-0.481754,-0.481754
2.698,-0.75605,-0.368125,-0.368125
2.699,-0.757679,-0.24869,-0.24869
2.7,-0.759277,-0.125333,-0.125333
2.701,-0.760845,-2.34469e-11,-2.34469e-11
2.702,-0.762383,0.125333,0.125333
2.703,-0.763892,0.24869,0.24869
2.704,-0.76537,0.368125,0.368125
2.705,-0.766817,0.481754,0.481754
2.706,-0.768235,0.587785,0.587785
2.707,-0.769622,0.684547,0.684547
2.708,-0.770979,0.770513,0.770513
2.709,-0.772305,0.844328,0.844328
2.71,-0.773601,0.904827,0.904827
2.711,-0.774867,0.951057,0.951057
2.712,-0.776101,0.982287,0.982287
2.713,-0.777305,0.998027,0.998027
2.714,-0.778479,0.998027,0.998027
2.715,-0.779621,0.982287,0.982287
2.716,-0.780733,0.951057,0.951057
2.717,-0.781814,0.904827,0.904827
2.718,-0.782865,0.844328,0.844328
2.719,-0.783884,0.770513,0.770513
2.72,-0.784872,0.684547,0.684547
2.721,-0.78583,0.587785,0.587785
2.722,-0.786756,0.481754,0.481754
2.723,-0.787651,0.368125,0.368125
2.724,-0.788516,0.24869,0.24869
2.725,-0.789349,0.125333,0.125333
2.726,-0.790151,2.37988e-11,2.37988e-11
2.727,-0.790921,-0.125333,-0.125333
2.728,-0.791661,-0.24869,-0.24869
2.729,-0.792369,-0.368125,-0.368125
2.73,-0.793046,-0.481754,-0.481754
2.731,-0.793692,-0.587785,-0.587785
2.732,-0.794306,-0.684547,-0.684547
2.733,-0.794889,-0.770513,-0.770513
2.734,-0.795441,-0.844328,-0.844328
2.735,-0.795961,-0.904827,-0.904827
2.736,-0.79645,-0.951057,-0.951057
2.737,-0.796907,-0.982287,-0.982287
2.738,-0.797333,-0.998027,-0.998027
2.739,-0.797727,-0.998027,-0.998027
2.74,-0.79809,-0.982287,-0.982287
2.741,-0.798421,-0.951057,-0.951057
2.742,-0.798721,-0.904827,-0.904827
2.743,-0.79899,-0.844328,-0.844328
2.744,-0.799226,-0.770513,-0.770513
2.745,-0.799432,-0.684547,-0.684547
2.746,-0.799605,-0.587785,-0.587785
2.747,-0.799747,-0.481754,-0.481754
2.748,-0.799858,-0.368125,-0.368125
2.749,-0.799937,-0.24869,-0.24869
2.75,-0.799984,-0.125333,-0.125333
2.751,-0.8,-2.40938e-11,-2.40938e-11
2.752,-0.799984,0.125333,0.125333
2.753,-0.799937,0.24869,0.24869
2.754,-0.799858,0.368125,0.368125
2.755,-0.799747,0.481754,0.481754
2.756,-0.799605,0.587785,0.587785
2.757,-0.799432,0.684547,0.684547
2.758,-0.799226,0.770513,0.770513
2.759,-0.79899,0.844328,0.844328
2.76,-0.798721,0.904827,0.904827
2.761,-0.798421,0.951057,0.951057
2.762,-0.79809,0.982287,0.982287
2.763,-0.797727,0.998027,0.998027
2.764,-0.797333,0.998027,0.998027
2.765,-0.796907,0.982287,0.982287
2.766,-0.79645,0.951057,0.951057
2.767,-0.795961,0.904827,0.904827
2.768,-0.795441,0.844328,0.844328
2.769,-0.794889,0.770513,0.770513
2.77,-0.794306,0.684547,0.684547
2.771,-0.793692,0.587785,0.587785
2.772,-0.793046,0.481754,0.481754
2.773,-0.792369,0.368125,0.368125
2.774,-0.791661,0.24869,0.24869
2.775,-0.790921,0.125333,0.125333
2.776,-0.790151,2.44456e-11,2.44456e-11
2.777,-0.789349,-0.125333,-0.125333
2.778,-0.788516,-0.24869,-0.24869
2.779,-0.787651,-0.368125,-0.368125
2.78,-0.786756,-0.481754,-0.481754
2.781,-0.78583,-0.587785,-0.587785
2.782,-0.784872,-0.684547,-0.684547
2.783,-0.783884,-0.770513,-0.770513
2.784,-0.782865,-0.844328,-0.844328
2.785,-0.781814,-0.904827,-0.904827
2.786,-0.780733,-0.951057,-0.951057
2.787,-0.779621,-0.982287,-0.982287
2.788,-0.778479,-0.998027,-0.998027
2.789,-0.777305,-0.998027,-0.998027
2.79,-0.776101,-0.982287,-0.982287
2.791,-0.774867,-0.951057,-0.951057
2.792,-0.773601,-0.904827,-0.904827
2.793,-0.772305,-0.844328,-0.844328
2.794,-0.770979,-0.770513,-0.770513
2.795,-0.769622,-0.684547,-0.684547
2.796,-0.768235,-0.587785,-0.587785
2.797,-0.766817,-0.481754,-0.481754
2.798,-0.76537,-0.368125,-0.368125
2.799,-0.763892,-0.24869,-0.24869
2.8,-0.762383,-0.125333,-0.125333
2.801,-0.760845,-2.47974e-11,-2.47974e-11
2.802,-0.759277,0.125333,0.125333
2.803,-0.757679,0.24869,0.24869
2.804,-0.75605,0.368125,0.368125
2.805,-0.754392,0.481754,0.481754
2.806,-0.752705,0.587785,0.587785
2.807,-0.750987,0.684547,0.684547
2.808,-0.74924,0.770513,0.770513
2.809,-0.747463,0.844328,0.844328
2.81,-0.745657,0.904827,0.904827
2.811,-0.743821,0.951057,0.951057
2.812,-0.741956,0.982287,0.982287
2.813,-0.740062,0.998027,0.998027
2.814,-0.738138,0.998027,0.998027
2.815,-0.736185,0.982287,0.982287
2.816,-0.734204,0.951057,0.951057
2.817,-0.732193,0.904827,0.904827
2.818,-0.730153,0.844328,0.844328
2.819,-0.728085,0.770513,0.770513
2.82,-0.725988,0.684547,0.684547
2.821,-0.723862,0.587785,0.587785
2.822,-0.721707,0.481754,0.481754
2.823,-0.719524,0.368125,0.368125
2.824,-0.717313,0.24869,0.24869
2.825,-0.715073,0.125333,0.125333
2.826,-0.712805,2.51493e-11,2.51493e-11
2.827,-0.710509,-0.125333,-0.125333
2.828,-0.708185,-0.24869,-0.24869
2.829,-0.705833,-0.368125,-0.368125
2.83,-0.703453,-0.481754,-0.481754
2.831,-0.701045,-0.587785,-0.587785
2.832,-0.69861,-0.684547,-0.684547
2.833,-0.696147,-0.770513,-0.770513
2.834,-0.693657,-0.844328,-0.844328
2.835,-0.691139,-0.904827,-0.904827
2.836,-0.688594,-0.951057,-0.951057
2.837,-0.686021,-0.982287,-0.982287
2.838,-0.683422,-0.998027,-0.998027
2.839,-0.680796,-0.998027,-0.998027
2.84,-0.678142,-0.982287,-0.982287
2.841,-0.675462,-0.951057,-0.951057
2.842,-0.672756,-0.904827,-0.904827
2.843,-0.670022,-0.844328,-0.844328
2.844,-0.667263,-0.770513,-0.770513
2.845,-0.664477,-0.684547,-0.684547
2.846,-0.661664,-0.587785,-0.587785
2.847,-0.658826,-0.481754,-0.481754
2.848,-0.655962,-0.368125,-0.368125
2.849,-0.653071,-0.24869,-0.24869
2.85,-0.650155,-0.125333,-0.125333
2.851,-0.647214,-2.55011e-11,-2.55011e-11
2.852,-0.644246,0.125333,0.125333
2.853,-0.641254,0.24869,0.24869
2.854,-0.638236,0.368125,0.368125
2.855,-0.635192,0.481754,0.481754
2.856,-0.632124,0.587785,0.587785
2.857,-0.629031,0.684547,0.684547
2.858,-0.625913,0.770513,0.770513
2.859,-0.62277,0.844328,0.844328
2.86,-0.619602,0.904827,0.904827
2.861,-0.616411,0.951057,0.951057
2.862,-0.613194,0.982287,0.982287
2.863,-0.609954,0.998027,0.998027
2.864,-0.60669,0.998027,0.998027
2.865,-0.603401,0.982287,0.982287
2.866,-0.600089,0.951057,0.951057
2.867,-0.596753,0.904827,0.904827
2.868,-0.593393,0.844328,0.844328
2.869,-0.59001,0.770513,0.770513
2.87,-0.586604,0.684547,0.684547
2.871,-0.583175,0.587785,0.587785
2.872,-0.579723,0.481754,0.481754
2.873,-0.576247,0.368125,0.368125
2.874,-0.572749,0.24869,0.24869
2.875,-0.569229,0.125333,0.125333
2.876,-0.565685,2.5853e-11,2.5853e-11
2.877,-0.56212,-0.125333,-0.125333
2.878,-0.558532,-0.24869,-0.24869
2.879,-0.554923,-0.368125,-0.368125
2.88,-0.551291,-0.481754,-0.481754
2.881,-0.547638,-0.587785,-0.587785
2.882,-0.543963,-0.684547,-0.684547
2.883,-0.540266,-0.770513,-0.770513
2.884,-0.536548,-0.844328,-0.844328
2.885,-0.532809,-0.904827,-0.904827
2.886,-0.529049,-0.951057,-0.951057
2.887,-0.525269,-0.982287,-0.982287
2.888,-0.521467,-0.998027,-0.998027
2.889,-0.517645,-0.998027,-0.998027
2.89,-0.513802,-0.982287,-0.982287
2.891,-0.509939,-0.951057,-0.951057
2.892,-0.506056,-0.904827,-0.904827
2.893,-0.502153,-0.844328,-0.844328
2.894,-0.49823,-0.770513,-0.770513
2.895,-0.494288,-0.684547,-0.684547
2.896,-0.490326,-0.587785,-0.587785
2.897,-0.486344,-0.481754,-0.481754
2.898,-0.482344,-0.368125,-0.368125
2.899,-0.478324,-0.24869,-0.24869
2.9,-0.474285,-0.125333,-0.125333
2.901,-0.470228,-2.62048e-11,-2.62048e-11
2.902,-0.466152,0.125333,0.125333
2.903,-0.462058,0.24869,0.24869
2.904,-0.457946,0.368125,0.368125
2.905,-0.453815,0.481754,0.481754
2.906,-0.449667,0.587785,0.587785
2.907,-0.4455,0.684547,0.684547
2.908,-0.441317,0.770513,0.770513
2.909,-0.437115,0.844328,0.844328
2.91,-0.432897,0.904827,0.904827
2.911,-0.428661,0.951057,0.951057
2.912,-0.424409,0.982287,0.982287
2.913,-0.42014,0.998027,0.998027
2.914,-0.415854,0.998027,0.998027
2.915,-0.411552,0.982287,0.982287
2.916,-0.407233,0.951057,0.951057
2.917,-0.402899,0.904827,0.904827
2.918,-0.398548,0.844328,0.844328
2.919,-0.394182,0.770513,0.770513
2.92,-0.3898,0.684547,0.684547
2.921,-0.385403,0.587785,0.587785
2.922,-0.380991,0.481754,0.481754
2.923,-0.376563,0.368125,0.368125
2.924,-0.372121,0.24869,0.24869
2.925,-0.367664,0.125333,0.125333
2.926,-0.363192,2.65567e-11,2.65567e-11
2.927,-0.358707,-0.125333,-0.125333
2.928,-0.354207,-0.24869,-0.24869
2.929,-0.349693,-0.368125,-0.368125
2.93,-0.345165,-0.481754,-0.481754
2.931,-0.340623,-0.587785,-0.587785
2.932,-0.336069,-0.684547,-0.684547
2.933,-0.3315,-0.770513,-0.770513
2.934,-0.326919,-0.844328,-0.844328
2.935,-0.322325,-0.904827,-0.904827
2.936,-0.317718,-0.951057,-0.951057
2.937,-0.313099,-0.982287,-0.982287
2.938,-0.308467,-0.998027,-0.998027
2.939,-0.303823,-0.998027,-0.998027
2.94,-0.299167,-0.982287,-0.982287
2.941,-0.2945,-0.951057,-0.951057
2.942,-0.28982,-0.904827,-0.904827
2.943,-0.28513,-0.844328,-0.844328
2.944,-0.280427,-0.770513,-0.770513
2.945,-0.275714,-0.684547,-0.684547
2.946,-0.27099,-0.587785,-0.587785
2.947,-0.266256,-0.481754,-0.481754
2.948,-0.26151,-0.368125,-0.368125
2.949,-0.256755,-0.24869,-0.24869
2.95,-0.251989,-0.125333,-0.125333
2.951,-0.247214,-2.69085e-11,-2.69085e-11
2.952,-0.242428,0.125333,0.125333
2.953,-0.237633,0.24869,0.24869
2.954,-0.232829,0.368125,0.368125
2.955,-0.228015,0.481754,0.481754
2.956,-0.223193,0.587785,0.587785
2.957,-0.218362,0.684547,0.684547
2.958,-0.213522,0.770513,0.770513
2.959,-0.208673,0.844328,0.844328
2.96,-0.203817,0.904827,0.904827
2.961,-0.198952,0.951057,0.951057
2.962,-0.194079,0.982287,0.982287
2.963,-0.189199,0.998027,0.998027
2.964,-0.184312,0.998027,0.998027
2.965,-0.179417,0.982287,0.982287
2.966,-0.174515,0.951057,0.951057
2.967,-0.169606,0.904827,0.904827
2.968,-0.16469,0.844328,0.844328
2.969,-0.159768,0.770513,0.770513
2.97,-0.15484,0.684547,0.684547
2.971,-0.149905,0.587785,0.587785
2.972,-0.144965,0.481754,0.481754
2.973,-0.140018,0.368125,0.368125
2.974,-0.135067,0.24869,0.24869
2.975,-0.13011,0.125333,0.125333
2.976,-0.125148,2.72603e-11,2.72603e-11
2.977,-0.12018,-0.125333,-0.125333
2.978,-0.115209,-0.24869,-0.24869
2.979,-0.110232,-0.368125,-0.368125
2.98,-0.105251,-0.481754,-0.481754
2.981,-0.100267,-0.587785,-0.587785
2.982,-0.0952777,-0.684547,-0.684547
2.983,-0.0902851,-0.770513,-0.770513
2.984,-0.0852889,-0.844328,-0.844328
2.985,-0.0802894,-0.904827,-0.904827
2.986,-0.0752867,-0.951057,-0.951057
2.987,-0.070281,-0.982287,-0.982287
2.988,-0.0652725,-0.998027,-0.998027
2.989,-0.0602614,-0.998027,-0.998027
2.99,-0.055248,-0.982287,-0.982287
2.991,-0.0502324,-0.951057,-0.951057
2.992,-0.0452148,-0.904827,-0.904827
2.993,-0.0401955,-0.844328,-0.844328
2.994,-0.0351745,-0.770513,-0.770513
2.995,-0.0301521,-0.684547,-0.684547
2.996,-0.0251286,-0.587785,-0.587785
2.997,-0.0201041,-0.481754,-0.481754
2.998,-0.0150788,-0.368125,-0.368125
2.999,-0.0100528,-0.24869,-0.24869
3,-0.00502652,-0.125333,-0.125333
3.001,-1.10335e-12,-2.75553e-11,-2.75553e-11
3.002,0.00502652,0.125333,0.125333
3.003,0.0100528,0.24869,0.24869
3.004,0.0150788,0.368125,0.368125
3.005,0.0201041,0.481754,0.481754
3.006,0.0251286,0.587785,0.587785
3.007,0.0301521,0.684547,0.684547
3.008,0.0351745,0.770513,0.770513
3.009,0.0401955,0.844328,0.844328
3.01,0.0452148,0.904827,0.904827
3.011,0.0502324,0.951057,0.951057
3.012,0.055248,0.982287,0.982287
3.013,0.0602614,0.998027,0.998027
3.014,0.0652725,0.998027,0.998027
3.015,0.070281,0.982287,0.982287
3.016,0.0752867,0.951057,0.951057
3.017,0.0802894,0.904827,0.904827
3.018,0.0852889,0.844328,0.844328
3.019,0.0902851,0.770513,0.770513
3.02,0.0952777,0.684547,0.684547
3.021,0.100267,0.587785,0.587785
3.022,0.105251,0.481754,0.481754
3.023,0.110232,0.368125,0.368125
3.024,0.115209,0.24869,0.24869
3.025,0.12018,0.125333,0.125333
3.026,0.125148,2.79072e-11,2.79072e-11
3.027,0.13011,-0.125333,-0.125333
3.028,0.135067,-0.24869,-0.24869
3.029,0.140018,-0.368125,-0.368125
3.03,0.144965,-0.481754,-0.481754
3.031,0.149905,-0.587785,-0.587785
3.032,0.15484,-0.684547,-0.684547
3.033,0.159768,-0.770513,-0.770513
3.034,0.16469,-0.844328,-0.844328
3.035,0.169606,-0.904827,-0.904827
3.036,0.174515,-0.951057,-0.951057
3.037,0.179417,-0.982287,-0.982287
3.038,0.184312,-0.998027,-0.998027
3.039,0.189199,-0.998027,-0.998027
3.04,0.194079,-0.982287,-0.982287
3.041,0.198952,-0.951057,-0.951057
3.042,0.203817,-0.904827,-0.904827
3.043,0.208673,-0.844328,-0.844328
3.044,0.213522,-0.770513,-0.770513
3.045,0.218362,-0.684547,-0.684547
3.046,0.223193,-0.587785,-0.587785
3.047,0.228015,-0.481754,-0.481754
3.048,0.232829,-0.368125,-0.368125
3.049,0.237633,-0.24869,-0.24869
3.05,0.242428,-0.125333,-0.125333
3.051,0.247214,-2.8259e-11,-2.8259e-11
3.052,0.251989,0.125333,0.125333
3.053,0.256755,0.24869,0.24869
3.054,0.26151,0.368125,0.368125
3.055,0.266256,0.481754,0.481754
3.056,0.27099,0.587785,0.587785
3.057,0.275714,0.684547,0.684547
3.058,0.280427,0.770513,0.770513
3.059,0.28513,0.844328,0.844328
3.06,0.28982,0.904827,0.904827
3.061,0.2945,0.951057,0.951057
3.062,0.299167,0.982287,0.982287
3.063,0.303823,0.998027,0.998027
3.064,0.308467,0.998027,0.998027
3.065,0.313099,0.982287,0.982287
3.066,0.317718,0.951057,0.951057
3.067,0.322325,0.904827,0.904827
3.068,0.326919,0.844328,0.844328
3.069,0.3315,0.770513,0.770513
3.07,0.336069,0.684547,0.684547
3.071,0.340623,0.587785,0.587785
3.072,0.345165,0.481754,0.481754
3.073,0.349693,0.368125,0.368125
3.074,0.354207,0.24869,0.24869
3.075,0.358707,0.125333,0.125333
3.076,0.363192,2.86109e-11,2.86109e-11
3.077,0.367664,-0.125333,-0.125333
3.078,0.372121,-0.24869,-0.24869
3.079,0.376563,-0.368125,-0.368125
3.08,0.380991,-0.481754,-0.481754
3.081,0.385403,-0.587785,-0.587785
3.082,0.3898,-0.684547,-0.684547
3.083,0.394182,-0.770513,-0.770513
3.084,0.398548,-0.844328,-0.844328
3.085,0.402899,-0.904827,-0.904827
3.086,0.407233,-0.951057,-0.951057
3.087,0.411552,-0.982287,-0.982287
3.088,0.415854,-0.998027,-0.998027
3.089,0.42014,-0.998027,-0.998027
3.09,0.424409,-0.982287,-0.982287
3.091,0.428661,-0.951057,-0.951057
3.092,0.432897,-0.904827,-0.904827
3.093,0.437115,-0.844328,-0.844328
3.094,0.441317,-0.770513,-0.770513
3.095,0.4455,-0.684547,-0.684547
3.096,0.449667,-0.587785,-0.587785
3.097,0.453815,-0.481754,-0.481754
3.098,0.457946,-0.368125,-0.368125
3.099,0.462058,-0.24869,-0.24869
3.1,0.466152,-0.125333,-0.125333
3.101,0.470228,-2.89627e-11,-2.89627e-11
3.102,0.474285,0.125333,0.125333
3.103,0.478324,0.24869,0.24869
3.104,0.482344,0.368125,0.368125
3.105,0.486344,0.481754,0.481754
3.106,0.490326,0.587785,0.587785
3.107,0.494288,0.684547,0.684547
3.108,0.49823,0.770513,0.770513
3.109,0.502153,0.844328,0.844328
3.11,0.506056,0.904827,0.904827
3.111,0.509939,0.951057,0.951057
3.112,0.513802,0.982287,0.982287
3.113,0.517645,0.998027,0.998027
3.114,0.521467,0.998027,0.998027
3.115,0.525269,0.982287,0.982287
3.116,0.529049,0.951057,0.951057
3.117,0.532809,0.904827,0.904827
3.118,0.536548,0.844328,0.844328
3.119,0.540266,0.770513,0.770513
3.12,0.543963,0.684547,0.684547
3.121,0.547638,0.587785,0.587785
3.122,0.551291,0.481754,0.481754
3.123,0.554923,0.368125,0.368125
3.124,0.558532,0.24869,0.24869
3.125,0.56212,0.125333,0.125333
3.126,0.565685,2.93145e-11,2.93145e-11
3.127,0.569229,-0.125333,-0.125333
3.128,0.572749,-0.24869,-0.24869
3.129,0.576247,-0.368125,-0.368125
3.13,0.579723,-0.481754,-0.481754
3.131,0.583175,-0.587785,-0.587785
3.132,0.586604,-0.684547,-0.684547
3.133,0.59001,-0.770513,-0.770513
3.134,0.593393,-0.844328,-0.844328
3.135,0.596753,-0.904827,-0.904827
3.136,0.600089,-0.951057,-0.951057
3.137,0.603401,-0.982287,-0.982287
3.138,0.60669,-0.998027,-0.998027
3.139,0.609954,-0.998027,-0.998027
3.14,0.613194,-0.982287,-0.982287
3.141,0.616411,-0.951057,-0.951057
3.142,0.619602,-0.904827,-0.904827
3.143,0.62277,-0.844328,-0.844328
3.144,0.625913,-0.770513,-0.770513
3.145,0.629031,-0.684547,-0.684547
3.146,0.632124,-0.587785,-0.587785
3.147,0.635192,-0.481754,-0.481754
3.148,0.638236,-0.368125,-0.368125
3.149,0.641254,-0.24869,-0.24869
3.15,0.644246,-0.125333,-0.125333
3.151,0.647214,-2.96664e-11,-2.96664e-11
3.152,0.650155,0.125333,0.125333
3.153,0.653071,0.24869,0.24869
3.154,0.655962,0.368125,0.368125
3.155,0.658826,0.481754,0.481754
3.156,0.661664,0.587785,0.587785
3.157,0.664477,0.684547,0.684547
3.158,0.667263,0.770513,0.770513
3.159,0.670022,0.844328,0.844328
3.16,0.672756,0.904827,0.904827
3.161,0.675462,0.951057,0.951057
3.162,0.678142,0.982287,0.982287
3.163,0.680796,0.998027,0.998027
3.164,0.683422,0.998027,0.998027
3.165,0.686021,0.982287,0.982287
3.166,0.688594,0.951057,0.951057
3.167,0.691139,0.904827,0.904827
3.168,0.693657,0.844328,0.844328
3.169,0.696147,0.770513,0.770513
3.17,0.69861,0.684547,0.684547
3.171,0.701045,0.587785,0.587785
3.172,0.703453,0.481754,0.481754
3.173,0.705833,0.368125,0.368125
3.174,0.708185,0.24869,0.24869
3.175,0.710509,0.125333,0.125333
3.176,0.712805,3.00182e-11,3.00182e-11
3.177,0.715073,-0.125333,-0.125333
3.178,0.717313,-0.24869,-0.24869
3.179,0.719524,-0.368125,-0.368125
3.18,0.721707,-0.481754,-0.481754
3.181,0.723862,-0.587785,-0.587785
3.182,0.725988,-0.684547,-0.684547
3.183,0.728085,-0.770513,-0.770513
3.184,0.730153,-0.844328,-0.844328
3.185,0.732193,-0.904827,-0.904827
3.186,0.734204,-0.951057,-0.951057
3.187,0.736185,-0.982287,-0.982287
3.188,0.738138,-0.998027,-0.998027
3.189,0.740062,-0.998027,-0.998027
3.19,0.741956,-0.982287,-0.982287
3.191,0.743821,-0.951057,-0.951057
3.192,0.745657,-0.904827,-0.904827
3.193,0.747463,-0.844328,-0.844328
3.194,0.74924,-0.770513,-0.770513
3.195,0.750987,-0.684547,-0.684547
3.196,0.752705,-0.587785,-0.587785
3.197,0.754392,-0.481754,-0.481754
3.198,0.75605,-0.368125,-0.368125
3.199,0.757679,-0.24869,-0.24869
3.2,0.759277,-0.125333,-0.125333
3.201,0.760845,-3.03701e-11,-3.03701e-11
3.202,0.762383,0.125333,0.125333
3.203,0.763892,0.24869,0.24869
3.204,0.76537,0.368125,0.368125
3.205,0.766817,0.481754,0.481754
3.206,0.768235,0.587785,0.587785
3.207,0.769622,0.684547,0.684547
3.208,0.770979,0.770513,0.770513
3.209,0.772305,0.844328,0.844328
3.21,0.773601,0.904827,0.904827
3.211,0.774867,0.951057,0.951057
3.212,0.776101,0.982287,0.982287
3.213,0.777305,0.998027,0.998027
3.214,0.778479,0.998027,0.998027
3.215,0.779621,0.982287,0.982287
3.216,0.780733,0.951057,0.951057
3.217,0.781814,0.904827,0.904827
3.218,0.782865,0.844328,0.844328
3.219,0.783884,0.770513,0.770513
3.22,0.784872,0.684547,0.684547
3.221,0.78583,0.587785,0.587785
3.222,0.786756,0.481754,0.481754
3.223,0.787651,0.368125,0.368125
3.224,0.788516,0.24869,0.24869
3.225,0.789349,0.125333,0.125333
3.226,0.790151,3.07219e-11,3.07219e-11
3.227,0.790921,-0.125333,-0.125333
3.228,0.791661,-0.24869,-0.24869
3.229,0.792369,-0.368125,-0.368125
3.23,0.793046,-0.481754,-0.481754
3.231,0.793692,-0.587785,-0.587785
3.232,0.794306,-0.684547,-0.684547
3.233,0.794889,-0.770513,-0.770513
3.234,0.795441,-0.844328,-0.844328
3.235,0.795961,-0.904827,-0.904827
3.236,0.79645,-0.951057,-0.951057
3.237,0.796907,-0.982287,-0.982287
3.238,0.797333,-0.998027,-0.998027
3.239,0.797727,-0.998027,-0.998027
3.24,0.79809,-0.982287,-0.982287
3.241,0.798421,-0.951057,-0.951057
3.242,0.798721,-0.904827,-0.904827
3.243,0.79899,-0.844328,-0.844328
3.244,0.799226,-0.770513,-0.770513
3.245,0.799432,-0.684547,-0.684547
3.246,0.799605,-0.587785,-0.587785
3.247,0.799747,-0.481754,-0.481754
3.248,0.799858,-0.368125,-0.368125
3.249,0.799937,-0.24869,-0.24869
3.25,0.799984,-0.125333,-0.125333
3.251,0.8,-3.10169e-11,-3.10169e-11
3.252,0.799984,0.125333,0.125333
3.253,0.799937,0.24869,0.24869
3.254,0.799858,0.368125,0.368125
3.255,0.799747,0.481754,0.481754
3.256,0.799605,0.587785,0.587785
3.257,0.799432,0.684547,0.684547
3.258,0.799226,0.770513,0.770513
3.259,0.79899,0.844328,0.844328
3.26,0.798721,0.904827,0.904827
3.261,0.798421,0.951057,0.951057
3.262,0.79809,0.982287,0.982287
3.263,0.797727,0.998027,0.998027
3.264,0.797333,0.998027,0.998027
3.265,0.796907,0.982287,0.982287
3.266,0.79645,0.951057,0.951057
3.267,0.795961,0.904827,0.904827
3.268,0.795441,0.844328,0.844328
3.269,0.794889,0.770513,0.770513
3.27,0.794306,0.684547,0.684547
3.271,0.793692,0.587785,0.587785
3.272,0.793046,0.481754,0.481754
3.273,0.792369,0.368125,0.368125
3.274,0.791661,0.24869,0.24869
3.275,0.790921,0.125333,0.125333
3.276,0.790151,3.13687e-11,3.13687e-11
3.277,0.789349,-0.125333,-0.125333
3.278,0.788516,-0.24869,-0.24869
3.279,0.787651,-0.368125,-0.368125
3.28,0.786756,-0.481754,-0.481754
3.281,0.78583,-0.587785,-0.587785
3.282,0.784872,-0.684547,-0.684547
3.283,0.783884,-0.770513,-0.770513
3.284,0.782865,-0.844328,-0.844328
3.285,0.781814,-0.904827,-0.904827
3.286,0.780733,-0.951057,-0.951057
3.287,0.779621,-0.982287,-0.982287
3.288,0.778479,-0.998027,-0.998027
3.289,0.777305,-0.998027,-0.998027
3.29,0.776101,-0.982287,-0.982287
3.291,0.774867,-0.951057,-0.951057
3.292,0.773601,-0.904827,-0.904827
3.293,0.772305,-0.844328,-0.844328
3.294,0.770979,-0.770513,-0.770513
3.295,0.769622,-0.684547,-0.684547
3.296,0.768235,-0.587785,-0.587785
3.297,0.766817,-0.481754,-0.481754
3.298,0.76537,-0.368125,-0.368125
3.299,0.763892,-0.24869,-0.24869
3.3,0.762383,-0.125333,-0.125333
3.301,0.760845,-3.17206e-11,-3.17206e-11
3.302,0.759277,0.125333,0.125333
3.303,0.757679,0.24869,0.24869
3.304,0.75605,0.368125,0.368125
3.305,0.754392,0.481754,0.481754
3.306,0.752705,0.587785,0.587785
3.307,0.750987,0.684547,0.684547
3.308,0.74924,0.770513,0.770513
3.309,0.747463,0.844328,0.844328
3.31,0.745657,0.904827,0.904827
3.311,0.743821,0.951057,0.951057
3.312,0.741956,0.982287,0.982287
3.313,0.740062,0.998027,0.998027
3.314,0.738138,0.998027,0.998027
3.315,0.736185,0.982287,0.982287
3.316,0.734204,0.951057,0.951057
3.317,0.732193,0.904827,0.904827
3.318,0.730153,0.844328,0.844328
3.319,0.728085,0.770513,0.770513
3.32,0.725988,0.684547,0.684547
3.321,0.723862,0.587785,0.587785
3.322,0.721707,0.481754,0.481754
3.323,0.719524,0.368125,0.368125
3.324,0.717313,0.24869,0.24869
3.325,0.715073,0.125333,0.125333
3.326,0.712805,3.20724e-11,3.20724e-11
3.327,0.710509,-0.125333,-0.125333
3.328,0.708185,-0.24869,-0.24869
3.329,0.705833,-0.368125,-0.368125
3.33,0.703453,-0.481754,-0.481754
3.331,0.701045,-0.587785,-0.587785
3.332,0.69861,-0.684547,-0.684547
3.333,0.696147,-0.770513,-0.770513
3.334,0.693657,-0.844328,-0.844328
3.335,0.691139,-0.904827,-0.904827
3.336,0.688594,-0.951057,-0.951057
3.337,0.686021,-0.982287,-0.982287
3.338,0.683422,-0.998027,-0.998027
3.339,0.680796,-0.998027,-0.998027
3.34,0.678142,-0.982287,-0.982287
3.341,0.675462,-0.951057,-0.951057
3.342,0.672756,-0.904827,-0.904827
3.343,0.670022,-0.844328,-0.844328
3.344,0.667263,-0.770513,-0.770513
3.345,0.664477,-0.684547,-0.684547
3.346,0.661664,-0.587785,-0.587785
3.347,0.658826,-0.481754,-0.481754
3.348,0.655962,-0.368125,-0.368125
3.349,0.653071,-0.24869,-0.24869
3.35,0.650155,-0.125333,-0.125333
3.351,0.647214,-3.24243e-11,-3.24243e-11
3.352,0.644246,0.125333,0.125333
3.353,0.641254,0.24869,0.24869
3.354,0.638236,0.368125,0.368125
3.355,0.635192,0.481754,0.481754
3.356,0.632124,0.587785,0.587785
3.357,0.629031,0.684547,0.684547
3.358,0.625913,0.770513,0.770513
3.359,0.62277,0.844328,0.844328
3.36,0.619602,0.904827,0.904827
3.361,0.616411,0.951057,0.951057
3.362,0.613194,0.982287,0.982287
3.363,0.609954,0.998027,0.998027
3.364,0.60669,0.998027,0.998027
3.365,0.603401,0.982287,0.982287
3.366,0.600089,0.951057,0.951057
3.367,0.596753,0.904827,0.904827
3.368,0.593393,0.844328,0.844328
3.369,0.59001,0.770513,0.770513
3.37,0.586604,0.684547,0.684547
3.371,0.583175,0.587785,0.587785
3.372,0.579723,0.481754,0.481754
3.373,0.576247,0.368125,0.368125
3.374,0.572749,0.24869,0.24869
3.375,0.569229,0.125333,0.125333
3.376,0.565685,3.27761e-11,3.27761e-11
3.377,0.56212,-0.125333,-0.125333
3.378,0.558532,-0.24869,-0.24869
3.379,0.554923,-0.368125,-0.368125
3.38,0.551291,-0.481754,-0.481754
3.381,0.547638,-0.587785,-0.587785
3.382,0.543963,-0.684547,-0.684547
3.383,0.540266,-0.770513,-0.770513
3.384,0.536548,-0.844328,-0.844328
3.385,0.532809,-0.904827,-0.904827
3.386,0.529049,-0.951057,-0.951057
3.387,0.525269,-0.982287,-0.982287
3.388,0.521467,-0.998027,-0.998027
3.389,0.517645,-0.998027,-0.998027
3.39,0.513802,-0.982287,-0.982287
3.391,0.509939,-0.951057,-0.951057
3.392,0.506056,-0.904827,-0.904827
3.393,0.502153,-0.844328,-0.844328
3.394,0.49823,-0.770513,-0.770513
3.395,0.494288,-0.684547,-0.684547
3.396,0.490326,-0.587785,-0.587785
3.397,0.486344,-0.481754,-0.481754
3.398,0.482344,-0.368125,-0.368125
3.399,0.478324,-0.24869,-0.24869
3.4,0.474285,-0.125333,-0.125333
3.401,0.470228,-3.31279e-11,-3.31279e-11
3.402,0.466152,0.125333,0.125333
3.403,0.462058,0.24869,0.24869
3.404,0.457946,0.368125,0.368125
3.405,0.453815,0.481754,0.481754
3.406,0.449667,0.587785,0.587785
3.407,0.4455,0.684547,0.684547
3.408,0.441317,0.770513,0.770513
3.409,0.437115,0.844328,0.844328
3.41,0.432897,0.904827,0.904827
3.411,0.428661,0.951057,0.951057
3.412,0.424409,0.982287,0.982287
3.413,0.42014,0.998027,0.998027
3.414,0.415854,0.998027,0.998027
3.415,0.411552,0.982287,0.982287
3.416,0.407233,0.951057,0.951057
3.417,0.402899,0.904827,0.904827
3.418,0.398548,0.844328,0.844328
3.419,0.394182,0.770513,0.770513
3.42,0.3898,0.684547,0.684547
3.421,0.385403,0.587785,0.587785
3.422,0.380991,0.481754,0.481754
3.423,0.376563,0.368125,0.368125
3.424,0.372121,0.24869,0.24869
3.425,0.367664,0.125333,0.125333
3.426,0.363192,3.34798e-11,3.34798e-11
3.427,0.358707,-0.125333,-0.125333
3.428,0.354207,-0.24869,-0.24869
3.429,0.349693,-0.368125,-0.368125
3.43,0.345165,-0.481754,-0.481754
3.431,0.340623,-0.587785,-0.587785
3.432,0.336069,-0.684547,-0.684547
3.433,0.3315,-0.770513,-0.770513
3.434,0.326919,-0.844328,-0.844328
3.435,0.322325,-0.904827,-0.904827
3.436,0.317718,-0.951057,-0.951057
3.437,0.313099,-0.982287,-0.982287
3.438,0.308467,-0.998027,-0.998027
3.439,0.303823,-0.998027,-0.998027
3.44,0.299167,-0.982287,-0.982287
3.441,0.2945,-0.951057,-0.951057
3.442,0.28982,-0.904827,-0.904827
3.443,0.28513,-0.844328,-0.844328
3.444,0.280427,-0.770513,-0.770513
3.445,0.275714,-0.684547,-0.684547
3.446,0.27099,-0.587785,-0.587785
3.447,0.266256,-0.481754,-0.481754
3.448,0.26151,-0.368125,-0.368125
3.449,0.256755,-0.24869,-0.24869
3.45,0.251989,-0.125333,-0.125333
3.451,0.247214,-3.38316e-11,-3.38316e-11
3.452,0.242428,0.125333,0.125333
3.453,0.237633,0.24869,0.24869
3.454,0.232829,0.368125,0.368125
3.455,0.228015,0.481754,0.481754
3.456,0.223193,0.587785,0.587785
3.457,0.218362,0.684547,0.684547
3.458,0.213522,0.770513,0.770513
3.459,0.208673,0.844328,0.844328
3.46,0.203817,0.904827,0.904827
3.461,0.198952,0.951057,0.951057
3.462,0.194079,0.982287,0.982287
3.463,0.189199,0.998027,0.998027
3.464,0.184312,0.998027,0.998027
3.465,0.179417,0.982287,0.982287
3.466,0.174515,0.951057,0.951057
3.467,0.169606,0.904827,0.904827
3.468,0.16469,0.844328,0.844328
3.469,0.159768,0.770513,0.770513
3.47,0.15484,0.684547,0.684547
3.471,0.149905,0.587785,0.587785
3.472,0.144965,0.481754,0.481754
3.473,0.140018,0.368125,0.368125
3.474,0.135067,0.24869,0.24869
3.475,0.13011,0.125333,0.125333
3.476,0.125148,3.41835e-11,3.41835e-11
3.477,0.12018,-0.125333,-0.125333
3.478,0.115209,-0.24869,-0.24869
3.479,0.110232,-0.368125,-0.368125
3.48,0.105251,-0.481754,-0.481754
3.481,0.100267,-0.587785,-0.587785
3.482,0.0952777,-0.684547,-0.684547
3.483,0.0902851,-0.770513,-0.770513
3.484,0.0852889,-0.844328,-0.844328
3.485,0.0802894,-0.904827,-0.904827
3.486,0.0752867,-0.951057,-0.951057
3.487,0.070281,-0.982287,-0.982287
3.488,0.0652725,-0.998027,-0.998027
3.489,0.0602614,-0.998027,-0.998027
3.49,0.055248,-0.982287,-0.982287
3.491,0.0502324,-0.951057,-0.951057
3.492,0.0452148,-0.904827,-0.904827
3.493,0.0401955,-0.844328,-0.844328
3.494,0.0351745,-0.770513,-0.770513
3.495,0.0301521,-0.684547,-0.684547
3.496,0.0251286,-0.587785,-0.587785
3.497,0.0201041,-0.481754,-0.481754
3.498,0.0150788,-0.368125,-0.368125
3.499,0.0100528,-0.24869,-0.24869
3.5,0.00502652,-0.125333,-0.125333
3.501,1.37914e-12,-3.44785e-11,-3.44785e-11
3.502,-0.00502652,0.125333,0.125333
3.503,-0.0100528,0.24869,0.24869
3.504,-0.0150788,0.368125,0.368125
3.505,-0.0201041,0.481754,0.481754
3.506,-0.0251286,0.587785,0.587785
3.507,-0.0301521,0.684547,0.684547
3.508,-0.0351745,0.770513,0.770513
3.509,-0.0401955,0.844328,0.844328
3.51,-0.0452148,0.904827,0.904827
3.511,-0.0502324,0.951057,0.951057
3.512,-0.055248,0.982287,0.982287
3.513,-0.0602614,0.998027,0.998027
3.514,-0.0652725,0.998027,0.998027
3.515,-0.070281,0.982287,0.982287
3.516,-0.0752867,0.951057,0.951057
3.517,-0.0802894,0.904827,0.904827
3.518,-0.0852889,0.844328,0.844328
3.519,-0.0902851,0.770513,0.770513
3.52,-0.0952777,0.684547,0.684547
3.521,-0.100267,0.587785,0.587785
3.522,-0.105251,0.481754,0.481754
3.523,-0.110232,0.368125,0.368125
3.524,-0.115209,0.24869,0.24869
3.525,-0.12018,0.125333,0.125333
3.526,-0.125148,3.48303e-11,3.48303e-11
3.527,-0.13011,-0.125333,-0.125333
3.528,-0.135067,-0.24869,-0.24869
3.529,-0.140018,-0.368125,-0.368125
3.53,-0.144965,-0.481754,-0.481754
3.531,-0.149905,-0.587785,-0.587785
3.532,-0.15484,-0.684547,-0.684547
3.533,-0.159768,-0.770513,-0.770513
3.534,-0.16469,-0.844328,-0.844328
3.535,-0.169606,-0.904827,-0.904827
3.536,-0.174515,-0.951057,-0.951057
3.537,-0.179417,-0.982287,-0.982287
3.538,-0.184312,-0.998027,-0.998027
3.539,-0.189199,-0.998027,-0.998027
3.54,-0.194079,-0.982287,-0.982287
3.541,-0.198952,-0.951057,-0.951057
3.542,-0.203817,-0.904827,-0.904827
3.543,-0.208673,-0.844328,-0.844328
3.544,-0.213522,-0.770513,-0.770513
3.545,-0.218362,-0.684547,-0.684547
3.546,-0.223193,-0.587785,-0.587785
3.547,-0.228015,-0.481754,-0.481754
3.548,-0.232829,-0.368125,-0.368125
3.549,-0.237633,-0.24869,-0.24869
3.55,-0.242428,-0.125333,-0.125333
3.551,-0.247214,-3.51821e-11,-3.51821e-11
3.552,-0.251989,0.125333,0.125333
3.553,-0.256755,0.24869,0.24869
3.554,-0.26151,0.368125,0.368125
3.555,-0.266256,0.481754,0.481754
3.556,-0.27099,0.587785,0.587785
3.557,-0.275714,0.684547,0.684547
3.558,-0.280427,0.770513,0.770513
3.559,-0.28513,0.844328,0.844328
3.56,-0.28982,0.904827,0.904827
3.561,-0.2945,0.951057,0.951057
3.562,-0.299167,0.982287,0.982287
3.563,-0.303823,0.998027,0.998027
3.564,-0.308467,0.998027,0.998027
3.565,-0.313099,0.982287,0.982287
3.566,-0.317718,0.951057,0.951057
3.567,-0.322325,0.904827,0.904827
3.568,-0.326919,0.844328,0.844328
3.569,-0.3315,0.770513,0.770513
3.57,-0.336069,0.684547,0.684547
3.571,-0.340623,0.587785,0.587785
3.572,-0.345165,0.481754,0.481754
3.573,-0.349693,0.368125,0.368125
3.574,-0.354207,0.24869,0.24869
3.575,-0.358707,0.125333,0.125333
3.576,-0.363192,3.5534e-11,3.5534e-11
3.577,-0.367664,-0.125333,-0.125333
3.578,-0.372121,-0.24869,-0.24869
3.579,-0.376563,-0.368125,-0.368125
3.58,-0.380991,-0.481754,-0.481754
3.581,-0.385403,-0.587785,-0.587785
3.582,-0.3898,-0.684547,-0.684547
3.583,-0.394182,-0.770513,-0.770513
3.584,-0.398548,-0.844328,-0.844328
3.585,-0.402899,-0.904827,-0.904827
3.586,-0.407233,-0.951057,-0.951057
3.587,-0.411552,-0.982287,-0.982287
3.588,-0.415854,-0.998027,-0.998027
3.589,-0.42014,-0.998027,-0.998027
3.59,-0.424409,-0.982287,-0.982287
3.591,-0.428661,-0.951057,-0.951057
3.592,-0.432897,-0.904827,-0.904827
3.593,-0.437115,-0.844328,-0.844328
3.594,-0.441317,-0.770513,-0.770513
3.595,-0.4455,-0.684547,-0.684547
3.596,-0.449667,-0.587785,-0.587785
3.597,-0.453815,-0.481754,-0.481754
3.598,-0.457946,-0.368125,-0.368125
3.599,-0.462058,-0.24869,-0.24869
3.6,-0.466152,-0.125333,-0.125333
3.601,-0.470228,-3.58858e-11,-3.58858e-11
3.602,-0.474285,0.125333,0.125333
3.603,-0.478324,0.24869,0.24869
3.604,-0.482344,0.368125,0.368125
3.605,-0.486344,0.481754,0.481754
3.606,-0.490326,0.587785,0.587785
3.607,-0.494288,0.684547,0.684547
3.608,-0.49823,0.770513,0.770513
3.609,-0.502153,0.844328,0.844328
3.61,-0.506056,0.904827,0.904827
3.611,-0.509939,0.951057,0.951057
3.612,-0.513802,0.982287,0.982287
3.613,-0.517645,0.998027,0.998027
3.614,-0.521467,0.998027,0.998027
3.615,-0.525269,0.982287,0.982287
3.616,-0.529049,0.951057,0.951057
3.617,-0.532809,0.904827,0.904827
3.618,-0.536548,0.844328,0.844328
3.619,-0.540266,0.770513,0.770513
3.62,-0.543963,0.684547,0.684547
3.621,-0.547638,0.587785,0.587785
3.622,-0.551291,0.481754,0.481754
3.623,-0.554923,0.368125,0.368125
3.624,-0.558532,0.24869,0.24869
3.625,-0.56212,0.125333,0.125333
3.626,-0.565685,3.62377e-11,3.62377e-11
3.627,-0.569229,-0.125333,-0.125333
3.628,-0.572749,-0.24869,-0.24869
3.629,-0.576247,-0.368125,-0.368125
3.63,-0.579723,-0.481754,-0.481754
3.631,-0.583175,-0.587785,-0.587785
3.632,-0.586604,-0.684547,-0.684547
3.633,-0.59001,-0.770513,-0.770513
3.634,-0.593393,-0.844328,-0.844328
3.635,-0.596753,-0.904827,-0.904827
3.636,-0.600089,-0.951057,-0.951057
3.637,-0.603401,-0.982287,-0.982287
3.638,-0.60669,-0.998027,-0.998027
3.639,-0.609954,-0.998027,-0.998027
3.64,-0.613194,-0.982287,-0.982287
3.641,-0.616411,-0.951057,-0.951057
3.642,-0.619602,-0.904827,-0.904827
3.643,-0.62277,-0.844328,-0.844328
3.644,-0.625913,-0.770513,-0.770513
3.645,-0.629031,-0.684547,-0.684547
3.646,-0.632124,-0.587785,-0.587785
3.647,-0.635192,-0.481754,-0.481754
3.648,-0.638236,-0.368125,-0.368125
3.649,-0.641254,-0.24869,-0.24869
3.65,-0.644246,-0.125333,-0.125333
3.651,-0.647214,-3.65895e-11,-3.65895e-11
3.652,-0.650155,0.125333,0.125333
3.653,-0.653071,0.24869,0.24869
3.654,-0.655962,0.368125,0.368125
3.655,-0.658826,0.481754,0.481754
3.656,-0.661664,0.587785,0.587785
3.657,-0.664477,0.684547,0.684547
3.658,-0.667263,0.770513,0.770513
3.659,-0.670022,0.844328,0.844328
3.66,-0.672756,0.904827,0.904827
3.661,-0.675462,0.951057,0.951057
3.662,-0.678142,0.982287,0.982287
3.663,-0.680796,0.998027,0.998027
3.664,-0.683422,0.998027,0.998027
3.665,-0.686021,0.982287,0.982287
3.666,-0.688594,0.951057,0.951057
3.667,-0.691139,0.904827,0.904827
3.668,-0.693657,0.844328,0.844328
3.669,-0.696147,0.770513,0.770513
3.67,-0.69861,0.684547,0.684547
3.671,-0.701045,0.587785,0.587785
3.672,-0.703453,0.481754,0.481754
3.673,-0.705833,0.368125,0.368125
3.674,-0.708185,0.24869,0.24869
3.675,-0.710509,0.125333,0.125333
3.676,-0.712805,3.69414e-11,3.69414e-11
3.677,-0.715073,-0.125333,-0.125333
3.678,-0.717313,-0.24869,-0.24869
3.679,-0.719524,-0.368125,-0.368125
3.68,-0.721707,-0.481754,-0.481754
3.681,-0.723862,-0.587785,-0.587785
3.682,-0.725988,-0.684547,-0.684547
3.683,-0.728085,-0.770513,-0.770513
3.684,-0.730153,-0.844328,-0.844328
3.685,-0.732193,-0.904827,-0.904827
3.686,-0.734204,-0.951057,-0.951057
3.687,-0.736185,-0.982287,-0.982287
3.688,-0.738138,-0.998027,-0.998027
3.689,-0.740062,-0.998027,-0.998027
3.69,-0.741956,-0.982287,-0.982287
3.691,-0.743821,-0.951057,-0.951057
3.692,-0.745657,-0.904827,-0.904827
3.693,-0.747463,-0.844328,-0.844328
3.694,-0.74924,-0.770513,-0.770513
3.695,-0.750987,-0.684547,-0.684547
3.696,-0.752705,-0.587785,-0.587785
3.697,-0.754392,-0.481754,-0.481754
3.698,-0.75605,-0.368125,-0.368125
3.699,-0.757679,-0.24869,-0.24869
3.7,-0.759277,-0.125333,-0.125333
3.701,-0.760845,-3.72932e-11,-3.72932e-11
3.702,-0.762383,0.125333,0.125333
3.703,-0.763892,0.24869,0.24869
3.704,-0.76537,0.368125,0.368125
3.705,-0.766817,0.481754,0.481754
3.706,-0.768235,0.587785,0.587785
3.707,-0.769622,0.684547,0.684547
3.708,-0.770979,0.770513,0.770513
3.709,-0.772305,0.844328,0.844328
3.71,-0.773601,0.904827,0.904827
3.711,-0.774867,0.951057,0.951057
3.712,-0.776101,0.982287,0.982287
3.713,-0.777305,0.998027,0.998027
3.714,-0.778479,0.998027,0.998027
3.715,-0.779621,0.982287,0.982287
3.716,-0.780733,0.951057,0.951057
3.717,-0.781814,0.904827,0.904827
3.718,-0.782865,0.844328,0.844328
3.719,-0.783884,0.770513,0.770513
3.72,-0.784872,0.684547,0.684547
3.721,-0.78583,0.587785,0.587785
3.722,-0.786756,0.481754,0.481754
3.723,-0.787651,0.368125,0.368125
3.724,-0.788516,0.24869,0.24869
3.725,-0.789349,0.125333,0.125333
3.726,-0.790151,3.7645e-11,3.7645e-11
3.727,-0.790921,-0.125333,-0.125333
3.728,-0.791661,-0.24869,-0.24869
3.729,-0.792369,-0.368125,-0.368125
3.73,-0.793046,-0.481754,-0.481754
3.731,-0.793692,-0.587785,-0.587785
3.732,-0.794306,-0.684547,-0.684547
3.733,-0.794889,-0.770513,-0.770513
3.734,-0.795441,-0.844328,-0.844328
3.735,-0.795961,-0.904827,-0.904827
3.736,-0.79645,-0.951057,-0.951057
3.737,-0.796907,-0.982287,-0.982287
3.738,-0.797333,-0.998027,-0.998027
3.739,-0.797727,-0.998027,-0.998027
3.74,-0.79809,-0.982287,-0.982287
3.741,-0.798421,-0.951057,-0.951057
3.742,-0.798721,-0.904827,-0.904827
3.743,-0.79899,-0.844328,-0.844328
3.744,-0.799226,-0.770513,-0.770513
3.745,-0.799432,-0.684547,-0.684547
3.746,-0.799605,-0.587785,-0.587785
3.747,-0.799747,-0.481754,-0.481754
3.748,-0.799858,-0.368125,-0.368125
3.749,-0.799937,-0.24869,-0.24869
3.75,-0.799984,-0.125333,-0.125333
3.751,-0.8,-3.794e-11,-3.794e-11
3.752,-0.799984,0.125333,0.125333
3.753,-0.799937,0.24869,0.24869
3.754,-0.799858,0.368125,0.368125
3.755,-0.799747,0.481754,0.481754
3.756,-0.799605,0.587785,0.587785
3.757,-0.799432,0.684547,0.684547
3.758,-0.799226,0.770513,0.770513
3.759,-0.79899,0.844328,0.844328
3.76,-0.798721,0.904827,0.904827
3.761,-0.798421,0.951057,0.951057
3.762,-0.79809,0.982287,0.982287
3.763,-0.797727,0.998027,0.998027
3.764,-0.797333,0.998027,0.998027
3.765,-0.796907,0.982287,0.982287
3.766,-0.79645,0.951057,0.951057
3.767,-0.795961,0.904827,0.904827
3.768,-0.795441,0.844328,0.844328
3.769,-0.794889,0.770513,0.770513
3.77,-0.794306,0.684547,0.684547
3.771,-0.793692,0.587785,0.587785
3.772,-0.793046,0.481754,0.481754
3.773,-0.792369,0.368125,0.368125
3.774,-0.791661,0.24869,0.24869
3.775,-0.790921,0.125333,0.125333
3.776,-0.790151,3.82919e-11,3.82919e-11
3.777,-0.789349,-0.125333,-0.125333
3.778,-0.788516,-0.24869,-0.24869
3.779,-0.787651,-0.368125,-0.368125
3.78,-0.786756,-0.481754,-0.481754
3.781,-0.78583,-0.587785,-0.587785
3.782,-0.784872,-0.684547,-0.684547
3.783,-0.783884,-0.770513,-0.770513
3.784,-0.782865,-0.844328,-0.844328
3.785,-0.781814,-0.904827,-0.904827
3.786,-0.780733,-0.951057,-0.951057
3.787,-0.779621,-0.982287,-0.982287
3.788,-0.778479,-0.998027,-0.998027
3.789,-0.777305,-0.998027,-0.998027
3.79,-0.776101,-0.982287,-0.982287
3.791,-0.774867,-0.951057,-0.951057
3.792,-0.773601,-0.904827,-0.904827
3.793,-0.772305,-0.844328,-0.844328
3.794,-0.770979,-0.770513,-0.770513
3.795,-0.769622,-0.684547,-0.684547
3.796,-0.768235,-0.587785,-0.587785
3.797,-0.766817,-0.481754,-0.481754
3.798,-0.76537,-0.368125,-0.368125
3.799,-0.763892,-0.24869,-0.24869
3.8,-0.762383,-0.125333,-0.125333
3.801,-0.760845,-3.86437e-11,-3.86437e-11
3.802,-0.759277,0.125333,0.125333
3.803,-0.757679,0.24869,0.24869
3.804,-0.75605,0.368125,0.368125
3.805,-0.754392,0.481754,0.481754
3.806,-0.752705,0.587785,0.587785
3.807,-0.750987,0.684547,0.684547
3.808,-0.74924,0.770513,0.770513
3.809,-0.747463,0.844328,0.844328
3.81,-0.745657,0.904827,0.904827
3.811,-0.743821,0.951057,0.951057
3.812,-0.741956,0.982287,0.982287
3.813,-0.740062,0.998027,0.998027
3.814,-0.738138,0.998027,0.998027
3.815,-0.736185,0.982287,0.982287
3.816,-0.734204,0.951057,0.951057
3.817,-0.732193,0.904827,0.904827
3.818,-0.730153,0.844328,0.844328
3.819,-0.728085,0.770513,0.770513
3.82,-0.725988,0.684547,0.684547
3.821,-0.723862,0.587785,0.587785
3.822,-0.721707,0.481754,0.481754
3.823,-0.719524,0.368125,0.368125
3.824,-0.717313,0.24869,0.24869
3.825,-0.715073,0.125333,0.125333
3.826,-0.712805,3.89956e-11,3.89956e-11
3.827,-0.710509,-0.125333,-0.125333
3.828,-0.708185,-0.24869,-0.24869
3.829,-0.705833,-0.368125,-0.368125
3.83,-0.703453,-0.481754,-0.481754
3.831,-0.701045,-0.587785,-0.587785
3.832,-0.69861,-0.684547,-0.684547
3.833,-0.696147,-0.770513,-0.770513
3.834,-0.693657,-0.844328,-0.844328
3.835,-0.691139,-0.904827,-0.904827
3.836,-0.688594,-0.951057,-0.951057
3.837,-0.686021,-0.982287,-0.982287
3.838,-0.683422,-0.998027,-0.998027
3.839,-0.680796,-0.998027,-0.998027
3.84,-0.678142,-0.982287,-0.982287
3.841,-0.675462,-0.951057,-0.951057
3.842,-0.672756,-0.904827,-0.904827
3.843,-0.670022,-0.844328,-0.844328
3.844,-0.667263,-0.770513,-0.770513
3.845,-0.664477,-0.684547,-0.684547
3.846,-0.661664,-0.587785,-0.587785
3.847,-0.658826,-0.481754,-0.481754
3.848,-0.655962,-0.368125,-0.368125
3.849,-0.653071,-0.24869,-0.24869
3.85,-0.650155,-0.125333,-0.125333
3.851,-0.647214,-3.93474e-11,-3.93474e-11
3.852,-0.644246,0.125333,0.125333
3.853,-0.641254,0.24869,0.24869
3.854,-0.638236,0.368125,0.368125
3.855,-0.635192,0.481754,0.481754
3.856,-0.632124,0.587785,0.587785
3.857,-0.629031,0.684547,0.684547
3.858,-0.625913,0.770513,0.770513
3.859,-0.62277,0.844328,0.844328
3.86,-0.619602,0.904827,0.904827
3.861,-0.616411,0.951057,0.951057
3.862,-0.613194,0.982287,0.982287
3.863,-0.609954,0.998027,0.998027
3.864,-0.60669,0.998027,0.998027
3.865,-0.603401,0.982287,0.982287
3.866,-0.600089,0.951057,0.951057
3.867,-0.596753,0.904827,0.904827
3.868,-0.593393,0.844328,0.844328
3.869,-0.59001,0.770513,0.770513
3.87,-0.586604,0.684547,0.684547
3.871,-0.583175,0.587785,0.587785
3.872,-0.579723,0.481754,0.481754
3.873,-0.576247,0.368125,0.368125
3.874,-0.572749,0.24869,0.24869
3.875,-0.569229,0.125333,0.125333
3.876,-0.565685,3.96992e-11,3.96992e-11
3.877,-0.56212,-0.125333,-0.125333
3.878,-0.558532,-0.24869,-0.24869
3.879,-0.554923,-0.368125,-0.368125
3.88,-0.551291,-0.481754,-0.481754
3.881,-0.547638,-0.587785,-0.587785
3.882,-0.543963,-0.684547,-0.684547
3.883,-0.540266,-0.770513,-0.770513
3.884,-0.536548,-0.844328,-0.844328
3.885,-0.532809,-0.904827,-0.904827
3.886,-0.529049,-0.951057,-0.951057
3.887,-0.525269,-0.982287,-0.982287
3.888,-0.521467,-0.998027,-0.998027
3.889,-0.517645,-0.998027,-0.998027
3.89,-0.513802,-0.982287,-0.982287
3.891,-0.509939,-0.951057,-0.951057
3.892,-0.506056,-0.904827,-0.904827
3.893,-0.502153,-0.844328,-0.844328
3.894,-0.49823,-0.770513,-0.770513
3.895,-0.494288,-0.684547,-0.684547
3.896,-0.490326,-0.587785,-0.587785
3.897,-0.486344,-0.481754,-0.481754
3.898,-0.482344,-0.368125,-0.368125
3.899,-0.478324,-0.24869,-0.24869
3.9,-0.474285,-0.125333,-0.125333
3.901,-0.470228,-4.00511e-11,-4.00511e-11
3.902,-0.466152,0.125333,0.125333
3.903,-0.462058,0.24869,0.24869
3.904,-0.457946,0.368125,0.368125
3.905,-0.453815,0.481754,0.481754
3.906,-0.449667,0.587785,0.587785
3.907,-0.4455,0.684547,0.684547
3.908,-0.441317,0.770513,0.770513
3.909,-0.437115,0.844328,0.844328
3.91,-0.432897,0.904827,0.904827
3.911,-0.428661,0.951057,0.951057
3.912,-0.424409,0.982287,0.982287
3.913,-0.42014,0.998027,0.998027
3.914,-0.415854,0.998027,0.998027
3.915,-0.411552,0.982287,0.982287
3.916,-0.407233,0.951057,0.951057
3.917,-0.402899,0.904827,0.904827
3.918,-0.398548,0.844328,0.844328
3.919,-0.394182,0.770513,0.770513
3.92,-0.3898,0.684547,0.684547
3.921,-0.385403,0.587785,0.587785
3.922,-0.380991,0.481754,0.481754
3.923,-0.376563,0.368125,0.368125
3.924,-0.372121,0.24869,0.24869
3.925,-0.367664,0.125333,0.125333
3.926,-0.363192,4.04029e-11,4.04029e-11
3.927,-0.358707,-0.125333,-0.125333
3.928,-0.354207,-0.24869,-0.24869
3.929,-0.349693,-0.368125,-0.368125
3.93,-0.345165,-0.481754,-0.481754
3.931,-0.340623,-0.587785,-0.587785
3.932,-0.336069,-0.684547,-0.684547
3.933,-0.3315,-0.770513,-0.770513
3.934,-0.326919,-0.844328,-0.844328
3.935,-0.322325,-0.904827,-0.904827
3.936,-0.317718,-0.951057,-0.951057
3.937,-0.313099,-0.982287,-0.982287
3.938,-0.308467,-0.998027,-0.998027
3.939,-0.303823,-0.998027,-0.998027
3.94,-0.299167,-0.982287,-0.982287
3.941,-0.2945,-0.951057,-0.951057
3.942,-0.28982,-0.904827,-0.904827
3.943,-0.28513,-0.844328,-0.844328
3.944,-0.280427,-0.770513,-0.770513
3.945,-0.275714,-0.684547,-0.684547
3.946,-0.27099,-0.587785,-0.587785
3.947,-0.266256,-0.481754,-0.481754
3.948,-0.26151,-0.368125,-0.368125
3.949,-0.256755,-0.24869,-0.24869
3.95,-0.251989,-0.125333,-0.125333
3.951,-0.247214,-4.07548e-11,-4.07548e-11
3.952,-0.242428,0.125333,0.125333
3.953,-0.237633,0.24869,0.24869
3.954,-0.232829,0.368125,0.368125
3.955,-0.228015,0.481754,0.481754
3.956,-0.223193,0.587785,0.587785
3.957,-0.218362,0.684547,0.684547
3.958,-0.213522,0.770513,0.770513
3.959,-0.208673,0.844328,0.844328
3.96,-0.203817,0.904827,0.904827
3.961,-0.198952,0.951057,0.951057
3.962,-0.194079,0.982287,0.982287
3.963,-0.189199,0.998027,0.998027
3.964,-0.184312,0.998027,0.998027
3.965,-0.179417,0.982287,0.982287
3.966,-0.174515,0.951057,0.951057
3.967,-0.169606,0.904827,0.904827
3.968,-0.16469,0.844328,0.844328
3.969,-0.159768,0.770513,0.770513
3.97,-0.15484,0.684547,0.684547
3.971,-0.149905,0.587785,0.587785
3.972,-0.144965,0.481754,0.481754
3.973,-0.140018,0.368125,0.368125
3.974,-0.135067,0.24869,0.24869
3.975,-0.13011,0.125333,0.125333
3.976,-0.125148,4.11066e-11,4.11066e-11
3.977,-0.12018,-0.125333,-0.125333
3.978,-0.115209,-0.24869,-0.24869
3.979,-0.110232,-0.368125,-0.368125
3.98,-0.105251,-0.481754,-0.481754
3.981,-0.100267,-0.587785,-0.587785
3.982,-0.0952777,-0.684547,-0.684547
3.983,-0.0902851,-0.770513,-0.770513
3.984,-0.0852889,-0.844328,-0.844328
3.985,-0.0802894,-0.904827,-0.904827
3.986,-0.0752867,-0.951057,-0.951057
3.987,-0.070281,-0.982287,-0.982287
3.988,-0.0652725,-0.998027,-0.998027
3.989,-0.0602614,-0.998027,-0.998027
3.99,-0.055248,-0.982287,-0.982287
3.991,-0.0502324,-0.951057,-0.951057
3.992,-0.0452148,-0.904827,-0.904827
3.993,-0.0401955,-0.844328,-0.844328
3.994,-0.0351745,-0.770513,-0.770513
3.995,-0.0301521,-0.684547,-0.684547
3.996,-0.0251286,-0.587785,-0.587785
3.997,-0.0201041,-0.481754,-0.481754
3.998,-0.0150788,-0.368125,-0.368125
3.999,-0.0100528,-0.24869,-0.24869
4,-0.00502652,-0.125333,-0.125333
4.001,-1.65777e-12,-4.14016e-11,-4.14016e-11
4.002,0.00502652,0.125333,0.125333
4.003,0.0100528,0.24869,0.24869
4.004,0.0150788,0.368125,0.368125
4.005,0.0201041,0.481754,0.481754
4.006,0.0251286,0.587785,0.587785
4.007,0.0301521,0.684547,0.684547
4.008,0.0351745,0.770513,0.770513
4.009,0.0401955,0.844328,0.844328
4.01,0.0452148,0.904827,0.904827
4.011,0.0502324,0.951057,0.951057
4.012,0.055248,0.982287,0.982287
4.013,0.0602614,0.998027,0.998027
4.014,0.0652725,0.998027,0.998027
4.015,0.070281,0.982287,0.982287
4.016,0.0752867,0.951057,0.951057
4.017,0.0802894,0.904827,0.904827
4.018,0.0852889,0.844328,0.844328
4.019,0.0902851,0.770513,0.770513
4.02,0.0952777,0.684547,0.684547
4.021,0.100267,0.587785,0.587785
4.022,0.105251,0.481754,0.481754
4.023,0.110232,0.368125,0.368125
4.024,0.115209,0.24869,0.24869
4.025,0.12018,0.125333,0.125333
4.026,0.125148,4.03892e-11,4.03892e-11
4.027,0.13011,-0.125333,-0.125333
4.028,0.135067,-0.24869,-0.24869
4.029,0.140018,-0.368125,-0.368125
4.03,0.144965,-0.481754,-0.481754
4.031,0.149905,-0.587785,-0.587785
4.032,0.15484,-0.684547,-0.684547
4.033,0.159768,-0.770513,-0.770513
4.034,0.16469,-0.844328,-0.844328
4.035,0.169606,-0.904827,-0.904827
4.036,0.174515,-0.951057,-0.951057
4.037,0.179417,-0.982287,-0.982287
4.038,0.184312,-0.998027,-0.998027
4.039,0.189199,-0.998027,-0.998027
4.04,0.194079,-0.982287,-0.982287
4.041,0.198952,-0.951057,-0.951057
4.042,0.203817,-0.904827,-0.904827
4.043,0.208673,-0.844328,-0.844328
4.044,0.213522,-0.770513,-0.770513
4.045,0.218362,-0.684547,-0.684547
4.046,0.223193,-0.587785,-0.587785
4.047,0.228015,-0.481754,-0.481754
4.048,0.232829,-0.368125,-0.368125
4.049,0.237633,-0.24869,-0.24869
4.05,0.242428,-0.125333,-0.125333
4.051,0.247214,-3.932e-11,-3.932e-11
4.052,0.251989,0.125333,0.125333
4.053,0.256755,0.24869,0.24869
4.054,0.26151,0.368125,0.368125
4.055,0.266256,0.481754,0.481754
4.056,0.27099,0.587785,0.587785
4.057,0.275714,0.684547,0.684547
4.058,0.280427,0.770513,0.770513
4.059,0.28513,0.844328,0.844328
4.06,0.28982,0.904827,0.904827
4.061,0.2945,0.951057,0.951057
4.062,0.299167,0.982287,0.982287
4.063,0.303823,0.998027,0.998027
4.064,0.308467,0.998027,0.998027
4.065,0.313099,0.982287,0.982287
4.066,0.317718,0.951057,0.951057
4.067,0.322325,0.904827,0.904827
4.068,0.326919,0.844328,0.844328
4.069,0.3315,0.770513,0.770513
4.07,0.336069,0.684547,0.684547
4.071,0.340623,0.587785,0.587785
4.072,0.345165,0.481754,0.481754
4.073,0.349693,0.368125,0.368125
4.074,0.354207,0.24869,0.24869
4.075,0.358707,0.125333,0.125333
4.076,0.363192,3.82507e-11,3.82507e-11
4.077,0.367664,-0.125333,-0.125333
4.078,0.372121,-0.24869,-0.24869
4.079,0.376563,-0.368125,-0.368125
4.08,0.380991,-0.481754,-0.481754
4.081,0.385403,-0.587785,-0.587785
4.082,0.3898,-0.684547,-0.684547
4.083,0.394182,-0.770513,-0.770513
4.084,0.398548,-0.844328,-0.844328
4.085,0.402899,-0.904827,-0.904827
4.086,0.407233,-0.951057,-0.951057
4.087,0.411552,-0.982287,-0.982287
4.088,0.415854,-0.998027,-0.998027
4.089,0.42014,-0.998027,-0.998027
4.09,0.424409,-0.982287,-0.982287
4.091,0.428661,-0.951057,-0.951057
4.092,0.432897,-0.904827,-0.904827
4.093,0.437115,-0.844328,-0.844328
4.094,0.441317,-0.770513,-0.770513
4.095,0.4455,-0.684547,-0.684547
4.096,0.449667,-0.587785,-0.587785
4.097,0.453815,-0.481754,-0.481754
4.098,0.457946,-0.368125,-0.368125
4.099,0.462058,-0.24869,-0.24869
4.1,0.466152,-0.125333,-0.125333
4.101,0.470228,-3.72383e-11,-3.72383e-11
4.102,0.474285,0.125333,0.125333
4.103,0.478324,0.24869,0.24869
4.104,0.482344,0.368125,0.368125
4.105,0.486344,0.481754,0.481754
4.106,0.490326,0.587785,0.587785
4.107,0.494288,0.684547,0.684547
4.108,0.49823,0.770513,0.770513
4.109,0.502153,0.844328,0.844328
4.11,0.506056,0.904827,0.904827
4.111,0.509939,0.951057,0.951057
4.112,0.513802,0.982287,0.982287
4.113,0.517645,0.998027,0.998027
4.114,0.521467,0.998027,0.998027
4.115,0.525269,0.982287,0.982287
4.116,0.529049,0.951057,0.951057
4.117,0.532809,0.904827,0.904827
4.118,0.536548,0.844328,0.844328
4.119,0.540266,0.770513,0.770513
4.12,0.543963,0.684547,0.684547
4.121,0.547638,0.587785,0.587785
4.122,0.551291,0.481754,0.481754
4.123,0.554923,0.368125,0.368125
4.124,0.558532,0.24869,0.24869
4.125,0.56212,0.125333,0.125333
4.126,0.565685,3.62259e-11,3.62259e-11
4.127,0.569229,-0.125333,-0.125333
4.128,0.572749,-0.24869,-0.24869
4.129,0.576247,-0.368125,-0.368125
4.13,0.579723,-0.481754,-0.481754
4.131,0.583175,-0.587785,-0.587785
4.132,0.586604,-0.684547,-0.684547
4.133,0.59001,-0.770513,-0.770513
4.134,0.593393,-0.844328,-0.844328
4.135,0.596753,-0.904827,-0.904827
4.136,0.600089,-0.951057,-0.951057
4.137,0.603401,-0.982287,-0.982287
4.138,0.60669,-0.998027,-0.998027
4.139,0.609954,-0.998027,-0.998027
4.14,0.613194,-0.982287,-0.982287
4.141,0.616411,-0.951057,-0.951057
4.142,0.619602,-0.904827,-0.904827
4.143,0.62277,-0.844328,-0.844328
4.144,0.625913,-0.770513,-0.770513
4.145,0.629031,-0.684547,-0.684547
4.146,0.632124,-0.587785,-0.587785
4.147,0.635192,-0.481754,-0.481754
4.148,0.638236,-0.368125,-0.368125
4.149,0.641254,-0.24869,-0.24869
4.15,0.644246,-0.125333,-0.125333
4.151,0.647214,-3.50998e-11,-3.50998e-11
4.152,0.650155,0.125333,0.125333
4.153,0.653071,0.24869,0.24869
4.154,0.655962,0.368125,0.368125
4.155,0.658826,0.481754,0.481754
4.156,0.661664,0.587785,0.587785
4.157,0.664477,0.684547,0.684547
4.158,0.667263,0.770513,0.770513
4.159,0.670022,0.844328,0.844328
4.16,0.672756,0.904827,0.904827
4.161,0.675462,0.951057,0.951057
4.162,0.678142,0.982287,0.982287
4.163,0.680796,0.998027,0.998027
4.164,0.683422,0.998027,0.998027
4.165,0.686021,0.982287,0.982287
4.166,0.688594,0.951057,0.951057
4.167,0.691139,0.904827,0.904827
4.168,0.693657,0.844328,0.844328
4.169,0.696147,0.770513,0.770513
4.17,0.69861,0.684547,0.684547
4.171,0.701045,0.587785,0.587785
4.172,0.703453,0.481754,0.481754
4.173,0.705833,0.368125,0.368125
4.174,0.708185,0.24869,0.24869
4.175,0.710509,0.125333,0.125333
4.176,0.712805,3.40874e-11,3.40874e-11
4.177,0.715073,-0.125333,-0.125333
4.178,0.717313,-0.24869,-0.24869
4.179,0.719524,-0.368125,-0.368125
4.18,0.721707,-0.481754,-0.481754
4.181,0.723862,-0.587785,-0.587785
4.182,0.725988,-0.684547,-0.684547
4.183,0.728085,-0.770513,-0.770513
4.184,0.730153,-0.844328,-0.844328
4.185,0.732193,-0.904827,-0.904827
4.186,0.734204,-0.951057,-0.951057
4.187,0.736185,-0.982287,-0.982287
4.188,0.738138,-0.998027,-0.998027
4.189,0.740062,-0.998027,-0.998027
4.19,0.741956,-0.982287,-0.982287
4.191,0.743821,-0.951057,-0.951057
4.192,0.745657,-0.904827,-0.904827
4.193,0.747463,-0.844328,-0.844328
4.194,0.74924,-0.770513,-0.770513
4.195,0.750987,-0.684547,-0.684547
4.196,0.752705,-0.587785,-0.587785
4.197,0.754392,-0.481754,-0.481754
4.198,0.75605,-0.368125,-0.368125
4.199,0.757679,-0.24869,-0.24869
4.2,0.759277,-0.125333,-0.125333
4.201,0.760845,-3.3075e-11,-3.3075e-11
4.202,0.762383,0.125333,0.125333
4.203,0.763892,0.24869,0.24869
4.204,0.76537,0.368125,0.368125
4.205,0.766817,0.481754,0.481754
4.206,0.768235,0.587785,0.587785
4.207,0.769622,0.684547,0.684547
4.208,0.770979,0.770513,0.770513
4.209,0.772305,0.844328,0.844328
4.21,0.773601,0.904827,0.904827
4.211,0.774867,0.951057,0.951057
4.212,0.776101,0.982287,0.982287
4.213,0.777305,0.998027,0.998027
4.214,0.778479,0.998027,0.998027
4.215,0.779621,0.982287,0.982287
4.216,0.780733,0.951057,0.951057
4.217,0.781814,0.904827,0.904827
4.218,0.782865,0.844328,0.844328
4.219,0.783884,0.770513,0.770513
4.22,0.784872,0.684547,0.684547
4.221,0.78583,0.587785,0.587785
4.222,0.786756,0.481754,0.481754
4.223,0.787651,0.368125,0.368125
4.224,0.788516,0.24869,0.24869
4.225,0.789349,0.125333,0.125333
4.226,0.790151,3.19489e-11,3.19489e-11
4.227,0.790921,-0.125333,-0.125333
4.228,0.791661,-0.24869,-0.24869
4.229,0.792369,-0.368125,-0.368125
4.23,0.793046,-0.481754,-0.481754
4.231,0.793692,-0.587785,-0.587785
4.232,0.794306,-0.684547,-0.684547
4.233,0.794889,-0.770513,-0.770513
4.234,0.795441,-0.844328,-0.844328
4.235,0.795961,-0.904827,-0.904827
4.236,0.79645,-0.951057,-0.951057
4.237,0.796907,-0.982287,-0.982287
4.238,0.797333,-0.998027,-0.998027
4.239,0.797727,-0.998027,-0.998027
4.24,0.79809,-0.982287,-0.982287
4.241,0.798421,-0.951057,-0.951057
4.242,0.798721,-0.904827,-0.904827
4.243,0.79899,-0.844328,-0.844328
4.244,0.799226,-0.770513,-0.770513
4.245,0.799432,-0.684547,-0.684547
4.246,0.799605,-0.587785,-0.587785
4.247,0.799747,-0.481754,-0.481754
4.248,0.799858,-0.368125,-0.368125
4.249,0.799937,-0.24869,-0.24869
4.25,0.799984,-0.125333,-0.125333
4.251,0.8,-3.09365e-11,-3.09365e-11
4.252,0.799984,0.125333,0.125333
4.253,0.799937,0.24869,0.24869
4.254,0.799858,0.368125,0.368125
4.255,0.799747,0.481754,0.481754
4.256,0.799605,0.587785,0.587785
4.257,0.799432,0.684547,0.684547
4.258,0.799226,0.770513,0.770513
4.259,0.79899,0.844328,0.844328
4.26,0.798721,0.904827,0.904827
4.261,0.798421,0.951057,0.951057
4.262,0.79809,0.982287,0.982287
4.263,0.797727,0.998027,0.998027
4.264,0.797333,0.998027,0.998027
4.265,0.796907,0.982287,0.982287
4.266,0.79645,0.951057,0.951057
4.267,0.795961,0.904827,0.904827
4.268,0.795441,0.844328,0.844328
4.269,0.794889,0.770513,0.770513
4.27,0.794306,0.684547,0.684547
4.271,0.793692,0.587785,0.587785
4.272,0.793046,0.481754,0.481754
4.273,0.792369,0.368125,0.368125
4.274,0.791661,0.24869,0.24869
4.275,0.790921,0.125333,0.125333
4.276,0.790151,2.99241e-11,2.99241e-11
4.277,0.789349,-0.125333,-0.125333
4.278,0.788516,-0.24869,-0.24869
4.279,0.787651,-0.368125,-0.368125
4.28,0.786756,-0.481754,-0.481754
4.281,0.78583,-0.587785,-0.587785
4.282,0.784872,-0.684547,-0.684547
4.283,0.783884,-0.770513,-0.770513
4.284,0.782865,-0.844328,-0.844328
4.285,0.781814,-0.904827,-0.904827
4.286,0.780733,-0.951057,-0.951057
4.287,0.779621,-0.982287,-0.982287
4.288,0.778479,-0.998027,-0.998027
4.289,0.777305,-0.998027,-0.998027
4.29,0.776101,-0.982287,-0.982287
4.291,0.774867,-0.951057,-0.951057
4.292,0.773601,-0.904827,-0.904827
4.293,0.772305,-0.844328,-0.844328
4.294,0.770979,-0.770513,-0.770513
4.295,0.769622,-0.684547,-0.684547
4.296,0.768235,-0.587785,-0.587785
4.297,0.766817,-0.481754,-0.481754
4.298,0.76537,-0.368125,-0.368125
4.299,0.763892,-0.24869,-0.24869
4.3,0.762383,-0.125333,-0.125333
4.301,0.760845,-2.8798e-11,-2.8798e-11
4.302,0.759277,0.125333,0.125333
4.303,0.757679,0.24869,0.24869
4.304,0.75605,0.368125,0.368125
4.305,0.754392,0.481754,0.481754
4.306,0.752705,0.587785,0.587785
4.307,0.750987,0.684547,0.684547
4.308,0.74924,0.770513,0.770513
4.309,0.747463,0.844328,0.844328
4.31,0.745657,0.904827,0.904827
4.311,0.743821,0.951057,0.951057
4.312,0.741956,0.982287,0.982287
4.313,0.740062,0.998027,0.998027
4.314,0.738138,0.998027,0.998027
4.315,0.736185,0.982287,0.982287
4.316,0.734204,0.951057,0.951057
4.317,0.732193,0.904827,0.904827
4.318,0.730153,0.844328,0.844328
4.319,0.728085,0.770513,0.770513
4.32,0.725988,0.684547,0.684547
4.321,0.723862,0.587785,0.587785
4.322,0.721707,0.481754,0.481754
4.323,0.719524,0.368125,0.368125
4.324,0.717313,0.24869,0.24869
4.325,0.715073,0.125333,0.125333
4.326,0.712805,2.77856e-11,2.77856e-11
4.327,0.710509,-0.125333,-0.125333
4.328,0.708185,-0.24869,-0.24869
4.329,0.705833,-0.368125,-0.368125
4.33,0.703453,-0.481754,-0.481754
4.331,0.701045,-0.587785,-0.587785
4.332,0.69861,-0.684547,-0.684547
4.333,0.696147,-0.770513,-0.770513
4.334,0.693657,-0.844328,-0.844328
4.335,0.691139,-0.904827,-0.904827
4.336,0.688594,-0.951057,-0.951057
4.337,0.686021,-0.982287,-0.982287
4.338,0.683422,-0.998027,-0.998027
4.339,0.680796,-0.998027,-0.998027
4.34,0.678142,-0.982287,-0.982287
4.341,0.675462,-0.951057,-0.951057
4.342,0.672756,-0.904827,-0.904827
4.343,0.670022,-0.844328,-0.844328
4.344,0.667263,-0.770513,-0.770513
4.345,0.664477,-0.684547,-0.684547
4.346,0.661664,-0.587785,-0.587785
4.347,0.658826,-0.481754,-0.481754
4.348,0.655962,-0.368125,-0.368125
4.349,0.653071,-0.24869,-0.24869
4.35,0.650155,-0.125333,-0.125333
4.351,0.647214,-2.67732e-11,-2.67732e-11
4.352,0.644246,0.125333,0.125333
4.353,0.641254,0.24869,0.24869
4.354,0.638236,0.368125,0.368125
4.355,0.635192,0.481754,0.481754
4.356,0.632124,0.587785,0.587785
4.357,0.629031,0.684547,0.684547
4.358,0.625913,0.770513,0.770513
4.359,0.62277,0.844328,0.844328
4.36,0.619602,0.904827,0.904827
4.361,0.616411,0.951057,0.951057
4.362,0.613194,0.982287,0.982287
4.363,0.609954,0.998027,0.998027
4.364,0.60669,0.998027,0.998027
4.365,0.603401,0.982287,0.982287
4.366,0.600089,0.951057,0.951057
4.367,0.596753,0.904827,0.904827
4.368,0.593393,0.844328,0.844328
4.369,0.59001,0.770513,0.770513
4.37,0.586604,0.684547,0.684547
4.371,0.583175,0.587785,0.587785
4.372,0.579723,0.481754,0.481754
4.373,0.576247,0.368125,0.368125
4.374,0.572749,0.24869,0.24869
4.375,0.569229,0.125333,0.125333
4.376,0.565685,2.56472e-11,2.56472e-11
4.377,0.56212,-0.125333,-0.125333
4.378,0.558532,-0.24869,-0.24869
4.379,0.554923,-0.368125,-0.368125
4.38,0.551291,-0.481754,-0.481754
4.381,0.547638,-0.587785,-0.587785
4.382,0.543963,-0.684547,-0.684547
4.383,0.540266,-0.770513,-0.770513
4.384,0.536548,-0.844328,-0.844328
4.385,0.532809,-0.904827,-0.904827
4.386,0.529049,-0.951057,-0.951057
4.387,0.525269,-0.982287,-0.982287
4.388,0.521467,-0.998027,-0.998027
4.389,0.517645,-0.998027,-0.998027
4.39,0.513802,-0.982287,-0.982287
4.391,0.509939,-0.951057,-0.951057
4.392,0.506056,-0.904827,-0.904827
4.393,0.502153,-0.844328,-0.844328
4.394,0.49823,-0.770513,-0.770513
4.395,0.494288,-0.684547,-0.684547
4.396,0.490326,-0.587785,-0.587785
4.397,0.486344,-0.481754,-0.481754
4.398,0.482344,-0.368125,-0.368125
4.399,0.478324,-0.24869,-0.24869
4.4,0.474285,-0.125333,-0.125333
4.401,0.470228,-2.46348e-11,-2.46348e-11
4.402,0.466152,0.125333,0.125333
4.403,0.462058,0.24869,0.24869
4.404,0.457946,0.368125,0.368125
4.405,0.453815,0.481754,0.481754
4.406,0.449667,0.587785,0.587785
4.407,0.4455,0.684547,0.684547
4.408,0.441317,0.770513,0.770513
4.409,0.437115,0.844328,0.844328
4.41,0.432897,0.904827,0.904827
4.411,0.428661,0.951057,0.951057
4.412,0.424409,0.982287,0.982287
4.413,0.42014,0.998027,0.998027
4.414,0.415854,0.998027,0.998027
4.415,0.411552,0.982287,0.982287
4.416,0.407233,0.951057,0.951057
4.417,0.402899,0.904827,0.904827
4.418,0.398548,0.844328,0.844328
4.419,0.394182,0.770513,0.770513
4.42,0.3898,0.684547,0.684547
4.421,0.385403,0.587785,0.587785
4.422,0.380991,0.481754,0.481754
4.423,0.376563,0.368125,0.368125
4.424,0.372121,0.24869,0.24869
4.425,0.367664,0.125333,0.125333
4.426,0.363192,2.36224e-11,2.36224e-11
4.427,0.358707,-0.125333,-0.125333
4.428,0.354207,-0.24869,-0.24869
4.429,0.349693,-0.368125,-0.368125
4.43,0.345165,-0.481754,-0.481754
4.431,0.340623,-0.587785,-0.587785
4.432,0.336069,-0.684547,-0.684547
4.433,0.3315,-0.770513,-0.770513
4.434,0.326919,-0.844328,-0.844328
4.435,0.322325,-0.904827,-0.904827
4.436,0.317718,-0.951057,-0.951057
4.437,0.313099,-0.982287,-0.982287
4.438,0.308467,-0.998027,-0.998027
4.439,0.303823,-0.998027,-0.998027
4.44,0.299167,-0.982287,-0.982287
4.441,0.2945,-0.951057,-0.951057
4.442,0.28982,-0.904827,-0.904827
4.443,0.28513,-0.844328,-0.844328
4.444,0.280427,-0.770513,-0.770513
4.445,0.275714,-0.684547,-0.684547
4.446,0.27099,-0.587785,-0.587785
4.447,0.266256,-0.481754,-0.481754
4.448,0.26151,-0.368125,-0.368125
4.449,0.256755,-0.24869,-0.24869
4.45,0.251989,-0.125333,-0.125333
4.451,0.247214,-2.24963e-11,-2.24963e-11
4.452,0.242428,0.125333,0.125333
4.453,0.237633,0.24869,0.24869
4.454,0.232829,0.368125,0.368125
4.455,0.228015,0.481754,0.481754
4.456,0.223193,0.587785,0.587785
4.457,0.218362,0.684547,0.684547
4.458,0.213522,0.770513,0.770513
4.459,0.208673,0.844328,0.844328
4.46,0.203817,0.904827,0.904827
4.461,0.198952,0.951057,0.951057
4.462,0.194079,0.982287,0.982287
4.463,0.189199,0.998027,0.998027
4.464,0.184312,0.998027,0.998027
4.465,0.179417,0.982287,0.982287
4.466,0.174515,0.951057,0.951057
4.467,0.169606,0.904827,0.904827
4.468,0.16469,0.844328,0.844328
4.469,0.159768,0.770513,0.770513
4.47,0.15484,0.684547,0.684547
4.471,0.149905,0.587785,0.587785
4.472,0.144965,0.481754,0.481754
4.473,0.140018,0.368125,0.368125
4.474,0.135067,0.24869,0.24869
4.475,0.13011,0.125333,0.125333
4.476,0.125148,2.14839e-11,2.14839e-11
4.477,0.12018,-0.125333,-0.125333
4.478,0.115209,-0.24869,-0.24869
4.479,0.110232,-0.368125,-0.368125
4.48,0.105251,-0.481754,-0.481754
4.481,0.100267,-0.587785,-0.587785
4.482,0.0952777,-0.684547,-0.684547
4.483,0.0902851,-0.770513,-0.770513
4.484,0.0852889,-0.844328,-0.844328
4.485,0.0802894,-0.904827,-0.904827
4.486,0.0752867,-0.951057,-0.951057
4.487,0.070281,-0.982287,-0.982287
4.488,0.0652725,-0.998027,-0.998027
4.489,0.0602614,-0.998027,-0.998027
4.49,0.055248,-0.982287,-0.982287
4.491,0.0502324,-0.951057,-0.951057
4.492,0.0452148,-0.904827,-0.904827
4.493,0.0401955,-0.844328,-0.844328
4.494,0.0351745,-0.770513,-0.770513
4.495,0.0301521,-0.684547,-0.684547
4.496,0.0251286,-0.587785,-0.587785
4.497,0.0201041,-0.481754,-0.481754
4.498,0.0150788,-0.368125,-0.368125
4.499,0.0100528,-0.24869,-0.24869
4.5,0.00502652,-0.125333,-0.125333
4.501,8.16585e-13,-2.04715e-11,-2.04715e-11
4.502,-0.00502652,0.125333,0.125333
4.503,-0.0100528,0.24869,0.24869
4.504,-0.0150788,0.368125,0.368125
4.505,-0.0201041,0.481754,0.481754
4.506,-0.0251286,0.587785,0.587785
4.507,-0.0301521,0.684547,0.684547
4.508,-0.0351745,0.770513,0.770513
4.509,-0.0401955,0.844328,0.844328
4.51,-0.0452148,0.904827,0.904827
4.511,-0.0502324,0.951057,0.951057
4.512,-0.055248,0.982287,0.982287
4.513,-0.0602614,0.998027,0.998027
4.514,-0.0652725,0.998027,0.998027
4.515,-0.070281,0.982287,0.982287
4.516,-0.0752867,0.951057,0.951057
4.517,-0.0802894,0.904827,0.904827
4.518,-0.0852889,0.844328,0.844328
4.519,-0.0902851,0.770513,0.770513
4.52,-0.0952777,0.684547,0.684547
4.521,-0.100267,0.587785,0.587785
4.522,-0.105251,0.481754,0.481754
4.523,-0.110232,0.368125,0.368125
4.524,-0.115209,0.24869,0.24869
4.525,-0.12018,0.125333,0.125333
4.526,-0.125148,1.93454e-11,1.93454e-11
4.527,-0.13011,-0.125333,-0.125333
4.528,-0.135067,-0.24869,-0.24869
4.529,-0.140018,-0.368125,-0.368125
4.53,-0.144965,-0.481754,-0.481754
4.531,-0.149905,-0.587785,-0.587785
4.532,-0.15484,-0.684547,-0.684547
4.533,-0.159768,-0.770513,-0.770513
4.534,-0.16469,-0.844328,-0.844328
4.535,-0.169606,-0.904827,-0.904827
4.536,-0.174515,-0.951057,-0.951057
4.537,-0.179417,-0.982287,-0.982287
4.538,-0.184312,-0.998027,-0.998027
4.539,-0.189199,-0.998027,-0.998027
4.54,-0.194079,-0.982287,-0.982287
4.541,-0.198952,-0.951057,-0.951057
4.542,-0.203817,-0.904827,-0.904827
4.543,-0.208673,-0.844328,-0.844328
4.544,-0.213522,-0.770513,-0.770513
4.545,-0.218362,-0.684547,-0.684547
4.546,-0.223193,-0.587785,-0.587785
4.547,-0.228015,-0.481754,-0.481754
4.548,-0.232829,-0.368125,-0.368125
4.549,-0.237633,-0.24869,-0.24869
4.55,-0.242428,-0.125333,-0.125333
4.551,-0.247214,-1.8333e-11,-1.8333e-11
4.552,-0.251989,0.125333,0.125333
4.553,-0.256755,0.24869,0.24869
4.554,-0.26151,0.368125,0.368125
4.555,-0.266256,0.481754,0.481754
4.556,-0.27099,0.587785,0.587785
4.557,-0.275714,0.684547,0.684547
4.558,-0.280427,0.770513,0.770513
4.559,-0.28513,0.844328,0.844328
4.56,-0.28982,0.904827,0.904827
4.561,-0.2945,0.951057,0.951057
4.562,-0.299167,0.982287,0.982287
4.563,-0.303823,0.998027,0.998027
4.564,-0.308467,0.998027,0.998027
4.565,-0.313099,0.982287,0.982287
4.566,-0.317718,0.951057,0.951057
4.567,-0.322325,0.904827,0.904827
4.568,-0.326919,0.844328,0.844328
4.569,-0.3315,0.770513,0.770513
4.57,-0.336069,0.684547,0.684547
4.571,-0.340623,0.587785,0.587785
4.572,-0.345165,0.481754,0.481754
4.573,-0.349693,0.368125,0.368125
4.574,-0.354207,0.24869,0.24869
4.575,-0.358707,0.125333,0.125333
4.576,-0.363192,1.73206e-11,1.73206e-11
4.577,-0.367664,-0.125333,-0.125333
4.578,-0.372121,-0.24869,-0.24869
4.579,-0.376563,-0.368125,-0.368125
4.58,-0.380991,-0.481754,-0.481754
4.581,-0.385403,-0.587785,-0.587785
4.582,-0.3898,-0.684547,-0.684547
4.583,-0.394182,-0.770513,-0.770513
4.584,-0.398548,-0.844328,-0.844328
4.585,-0.402899,-0.904827,-0.904827
4.586,-0.407233,-0.951057,-0.951057
4.587,-0.411552,-0.982287,-0.982287
4.588,-0.415854,-0.998027,-0.998027
4.589,-0.42014,-0.998027,-0.998027
4.59,-0.424409,-0.982287,-0.982287
4.591,-0.428661,-0.951057,-0.951057
4.592,-0.432897,-0.904827,-0.904827
4.593,-0.437115,-0.844328,-0.844328
4.594,-0.441317,-0.770513,-0.770513
4.595,-0.4455,-0.684547,-0.684547
4.596,-0.449667,-0.587785,-0.587785
4.597,-0.453815,-0.481754,-0.481754
4.598,-0.457946,-0.368125,-0.368125
4.599,-0.462058,-0.24869,-0.24869
4.6,-0.466152,-0.125333,-0.125333
4.601,-0.470228,-1.61945e-11,-1.61945e-11
4.602,-0.474285,0.125333,0.125333
4.603,-0.478324,0.24869,0.24869
4.604,-0.482344,0.368125,0.368125
4.605,-0.486344,0.481754,0.481754
4.606,-0.490326,0.587785,0.587785
4.607,-0.494288,0.684547,0.684547
4.608,-0.49823,0.770513,0.770513
4.609,-0.502153,0.844328,0.844328
4.61,-0.506056,0.904827,0.904827
4.611,-0.509939,0.951057,0.951057
4.612,-0.513802,0.982287,0.982287
4.613,-0.517645,0.998027,0.998027
4.614,-0.521467,0.998027,0.998027
4.615,-0.525269,0.982287,0.982287
4.616,-0.529049,0.951057,0.951057
4.617,-0.532809,0.904827,0.904827
4.618,-0.536548,0.844328,0.844328
4.619,-0.540266,0.770513,0.770513
4.62,-0.543963,0.684547,0.684547
4.621,-0.547638,0.587785,0.587785
4.622,-0.551291,0.481754,0.481754
4.623,-0.554923,0.368125,0.368125
4.624,-0.558532,0.24869,0.24869
4.625,-0.56212,0.125333,0.125333
4.626,-0.565685,1.51821e-11,1.51821e-11
4.627,-0.569229,-0.125333,-0.125333
4.628,-0.572749,-0.24869,-0.24869
4.629,-0.576247,-0.368125,-0.368125
4.63,-0.579723,-0.481754,-0.481754
4.631,-0.583175,-0.587785,-0.587785
4.632,-0.586604,-0.684547,-0.684547
4.633,-0.59001,-0.770513,-0.770513
4.634,-0.593393,-0.844328,-0.844328
4.635,-0.596753,-0.904827,-0.904827
4.636,-0.600089,-0.951057,-0.951057
4.637,-0.603401,-0.982287,-0.982287
4.638,-0.60669,-0.998027,-0.998027
4.639,-0.609954,-0.998027,-0.998027
4.64,-0.613194,-0.982287,-0.982287
4.641,-0.616411,-0.951057,-0.951057
4.642,-0.619602,-0.904827,-0.904827
4.643,-0.62277,-0.844328,-0.844328
4.644,-0.625913,-0.770513,-0.770513
4.645,-0.629031,-0.684547,-0.684547
4.646,-0.632124,-0.587785,-0.587785
4.647,-0.635192,-0.481754,-0.481754
4.648,-0.638236,-0.368125,-0.368125
4.649,-0.641254,-0.24869,-0.24869
4.65,-0.644246,-0.125333,-0.125333
4.651,-0.647214,-1.41697e-11,-1.41697e-11
4.652,-0.650155,0.125333,0.125333
4.653,-0.653071,0.24869,0.24869
4.654,-0.655962,0.368125,0.368125
4.655,-0.658826,0.481754,0.481754
4.656,-0.661664,0.587785,0.587785
4.657,-0.664477,0.684547,0.684547
4.658,-0.667263,0.770513,0.770513
4.659,-0.670022,0.844328,0.844328
4.66,-0.672756,0.904827,0.904827
4.661,-0.675462,0.951057,0.951057
4.662,-0.678142,0.982287,0.982287
4.663,-0.680796,0.998027,0.998027
4.664,-0.683422,0.998027,0.998027
4.665,-0.686021,0.982287,0.982287
4.666,-0.688594,0.951057,0.951057
4.667,-0.691139,0.904827,0.904827
4.668,-0.693657,0.844328,0.844328
4.669,-0.696147,0.770513,0.770513
4.67,-0.69861,0.684547,0.684547
4.671,-0.701045,0.587785,0.587785
4.672,-0.703453,0.481754,0.481754
4.673,-0.705833,0.368125,0.368125
4.674,-0.708185,0.24869,0.24869
4.675,-0.710509,0.125333,0.125333
4.676,-0.712805,1.31573e-11,1.31573e-11
4.677,-0.715073,-0.125333,-0.125333
4.678,-0.717313,-0.24869,-0.24869
4.679,-0.719524,-0.368125,-0.368125
4.68,-0.721707,-0.481754,-0.481754
4.681,-0.723862,-0.587785,-0.587785
4.682,-0.725988,-0.684547,-0.684547
4.683,-0.728085,-0.770513,-0.770513
4.684,-0.730153,-0.844328,-0.844328
4.685,-0.732193,-0.904827,-0.904827
4.686,-0.734204,-0.951057,-0.951057
4.687,-0.736185,-0.982287,-0.982287
4.688,-0.738138,-0.998027,-0.998027
4.689,-0.740062,-0.998027,-0.998027
4.69,-0.741956,-0.982287,-0.982287
4.691,-0.743821,-0.951057,-0.951057
4.692,-0.745657,-0.904827,-0.904827
4.693,-0.747463,-0.844328,-0.844328
4.694,-0.74924,-0.770513,-0.770513
4.695,-0.750987,-0.684547,-0.684547
4.696,-0.752705,-0.587785,-0.587785
4.697,-0.754392,-0.481754,-0.481754
4.698,-0.75605,-0.368125,-0.368125
4.699,-0.757679,-0.24869,-0.24869
4.7,-0.759277,-0.125333,-0.125333
4.701,-0.760845,-1.20312e-11,-1.20312e-11
4.702,-0.762383,0.125333,0.125333
4.703,-0.763892,0.24869,0.24869
4.704,-0.76537,0.368125,0.368125
4.705,-0.766817,0.481754,0.481754
4.706,-0.768235,0.587785,0.587785
4.707,-0.769622,0.684547,0.684547
4.708,-0.770979,0.770513,0.770513
4.709,-0.772305,0.844328,0.844328
4.71,-0.773601,0.904827,0.904827
4.711,-0.774867,0.951057,0.951057
4.712,-0.776101,0.982287,0.982287
4.713,-0.777305,0.998027,0.998027
4.714,-0.778479,0.998027,0.998027
4.715,-0.779621,0.982287,0.982287
4.716,-0.780733,0.951057,0.951057
4.717,-0.781814,0.904827,0.904827
4.718,-0.782865,0.844328,0.844328
4.719,-0.783884,0.770513,0.770513
4.72,-0.784872,0.684547,0.684547
4.721,-0.78583,0.587785,0.587785
4.722,-0.786756,0.481754,0.481754
4.723,-0.787651,0.368125,0.368125
4.724,-0.788516,0.24869,0.24869
4.725,-0.789349,0.125333,0.125333
4.726,-0.790151,1.10188e-11,1.10188e-11
4.727,-0.790921,-0.125333,-0.125333
4.728,-0.791661,-0.24869,-0.24869
4.729,-0.792369,-0.368125,-0.368125
4.73,-0.793046,-0.481754,-0.481754
4.731,-0.793692,-0.587785,-0.587785
4.732,-0.794306,-0.684547,-0.684547
4.733,-0.794889,-0.770513,-0.770513
4.734,-0.795441,-0.844328,-0.844328
4.735,-0.795961,-0.904827,-0.904827
4.736,-0.79645,-0.951057,-0.951057
4.737,-0.796907,-0.982287,-0.982287
4.738,-0.797333,-0.998027,-0.998027
4.739,-0.797727,-0.998027,-0.998027
4.74,-0.79809,-0.982287,-0.982287
4.741,-0.798421,-0.951057,-0.951057
4.742,-0.798721,-0.904827,-0.904827
4.743,-0.79899,-0.844328,-0.844328
4.744,-0.799226,-0.770513,-0.770513
4.745,-0.799432,-0.684547,-0.684547
4.746,-0.799605,-0.587785,-0.587785
4.747,-0.799747,-0.481754,-0.481754
4.748,-0.799858,-0.368125,-0.368125
4.749,-0.799937,-0.24869,-0.24869
4.75,-0.799984,-0.125333,-0.125333
4.751,-0.8,-1.00064e-11,-1.00064e-11
4.752,-0.799984,0.125333,0.125333
4.753,-0.799937,0.24869,0.24869
4.754,-0.799858,0.368125,0.368125
4.755,-0.799747,0.481754,0.481754
4.756,-0.799605,0.587785,0.587785
4.757,-0.799432,0.684547,0.684547
4.758,-0.799226,0.770513,0.770513
4.759,-0.79899,0.844328,0.844328
4.76,-0.798721,0.904827,0.904827
4.761,-0.798421,0.951057,0.951057
4.762,-0.79809,0.982287,0.982287
4.763,-0.797727,0.998027,0.998027
4.764,-0.797333,0.998027,0.998027
4.765,-0.796907,0.982287,0.982287
4.766,-0.79645,0.951057,0.951057
4.767,-0.795961,0.904827,0.904827
4.768,-0.795441,0.844328,0.844328
4.769,-0.794889,0.770513,0.770513
4.77,-0.794306,0.684547,0.684547
4.771,-0.793692,0.587785,0.587785
4.772,-0.793046,0.481754,0.481754
4.773,-0.792369,0.368125,0.368125
4.774,-0.791661,0.24869,0.24869
4.775,-0.790921,0.125333,0.125333
4.776,-0.790151,8.88031e-12,8.88031e-12
4.777,-0.789349,-0.125333,-0.125333
4.778,-0.788516,-0.24869,-0.24869
4.779,-0.787651,-0.368125,-0.368125
4.78,-0.786756,-0.481754,-0.481754
4.781,-0.78583,-0.587785,-0.587785
4.782,-0.784872,-0.684547,-0.684547
4.783,-0.783884,-0.770513,-0.770513
4.784,-0.782865,-0.844328,-0.844328
4.785,-0.781814,-0.904827,-0.904827
4.786,-0.780733,-0.951057,-0.951057
4.787,-0.779621,-0.982287,-0.982287
4.788,-0.778479,-0.998027,-0.998027
4.789,-0.777305,-0.998027,-0.998027
4.79,-0.776101,-0.982287,-0.982287
4.791,-0.774867,-0.951057,-0.951057
4.792,-0.773601,-0.904827,-0.904827
4.793,-0.772305,-0.844328,-0.844328
4.794,-0.770979,-0.770513,-0.770513
4.795,-0.769622,-0.684547,-0.684547
4.796,-0.768235,-0.587785,-0.587785
4.797,-0.766817,-0.481754,-0.481754
4.798,-0.76537,-0.368125,-0.368125
4.799,-0.763892,-0.24869,-0.24869
4.8,-0.762383,-0.125333,-0.125333
4.801,-0.760845,-7.86791e-12,-7.86791e-12
4.802,-0.759277,0.125333,0.125333
4.803,-0.757679,0.24869,0.24869
4.804,-0.75605,0.368125,0.368125
4.805,-0.754392,0.481754,0.481754
4.806,-0.752705,0.587785,0.587785
4.807,-0.750987,0.684547,0.684547
4.808,-0.74924,0.770513,0.770513
4.809,-0.747463,0.844328,0.844328
4.81,-0.745657,0.904827,0.904827
4.811,-0.743821,0.951057,0.951057
4.812,-0.741956,0.982287,0.982287
4.813,-0.740062,0.998027,0.998027
4.814,-0.738138,0.998027,0.998027
4.815,-0.736185,0.982287,0.982287
4.816,-0.734204,0.951057,0.951057
4.817,-0.732193,0.904827,0.904827
4.818,-0.730153,0.844328,0.844328
4.819,-0.728085,0.770513,0.770513
4.82,-0.725988,0.684547,0.684547
4.821,-0.723862,0.587785,0.587785
4.822,-0.721707,0.481754,0.481754
4.823,-0.719524,0.368125,0.368125
4.824,-0.717313,0.24869,0.24869
4.825,-0.715073,0.125333,0.125333
4.826,-0.712805,6.8555e-12,6.8555e-12
4.827,-0.710509,-0.125333,-0.125333
4.828,-0.708185,-0.24869,-0.24869
4.829,-0.705833,-0.368125,-0.368125
4.83,-0.703453,-0.481754,-0.481754
4.831,-0.701045,-0.587785,-0.587785
4.832,-0.69861,-0.684547,-0.684547
4.833,-0.696147,-0.770513,-0.770513
4.834,-0.693657,-0.844328,-0.844328
4.835,-0.691139,-0.904827,-0.904827
4.836,-0.688594,-0.951057,-0.951057
4.837,-0.686021,-0.982287,-0.982287
4.838,-0.683422,-0.998027,-0.998027
4.839,-0.680796,-0.998027,-0.998027
4.84,-0.678142,-0.982287,-0.982287
4.841,-0.675462,-0.951057,-0.951057
4.842,-0.672756,-0.904827,-0.904827
4.843,-0.670022,-0.844328,-0.844328
4.844,-0.667263,-0.770513,-0.770513
4.845,-0.664477,-0.684547,-0.684547
4.846,-0.661664,-0.587785,-0.587785
4.847,-0.658826,-0.481754,-0.481754
4.848,-0.655962,-0.368125,-0.368125
4.849,-0.653071,-0.24869,-0.24869
4.85,-0.650155,-0.125333,-0.125333
4.851,-0.647214,-5.72942e-12,-5.72942e-12
4.852,-0.644246,0.125333,0.125333
4.853,-0.641254,0.24869,0.24869
4.854,-0.638236,0.368125,0.368125
4.855,-0.635192,0.481754,0.481754
4.856,-0.632124,0.587785,0.587785
4.857,-0.629031,0.684547,0.684547
4.858,-0.625913,0.770513,0.770513
4.859,-0.62277,0.844328,0.844328
4.86,-0.619602,0.904827,0.904827
4.861,-0.616411,0.951057,0.951057
4.862,-0.613194,0.982287,0.982287
4.863,-0.609954,0.998027,0.998027
4.864,-0.60669,0.998027,0.998027
4.865,-0.603401,0.982287,0.982287
4.866,-0.600089,0.951057,0.951057
4.867,-0.596753,0.904827,0.904827
4.868,-0.593393,0.844328,0.844328
4.869,-0.59001,0.770513,0.770513
4.87,-0.586604,0.684547,0.684547
4.871,-0.583175,0.587785,0.587785
4.872,-0.579723,0.481754,0.481754
4.873,-0.576247,0.368125,0.368125
4.874,-0.572749,0.24869,0.24869
4.875,-0.569229,0.125333,0.125333
4.876,-0.565685,4.71702e-12,4.71702e-12
4.877,-0.56212,-0.125333,-0.125333
4.878,-0.558532,-0.24869,-0.24869
4.879,-0.554923,-0.368125,-0.368125
4.88,-0.551291,-0.481754,-0.481754
4.881,-0.547638,-0.587785,-0.587785
4.882,-0.543963,-0.684547,-0.684547
4.883,-0.540266,-0.770513,-0.770513
4.884,-0.536548,-0.844328,-0.844328
4.885,-0.532809,-0.904827,-0.904827
4.886,-0.529049,-0.951057,-0.951057
4.887,-0.525269,-0.982287,-0.982287
4.888,-0.521467,-0.998027,-0.998027
4.889,-0.517645,-0.998027,-0.998027
4.89,-0.513802,-0.982287,-0.982287
4.891,-0.509939,-0.951057,-0.951057
4.892,-0.506056,-0.904827,-0.904827
4.893,-0.502153,-0.844328,-0.844328
4.894,-0.49823,-0.770513,-0.770513
4.895,-0.494288,-0.684547,-0.684547
4.896,-0.490326,-0.587785,-0.587785
4.897,-0.486344,-0.481754,-0.481754
4.898,-0.482344,-0.368125,-0.368125
4.899,-0.478324,-0.24869,-0.24869
4.9,-0.474285,-0.125333,-0.125333
4.901,-0.470228,-3.70461e-12,-3.70461e-12
4.902,-0.466152,0.125333,0.125333
4.903,-0.462058,0.24869,0.24869
4.904,-0.457946,0.368125,0.368125
4.905,-0.453815,0.481754,0.481754
4.906,-0.449667,0.587785,0.587785
4.907,-0.4455,0.684547,0.684547
4.908,-0.441317,0.770513,0.770513
4.909,-0.437115,0.844328,0.844328
4.91,-0.432897,0.904827,0.904827
4.911,-0.428661,0.951057,0.951057
4.912,-0.424409,0.982287,0.982287
4.913,-0.42014,0.998027,0.998027
4.914,-0.415854,0.998027,0.998027
4.915,-0.411552,0.982287,0.982287
4.916,-0.407233,0.951057,0.951057
4.917,-0.402899,0.904827,0.904827
4.918,-0.398548,0.844328,0.844328
4.919,-0.394182,0.770513,0.770513
4.92,-0.3898,0.684547,0.684547
4.921,-0.385403,0.587785,0.587785
4.922,-0.380991,0.481754,0.481754
4.923,-0.376563,0.368125,0.368125
4.924,-0.372121,0.24869,0.24869
4.925,-0.367664,0.125333,0.125333
4.926,-0.363192,2.57853e-12,2.57853e-12
4.927,-0.358707,-0.125333,-0.125333
4.928,-0.354207,-0.24869,-0.24869
4.929,-0.349693,-0.368125,-0.368125
4.93,-0.345165,-0.481754,-0.481754
4.931,-0.340623,-0.587785,-0.587785
4.932,-0.336069,-0.684547,-0.684547
4.933,-0.3315,-0.770513,-0.770513
4.934,-0.326919,-0.844328,-0.844328
4.935,-0.322325,-0.904827,-0.904827
4.936,-0.317718,-0.951057,-0.951057
4.937,-0.313099,-0.982287,-0.982287
4.938,-0.308467,-0.998027,-0.998027
4.939,-0.303823,-0.998027,-0.998027
4.94,-0.299167,-0.982287,-0.982287
4.941,-0.2945,-0.951057,-0.951057
4.942,-0.28982,-0.904827,-0.904827
4.943,-0.28513,-0.844328,-0.844328
4.944,-0.280427,-0.770513,-0.770513
4.945,-0.275714,-0.684547,-0.684547
4.946,-0.27099,-0.587785,-0.587785
4.947,-0.266256,-0.481754,-0.481754
4.948,-0.26151,-0.368125,-0.368125
4.949,-0.256755,-0.24869,-0.24869
4.95,-0.251989,-0.125333,-0.125333
4.951,-0.247214,-1.56613e-12,-1.56613e-12
4.952,-0.242428,0.125333,0.125333
4.953,-0.237633,0.24869,0.24869
4.954,-0.232829,0.368125,0.368125
4.955,-0.228015,0.481754,0.481754
4.956,-0.223193,0.587785,0.587785
4.957,-0.218362,0.684547,0.684547
4.958,-0.213522,0.770513,0.770513
4.959,-0.208673,0.844328,0.844328
4.96,-0.203817,0.904827,0.904827
4.961,-0.198952,0.951057,0.951057
4.962,-0.194079,0.982287,0.982287
4.963,-0.189199,0.998027,0.998027
4.964,-0.184312,0.998027,0.998027
4.965,-0.179417,0.982287,0.982287
4.966,-0.174515,0.951057,0.951057
4.967,-0.169606,0.904827,0.904827
4.968,-0.16469,0.844328,0.844328
4.969,-0.159768,0.770513,0.770513
4.97,-0.15484,0.684547,0.684547
4.971,-0.149905,0.587785,0.587785
4.972,-0.144965,0.481754,0.481754
4.973,-0.140018,0.368125,0.368125
4.974,-0.135067,0.24869,0.24869
4.975,-0.13011,0.125333,0.125333
4.976,-0.125148,5.53725e-13,5.53725e-13
4.977,-0.12018,-0.125333,-0.125333
4.978,-0.115209,-0.24869,-0.24869
4.979,-0.110232,-0.368125,-0.368125
4.98,-0.105251,-0.481754,-0.481754
4.981,-0.100267,-0.587785,-0.587785
4.982,-0.0952777,-0.684547,-0.684547
4.983,-0.0902851,-0.770513,-0.770513
4.984,-0.0852889,-0.844328,-0.844328
4.985,-0.0802894,-0.904827,-0.904827
4.986,-0.0752867,-0.951057,-0.951057
4.987,-0.070281,-0.982287,-0.982287
4.988,-0.0652725,-0.998027,-0.998027
4.989,-0.0602614,-0.998027,-0.998027
4.99,-0.055248,-0.982287,-0.982287
4.991,-0.0502324,-0.951057,-0.951057
4.992,-0.0452148,-0.904827,-0.904827
4.993,-0.0401955,-0.844328,-0.844328
4.994,-0.0351745,-0.770513,-0.770513
4.995,-0.0301521,-0.684547,-0.684547
4.996,-0.0251286,-0.587785,-0.587785
4.997,-0.0201041,-0.481754,-0.481754
4.998,-0.0150788,-0.368125,-0.368125
4.999,-0.0100528,-0.24869,-0.24869
